,Q03,Q21,Q24,Q27,Q28,Q29,Q30,Q32,Q34,Q67,Q74,Q79,Q36,Q38,Q40,Q42,Q44,Q48,Q49
2015,NA,NA,NA,NA,NA,NA,NA,NA,NA,NA,NA,NA,NA,NA,NA,NA,NA,0.782190344,NA
2014,0.885532906,NA,NA,0.90642807,0.769655828,NA,NA,NA,0.86581866,NA,NA,1.054948365,0.553491219,NA,NA,NA,NA,1.289470685,1.004738288
2013,0.974963013,NA,NA,0.627087036,1.024470023,NA,NA,NA,0.88529365,NA,NA,1.35949527,0.794332724,NA,NA,NA,NA,0.958517698,0.710434916
2012,1.053831753,NA,NA,1.121442244,1.018237338,NA,NA,NA,0.871137855,NA,NA,1.915965617,0.942101654,NA,NA,NA,NA,1.281619189,0.915143569
2011,0.821545414,NA,NA,0.582774091,0.59923638,NA,NA,NA,1.100977009,NA,NA,0.692901316,0.982964005,0.809772445,0.766110034,0.671895083,0.667377166,0.856994668,0.654218291
2010,0.948791456,0.965061258,0.964791679,0.926055363,0.936552394,0.7652467,0.957619644,0.493250233,1.153783673,0.939270873,0.864787931,0.776460392,1.224054499,1.058367595,0.823175141,0.874155333,0.969891201,1.037090094,0.786313755
2009,1.026330367,1.11746984,1.16246354,0.781064476,0.961281655,0.995581232,1.079450174,0.890204845,0.87708624,0.929246674,0.984641753,0.698594318,1.258735137,0.940829969,1.110119549,0.870188086,0.982820216,0.928834966,0.912260871
2008,1.18132709,0.891511429,0.862363051,0.795472189,1.071266296,0.848171208,0.916721381,1.0503113,1.030674056,0.876828249,0.954568733,0.789359776,0.950046633,0.771704477,1.00450789,0.726126782,0.935622277,0.834526295,0.869094612
2007,0.797529135,0.9858276,1.02889868,0.97697916,1.02288092,0.966471538,0.935780549,0.886264414,0.914344463,0.973531135,1.03359273,0.779599193,0.824906932,1.004575596,0.934676101,0.971921279,0.930513487,0.757710149,0.99432712
2006,1.041450227,1.266893591,1.250949346,1.216699161,1.365931183,0.962690139,1.024425006,1.37145066,1.065786494,1.093972984,1.048516789,0.979946505,0.962289189,1.04092526,1.216809723,1.432266804,1.09204781,0.76028911,0.918288226
2005,1.021063247,0.98963714,1.282193522,0.992549683,1.217533984,0.971031049,1.078537238,1.421335267,1.124472502,0.814715504,1.067738138,0.897787446,1.019917891,1.107132295,1.19123089,0.97439832,1.292329089,0.670108001,1.023646424
2004,1.19840954,1.299829677,0.907691401,1.121955245,1.080328112,1.209178994,1.013139324,1.198372463,1.108023309,1.03913626,1.287866706,0.663257462,1.082823963,1.093649993,0.939811907,1.015566823,1.36315836,0.747109446,1.087977842
2003,1.062666658,1.102402032,1.060558189,1.046069692,1.07744468,1.086976688,1.216480808,0.920654474,0.910635949,1.014534571,1.159182353,0.83656856,1.028817143,1.007350843,1.103532794,1.175667956,1.03590785,0.885322043,1.278774276
2002,1.069184829,1.361907859,0.931366813,1.676660229,0.938470676,1.143956202,1.277808263,0.933642817,1.165243999,1.2599906,1.197058153,1.001847673,1.024053528,1.221036513,1.227195969,1.276570794,1.264823613,1.09730031,1.194184569
2001,1.287753452,1.445106945,0.88895845,1.60951521,1.047726258,1.166969806,1.577551967,1.098033592,1.202067463,1.374534253,1.230789472,1.232316331,1.146785215,1.092098314,1.318004981,1.45119126,1.264195321,1.16616021,1.312090522
2000,1.154740254,1.101993499,0.867059576,0.899263256,1.012601576,1.482622933,1.12374951,0.836709791,1.119496561,1.120208052,1.185320084,1.013180894,1.218421312,1.24051003,1.109029568,0.735576331,1.128726834,1.300777768,1.320600426
1999,0.89495199,0.762047459,0.857135561,0.341492791,0.888345474,1.388413145,0.609428398,1.205747543,0.780060716,0.830749839,0.70025742,0.571742875,0.861472545,0.896701105,0.83155836,0.540782408,0.690771885,1.120260813,0.987062364
1998,1.352661761,1.12752417,0.953731743,1.148328476,1.018816987,1.322395013,1.02192879,1.010835936,1.218367003,1.370591314,1.450824109,0.737963572,0.85932931,1.211192109,0.90552153,0.94986916,0.823392448,1.383428631,1.541559431
1997,1.1412321,0.938393197,1.063641692,0.701165892,0.918282047,0.54650405,0.823540275,1.059095399,0.949394919,0.860395687,0.749830439,0.681456932,0.843567068,0.765368179,0.700488496,0.647448605,0.684264385,0.970980713,0.922998072
1996,0.966256197,1.125658356,0.934369788,1.147512496,1.266463327,1.065186389,1.079696373,0.925814805,1.243441375,1.036702935,1.274796248,1.181772226,0.917132781,1.265707471,0.874310631,0.920222549,1.065415181,1.150107943,1.223411878
1995,0.882087072,0.940370949,1.076569188,0.99582843,0.957831265,1.003421478,0.898074627,0.743889699,0.885176558,0.930029085,0.705922035,0.844069884,0.978618744,0.931720264,0.846623508,0.859931022,1.057632216,1.093605697,0.773412988
1994,1.330423167,1.076457926,1.020105269,1.100278266,1.266034895,1.244945987,1.260536559,1.460570874,1.102769108,1.501419343,1.20532008,1.782927511,1.213108479,1.172660903,1.306683106,1.548743828,1.227975001,1.504912783,1.314409
1993,0.850391231,0.532368367,0.787167899,0.775162604,0.693652681,0.832082547,0.846377528,0.807340044,1.019884807,0.755430562,0.613872255,1.009141728,0.764359005,0.933409229,1.050121975,1.055552758,0.822170187,0.787470584,0.825422466
1992,1.147282916,0.758820297,0.974619521,1.127107206,1.022795862,1.317321417,1.013477009,1.319738197,1.550408938,1.205421667,1.42833229,1.034285276,1.131133754,1.023638647,1.066912059,1.100314695,1.161756372,1.156015464,1.298723494
1991,0.709191161,0.525848255,0.868185964,0.717667525,0.658542253,0.483921139,0.722202556,0.902733033,0.617179076,0.899904814,0.593027649,0.78688559,0.666866342,0.829950601,0.849248334,0.754144204,0.65292896,0.967329967,0.611196212
1990,1.316708064,0.993733755,1.062927999,1.113400903,1.357513667,1.268634806,1.211264839,1.194018309,0.990724789,1.474818068,1.096838722,1.301849776,1.286854277,1.202576711,1.256012407,1.547591837,1.124161652,1.247481811,1.114292308
1989,0.900708856,0.658212649,0.684810112,0.699071803,0.638261505,0.75563245,0.923325226,0.950631945,0.615913035,0.978044483,0.594267328,0.807590119,0.823902274,0.806103628,0.75703146,0.968521118,0.671721363,0.84682482,0.738876908
1988,1.019650465,1.066958999,1.093552762,0.899672523,1.010915151,0.875035454,1.04479359,1.015886168,0.937725208,0.992137903,0.983020898,0.985904234,0.938568038,0.864001133,1.346959811,1.184801333,1.017269173,0.823564314,0.866693617
1987,1.117188921,1.329896393,1.266941775,1.005337284,1.29140505,0.971913507,1.170934352,1.048116707,1.203184233,1.104900499,1.080077022,1.673051384,1.06039501,1.255055289,1.470587331,1.252526946,1.234364708,1.08249977,1.046639427
1986,0.937261368,1.006297381,1.252099622,0.74511379,0.802211966,0.851395319,0.976561925,0.597565471,1.013178623,0.979557859,0.682748314,1.462523021,1.066043838,1.130462701,0.912360896,0.753612629,0.884158363,0.937094631,0.917381943
1985,0.802053444,1.075804176,1.111261939,1.076177199,1.164443327,1.191453611,1.002160955,1.471608687,0.685481466,0.93211725,0.882593392,0.944360306,1.09876772,1.170296157,1.102896265,0.873684575,0.888437937,0.992782203,0.99621869
1984,0.947895521,0.901001993,0.9598249,0.944266517,1.01210732,0.805877897,0.886429116,1.237280093,1.096624553,0.897101175,0.686385893,0.914869214,1.321554313,0.957836804,1.129064482,0.866359784,0.812002911,1.069849701,1.028430078
1983,0.759471793,0.925520617,1.123650814,0.988013754,0.971058481,0.551165881,0.849689492,0.855069072,1.168092627,0.826811033,0.876604189,0.938884001,1.136185067,1.018071244,0.782159648,0.941007247,0.848969202,0.820877312,1.024235409
1982,0.606574551,0.75506875,0.791301337,0.689779331,0.777224774,1.067808693,0.536284358,1.047075748,0.831035177,0.80741398,0.749614695,0.834147581,0.75688022,0.62188253,0.80612277,0.747767619,0.814546972,0.750532945,0.703971343
1981,1.005606832,1.25505149,1.164925419,1.013636274,1.186951138,0.876823072,1.113573729,1.185532907,1.15345003,0.846990419,1.087124697,0.972672143,1.144087292,1.212968435,1.024055324,1.015231981,1.31430763,1.08363982,0.998289118
1980,0.963447075,1.052099852,1.057687888,1.078387763,1.036835215,0.950077496,0.898222685,1.139630485,0.899169446,0.826284973,0.807225742,0.972723808,0.803718843,0.91924614,0.980017606,0.802002824,1.025412568,0.983138335,0.825590667
1979,0.868833342,0.994203755,0.934279219,0.921501382,0.846942525,0.89148154,0.865625768,0.832362556,0.681589289,0.710134022,0.888594872,1.090516203,0.764248599,0.945212697,0.972734134,0.927277915,1.076455561,0.812295894,0.754541651
1978,0.948617268,1.123785772,1.058824634,0.998568148,0.973718376,1.02894918,0.919892044,1.034167158,1.033085412,0.855690516,0.867311992,1.124070323,0.953407655,1.024290856,0.831352462,0.862216315,1.205479168,0.999382566,1.019096136
1977,1.218654957,1.288439539,1.255085938,1.169057313,1.144786292,1.283771371,1.398644154,1.008699124,1.244952929,1.314969435,0.996416679,1.136208477,1.672885473,1.115880952,1.158644813,1.211704942,1.392131806,1.357931189,1.386912972
1976,0.878117584,1.108159781,0.962203921,0.779253076,0.808101725,0.901561967,0.886143046,0.939272943,1.003109961,0.891132553,0.665652569,0.805084715,1.203991808,0.807078686,0.950213,0.787817391,0.920864575,0.96627013,0.7991776
1975,1.244616981,1.244763662,0.943716941,1.212787701,1.127494176,1.026780986,0.9969216,1.276360646,0.971690385,1.01369163,0.925455524,0.852736297,1.002595666,0.889966133,0.869914541,1.126865272,0.867477538,0.810345281,0.844539975
1974,0.700881386,0.591203532,0.817326593,0.643631596,0.66906786,0.615435281,0.569692284,0.465228909,0.539453755,0.804889438,0.598465632,0.586553095,0.603930546,0.551875033,0.697423811,0.586868994,0.686235683,0.639049801,0.474130442
1973,1.067541694,1.192427976,0.979627126,1.084114724,1.016299939,1.319210246,1.204805716,1.20257758,0.921898478,1.117303139,1.031574923,1.135667077,1.43624013,0.918553322,0.964791474,1.200847986,1.203549885,0.960549514,1.002767237
1972,0.837613288,0.743805356,0.749206066,0.799630306,0.784487987,0.844279775,0.669324743,0.626125897,0.918575968,0.783999854,0.662536395,0.462421121,1.221025073,0.752750199,0.5847918,0.524371201,0.867519922,0.692273702,0.620135255
1971,0.974465686,0.977987708,0.984305817,1.119083128,1.009075854,1.273852038,0.931507907,1.135021179,0.981695773,0.955358145,1.003112662,0.601303313,0.61636252,0.861989409,0.86322035,0.975834693,0.932743678,0.990315249,0.971329049
1970,1.091697819,1.095749661,1.079646043,1.090807652,1.162982654,1.078963131,1.202670706,1.146309615,0.994564069,0.9740465,1.088493195,1.034368347,0.969583682,1.078814852,0.970483384,1.449373892,1.075461334,0.996341374,1.099743211
1969,0.901625554,0.797811604,0.956685036,0.840574384,0.797201654,0.803254693,0.942132726,0.649707861,0.936387115,0.85501681,0.778864421,0.727919585,0.842195127,0.97868356,0.811851248,0.86468205,0.877699349,0.904090637,0.846345003
1968,0.963704613,1.131898882,1.016421434,0.921281404,0.946228216,1.047989803,1.188401009,0.984892997,1.053107958,0.835956529,1.191113246,1.081177005,1.046743502,1.177476745,0.994543939,1.587810994,1.142072004,0.975331226,1.087907813
1967,1.254017433,1.29789811,1.08111355,1.238186059,1.1902489,0.918223481,1.314509644,0.979596166,1.229410514,1.240350271,1.287084078,1.322437737,1.049904995,0.920273352,1.168447286,1.54775292,0.965861516,1.340231773,1.169317245
1966,0.919982762,0.876543556,1.009556212,0.949665415,0.920630174,1.131886415,1.04494999,0.869470977,1.109515762,0.961438773,0.979148187,1.339232159,1.145230545,0.98096257,1.046884609,1.045722917,0.95729243,1.168939724,1.021907116
1965,1.026514963,1.064745383,1.170196471,1.144362743,1.174584104,1.154823997,1.223546704,0.97701359,0.932772828,1.201045445,1.165180494,0.761496634,0.946913598,0.910015506,0.988768014,0.944457175,0.858077315,1.20118114,1.20246824
1964,1.058576298,0.759955141,0.960312511,0.890091689,1.100640637,0.905476106,0.947746048,0.651977703,0.920698923,0.841834817,0.838970388,0.795694516,0.775937264,0.979190191,0.853992923,0.944221851,0.815143879,0.920514807,0.796731029
1963,0.931723326,0.916330769,0.951971237,0.854545389,0.952092599,0.842708067,1.104258853,0.786802986,0.971148019,0.980399956,1.077525451,1.161030673,0.979498244,1.071269438,1.040054201,1.017304168,1.113090786,1.027894427,1.040133971
1962,0.880051227,0.703548324,0.889981252,0.833919471,0.829785341,0.839873917,0.611017593,0.857307011,0.995618793,1.013225129,0.927703355,1.095791589,0.868393286,0.90803072,1.091329091,0.880516547,0.985839646,0.957203286,0.962738317
1961,0.949918337,0.814457098,0.910909694,1.050387623,0.940609433,1.062508037,1.105665706,0.666309797,1.181206442,1.077798062,1.239565889,1.199894601,0.727172566,1.009083353,0.963310541,0.777760083,1.31140241,1.269664825,1.475732556
1960,0.971802137,0.950308696,0.953437627,0.984103904,0.974161899,1.322608554,1.112217241,0.879727053,1.260612109,1.136729897,1.19313931,1.673449268,0.952807588,1.313819418,0.864381105,0.822367448,1.404020131,1.530520436,1.112536253
1959,0.91401027,0.714907101,0.921380939,0.953508079,0.755427486,1.108326343,0.764761665,1.230227559,0.870071406,0.882066151,1.109717223,0.884315627,0.71107054,0.891962435,0.736301033,0.854793501,1.033313025,0.966567004,0.790143564
1958,1.181466028,1.457779925,1.223705156,1.104098995,1.387981803,1.044605829,1.207326881,1.224407818,0.925048229,1.300201792,1.686372242,1.50708114,0.962434067,1.152874665,1.296345238,1.336836165,1.557436815,1.223282175,1.272685362
1957,0.868341041,1.030290147,1.140851655,0.857461631,0.992369264,0.981423008,0.810805379,0.924452869,0.748288269,0.969721239,1.080901834,1.348469963,0.914634341,0.876275882,1.070301498,0.969664608,0.523592202,0.957351691,0.830275833
1956,0.842287975,0.67072494,0.892153333,0.915596248,1.045445972,0.682135902,0.632643806,1.05489317,0.704065618,0.825143546,0.823652619,0.636895871,0.723742067,0.878168839,0.834571256,0.930776416,0.647653609,0.79284497,0.610734871
1955,1.087939365,1.0559833,0.863537302,0.858808033,1.116337945,0.909067522,0.966101107,1.140062773,1.044649681,1.078686178,0.925401038,1.084807747,1.05286365,0.863191438,1.237430759,0.975119273,1.002455743,0.845962707,0.953896339
1954,0.933877602,0.758844973,0.846088264,0.846860892,0.809115123,0.840976229,0.746268603,0.942161036,0.948436567,1.048210496,0.858738854,0.394341257,0.818146862,0.921957982,0.707532162,0.853983863,0.874292717,0.702642884,0.82021126
1953,0.988137786,0.846460037,1.05479147,0.984455242,0.881333697,1.015248597,1.167005866,1.149703012,1.12384508,1.000921171,1.058916592,0.832825191,0.953979107,1.142313035,0.994154949,0.638241349,1.066004921,0.952685729,1.20342753
1952,1.247910862,1.104450691,1.169770774,1.374123754,1.215321918,1.244156769,1.471473472,1.198068208,1.313464594,1.060826482,1.422797197,1.164898197,0.959342419,1.194352139,1.01129124,1.064145326,1.140621189,1.13017105,1.421450992
1951,1.229376068,1.219402055,1.152527993,1.594246918,1.309550687,1.085775015,1.277812367,1.023113425,1.165330945,1.127504229,1.276727674,1.098833626,1.113464095,1.154120103,1.100550259,1.311367554,1.141727899,1.058298727,1.664738984
1950,1.249672888,1.120117443,1.006634579,1.639481836,1.202243412,0.937693271,1.248365687,0.997405484,0.990233671,1.003143882,0.969837547,1.064103842,1.117968097,1.033206825,1.040101828,1.081102335,0.7663237,0.758638289,1.117995894
1949,0.933961961,0.900005706,1.0079328,1.242610948,0.991867448,0.545251957,0.859215501,1.022647306,0.824751855,0.98961562,1.031544214,1.251205186,1.46749934,0.991783987,0.976927909,0.757967665,1.026120324,0.900597052,0.780141195
1948,1.104604341,1.198322193,1.132079787,1.498477279,1.066865816,1.23584256,1.325889447,0.93632487,1.189047386,1.074646842,1.347544246,1.271936912,1.186717156,1.109799979,1.231726033,1.320567786,1.155488129,1.002741899,1.078615597
1947,0.951166665,1.036906684,1.053936816,0.640210585,0.876808266,0.541061938,0.798539072,1.013169601,0.90259373,0.841533505,0.887413096,1.069173383,0.958617412,1.027921474,1.009226641,0.7458385,0.835951513,0.821491403,0.894784878
1946,0.949622428,0.820927783,0.887133709,0.704803873,0.715981789,0.920850268,0.674073037,0.755686796,0.919075217,0.800935686,0.800905144,0.527540024,0.841892261,0.704057114,0.840630947,0.692249722,0.819068776,0.911991929,0.780708658
1945,1.063142861,1.262784563,1.149673997,1.040644485,0.936567613,1.160305036,0.969381401,0.874682472,1.134307458,1.098152925,1.317584143,1.080624203,0.968892903,1.181245427,1.347389127,0.931248728,1.043981485,1.289397125,1.207115345
1944,0.814656802,1.165345821,1.087657822,0.909065278,0.910107586,1.097211867,1.04111763,0.904627072,0.821652454,0.83752362,1.091019926,1.095282287,1.179302655,1.217493656,1.300586185,0.865781981,1.083714281,1.279049531,0.994017389
1943,0.944181235,0.93100235,1.094841706,1.063016604,0.894763527,0.868102753,0.888996013,0.958082152,1.063630247,1.048447719,0.95793569,0.870676989,0.938890786,0.98332144,0.716728494,0.884315712,0.896022357,1.030921051,0.824601663
1942,1.03719094,1.032678981,0.926876649,1.239218697,1.149266145,1.331894909,1.456489295,1.150361857,1.216077808,1.096666004,0.928513144,1.266236677,1.111092935,1.03386704,1.42556394,1.135398312,0.997912236,1.302898956,0.932807557
1941,1.09446363,1.160004791,1.244339544,0.759165904,1.17131149,1.300571733,1.263013561,1.36968226,1.018033822,1.181733533,1.399267446,0.866813949,0.945863506,1.072400578,1.327938608,1.27493656,1.201932212,1.03232855,1.175443358
1940,0.891240186,1.077373823,1.004006085,0.978410482,1.141163806,1.25465143,1.028421592,1.14729332,1.186373811,1.10894918,1.56847974,1.127671889,0.949696857,1.174930123,1.119482176,1.499306934,1.263880378,1.112606809,0.981537659
1939,1.191871634,1.167725258,0.958820361,1.04482736,1.275381412,1.403623793,1.180089066,1.298714971,1.171610438,1.033964751,0.582102325,1.312437263,1.263258529,1.029002842,1.001386328,0.842318349,0.90344713,1.03683951,0.985986685
1938,1.22225379,1.041628737,0.758335435,0.956890362,1.145440354,0.790368523,1.184389205,1.102604862,1.011840921,0.980852047,1.190161871,0.797323314,1.060240156,0.962978157,1.108326855,1.15178401,0.892738029,0.871282984,1.084809078
1937,0.934356516,0.905155165,0.842410247,1.003503206,0.926722429,1.061044248,0.680222551,0.855488191,1.056781059,0.955305924,0.986700683,0.879442244,1.262014388,0.908857167,0.944156989,0.759602444,1.001914168,0.956201779,0.952326251
1936,1.168019073,1.322593299,1.049002856,1.148948097,1.286359564,0.954857782,1.195195682,0.930691348,0.960201631,1.25012985,0.987853864,1.017604773,1.379046234,1.141549974,0.929966198,1.129925699,0.964591427,0.96150451,1.106668808
1935,1.21979033,1.171942631,0.940727278,1.275482788,1.592444179,1.101464204,1.266136656,1.353321895,1.181390578,1.260802087,1.130187489,1.182742169,0.87537356,1.186844286,1.173099629,1.069418109,0.862459739,0.960590945,1.028212914
1934,0.983780818,0.897613474,1.025559614,0.462585908,0.903185723,0.621449217,0.945726803,0.658952878,0.923216476,1.203917026,0.787312409,1.007579097,0.95718118,0.92194314,1.164084942,0.979180656,0.92788163,1.113031736,0.834173254
1933,1.127712344,0.886648218,1.136703193,0.988979781,0.796720917,0.760739934,0.850997204,1.017059003,0.938798512,1.251736971,0.724175817,0.823486883,0.873671806,0.872194738,1.062088796,0.852353122,0.840290784,0.445521041,0.78776111
1932,0.946885975,0.920290106,0.954869696,0.773071405,0.73015646,0.766674216,1.019848386,0.864455144,0.944021696,0.890460485,0.811779471,0.711582983,0.852443556,0.985070272,0.927150629,0.911121219,0.894229783,0.730646377,0.990033167
1931,0.937739072,1.085836056,0.908409877,0.930531369,0.887864625,1.318736928,0.925989906,0.906378467,0.780397657,1.115985855,0.959242672,1.16805402,0.853097658,0.952256318,0.98621948,1.098757246,0.998183979,1.03227624,0.906744373
1930,0.982383526,1.252392067,0.857855645,1.101300002,0.898616562,1.189173672,0.860146869,0.918038926,1.107109154,0.847732736,0.827510349,1.031198787,0.973392621,1.051367932,0.94356863,1.060856909,1.075907041,1.204709893,0.933498464
1929,0.835132096,1.078007752,0.997844709,0.908518826,0.84576539,0.823839783,0.818430866,0.963290469,0.99729007,1.041597095,0.818688397,0.794440287,0.805074362,0.800398148,0.839654637,1.003167934,0.897784882,0.880106023,1.033222041
1928,0.8445052,0.905660988,0.816548934,0.885650731,0.865899936,0.847335121,0.890783762,0.937960186,1.01437432,0.652791989,0.80957906,0.789735677,NA,0.924072527,0.907142004,0.902145203,0.940263281,1.016130977,1.004205454
1927,0.79931168,0.754004069,0.891258165,0.909755257,0.817448158,0.887362473,0.790818115,0.86334147,0.894319676,0.792041827,0.78212317,0.70539812,NA,0.878313911,0.822863573,0.765206001,0.727369897,0.927044477,0.796684819
1926,1.006821255,0.93871453,0.878507323,1.027181044,0.938389417,1.095490566,0.941137588,0.963972101,1.102741366,0.863448885,1.079946817,1.180310657,NA,1.130652013,0.861109375,1.06795801,1.028899068,1.035544364,0.974106987
1925,1.065792918,0.990750919,0.786602078,1.051137736,0.864943657,1.114555823,0.916901636,1.065014135,0.917429247,1.111306172,1.048141856,0.649448642,NA,0.8154616,0.743281762,1.03943833,0.880180639,0.877751802,0.89451507
1924,0.903433005,0.957785063,0.928106994,1.090337639,0.93567495,1.235081033,1.02398888,1.026150853,1.300586137,1.229716449,1.082900229,1.060359593,NA,1.065046766,1.064752351,1.047547555,1.103982716,1.117219493,1.313730788
1923,0.841377648,0.859716504,1.066457137,0.612429304,0.835872795,0.647989373,0.8656356,0.980124598,0.969725259,0.932102237,0.89814046,0.837592408,NA,0.79795321,0.88783248,0.922691199,1.122118878,0.953197671,1.424914631
1922,0.882512627,1.055539886,1.141552022,1.121986093,1.058466624,0.869966572,1.024954699,0.896247569,0.937165702,0.799523157,0.891484824,1.295933172,NA,1.262382836,1.049176141,1.330013423,0.837765827,1.200747991,1.072293651
1921,0.841643305,0.551011831,1.281031153,0.968223163,0.875001663,0.697373347,0.596260357,0.754171617,0.687195745,0.69726426,0.572577905,0.358328546,NA,0.977075894,0.503014295,0.463272258,0.74943257,0.526317119,0.735119027
1920,1.07095883,0.84942896,0.853714016,1.35229995,0.946487168,1.182558204,1.072258797,1.05184951,1.263509702,0.952086853,1.154676796,1.250056462,NA,1.133023902,1.119795576,1.243967196,1.209869002,1.730300348,1.281003565
1919,0.826408749,0.783279038,1.016539317,0.939613264,0.946263359,1.030620048,0.872372178,0.953861843,1.119661965,0.842931914,0.938303655,0.676154149,NA,1.147684006,0.801859471,0.865985262,1.066892617,1.021348266,0.992929976
1918,1.01010524,0.92619706,0.893878133,0.876057219,0.86313539,0.957181216,1.06886481,0.861341346,0.984046208,1.075524185,1.050195123,0.927336775,NA,0.959693634,1.057632031,1.123229848,1.222882403,1.250540429,0.95223993
1917,0.968847148,1.166745694,0.860602578,0.858075645,0.98634072,0.994207695,0.804812388,0.931966209,0.681140214,1.064612539,0.7716653,0.891166266,NA,0.887640471,0.948497926,0.937236777,0.862699009,0.564339472,0.871717727
1916,0.939298832,0.507286026,0.90942043,1.111194661,0.852541304,0.910836514,0.52348357,0.870193488,0.578271712,0.471491563,0.577869162,0.469505766,NA,0.939039216,0.456838077,0.515952713,0.798595619,0.282621371,0.524208429
1915,1.172715457,1.08891795,1.131748004,1.176939749,1.35530661,0.992246379,1.278161696,1.357015375,1.366127006,1.323725292,1.184382897,1.70691554,NA,1.255024029,1.295734643,1.189250886,1.837289245,1.374292984,1.174839211
1914,1.152912484,1.330428249,1.22341293,0.946291821,1.259169362,1.238781109,1.183637621,1.193824714,0.925801768,1.121069921,1.041523446,1.352058249,NA,1.028867467,1.156557222,1.100091622,1.684082142,1.055473688,1.226188293
1913,1.035803713,0.870781059,1.103286512,1.074927114,0.991147078,0.981388167,0.714666261,1.079779049,0.739610435,0.894067172,0.864907426,0.989434314,NA,0.743123157,0.552207407,0.617727419,0.890785808,0.703442088,0.728738106
1912,0.919658765,1.074834121,0.884708207,1.080710723,0.989589295,1.05178854,1.166580703,1.109243839,0.993198617,1.017623747,0.963687685,1.071798065,NA,0.999824364,1.202982546,1.039884017,0.972052557,1.075137458,1.060976861
1911,1.018589504,1.027100566,1.034858699,1.352652616,1.001247164,0.977992858,1.015195764,1.232488145,1.08148707,1.069803582,1.206726654,1.249242349,NA,0.73202741,1.143358737,1.188450547,0.978013644,0.925215391,0.994582208
1910,1.065529027,1.300308788,1.041471026,0.888328943,1.082053627,1.201090489,1.239232364,1.198800651,1.200605883,0.905596367,0.903350112,1.219904746,NA,1.07830873,1.107044747,1.476651966,1.125318255,1.156879735,1.099648487
1909,0.808517941,0.815551286,0.97023094,0.758149038,0.745236995,0.84472385,0.714620506,0.79529978,0.761218782,0.735742146,0.694027232,0.621379985,NA,0.739997815,0.671772836,1.155095083,0.740895297,0.851414478,0.839958412
1908,1.051394933,1.042392802,0.989509693,1.063681195,1.09445096,1.266262863,0.984061426,1.128038719,0.724874589,0.944173486,1.272565249,0.800542803,NA,0.965169835,0.904860332,1.623140666,1.045622021,0.730045144,1.187088234
1907,1.065179985,0.94024744,0.870338096,1.299744413,0.992794543,1.070392496,1.037590473,1.31369499,1.426668203,1.009224123,1.501093954,0.91181786,NA,1.029400667,1.092897618,1.32341249,0.864650244,0.979897993,0.960870945
1906,0.98804934,0.880413301,1.067591777,1.360029917,1.1012061,0.977612058,1.16011559,0.998774789,1.195927076,1.170889309,1.363791374,1.256235786,NA,1.049151847,1.163286091,1.070919847,0.901703713,1.733170477,0.947372409
1905,1.329382564,1.323355898,0.953528155,0.940219138,1.072222048,1.155482576,1.427996414,0.964628365,1.342414419,1.292829225,1.554238751,1.371081199,NA,1.203112262,1.458744011,0.958560977,1.245054178,NA,1.109185924
1904,1.014510002,1.159268213,1.293904934,0.55302612,1.171076727,1.103310238,1.179998042,1.158501805,0.812000212,1.119858948,1.066381138,1.11103453,NA,0.995846329,1.363941907,0.867167621,1.101791099,NA,0.970315077
1903,0.921787079,0.857816231,0.94335636,0.762791047,0.763486871,0.74638636,1.086663465,0.834089502,0.870059096,0.96865065,0.797870096,0.563477338,NA,0.800755267,1.046056103,0.64166391,0.833729976,NA,0.89677665
1902,0.949700665,0.914721946,0.947999874,0.9573204,0.874212071,0.785069019,1.010583999,1.020149341,1.110787259,1.063441964,1.229183619,1.05090707,NA,0.910564471,1.234955517,0.892898366,1.072531452,NA,1.062790469
1901,1.02543955,1.323497355,1.09996927,1.18030517,1.210579911,1.049686933,1.014181078,1.157950345,0.736187904,1.089982566,1.195777912,1.050340611,NA,1.126137391,1.27521091,1.011884367,1.008295528,NA,0.990748067
1900,0.952192606,1.242496286,0.979246508,0.687074634,0.967029155,0.70717339,0.957706927,0.748512122,1.13748642,1.075522686,1.141548585,1.359739667,NA,1.056834533,1.217262772,0.97880914,1.10909269,NA,0.894497769
1899,0.742380433,0.552947781,0.991126801,0.937854208,0.619778158,0.854813126,0.591844242,1.028203928,0.603255913,0.787083767,0.555586595,0.382611449,NA,0.705750046,0.705359994,0.719377522,0.556218687,NA,0.56067201
1898,1.17366162,1.175037656,1.070462748,1.143247296,1.061741332,1.175963196,1.397394517,1.305974748,0.788848603,1.259203361,1.666473491,1.157260477,NA,1.285547867,1.019035255,1.246263126,1.344825521,NA,1.394685873
1897,1.128816069,1.113955243,0.999429801,0.957918912,0.972762978,1.500070115,1.003262422,1.060764398,0.967293661,0.780718054,0.834090047,1.15949306,NA,1.106828493,1.054180657,0.90127656,1.07668246,NA,1.137213197
1896,0.802169327,0.96176232,0.916272787,0.947701673,0.947782753,0.574421791,0.832911592,1.00224476,0.635282457,1.327839189,0.846212433,0.745334348,NA,0.642367513,0.757424744,0.765841167,0.773793938,NA,0.840701852
1895,0.960159926,1.521767033,1.11752019,1.385745101,1.103416266,1.071645021,1.27266403,0.425393189,1.013068275,1.00487475,1.011662149,1.180559495,NA,1.230547542,0.984495595,1.058044327,1.022892697,NA,1.532409498
1894,0.827868723,0.997890046,1.046792404,0.837531177,0.887534032,0.881971056,0.910783981,1.001364417,0.673698881,0.725587669,0.560937886,0.861218773,NA,0.943328443,0.856002837,0.82650365,0.753789051,NA,0.942300845
1893,0.985000695,0.925803857,1.04489504,1.131657818,0.916489167,1.074937982,0.580323871,1.040773205,0.911923247,0.780790974,0.816413651,0.686913114,NA,1.037544863,0.811825448,1.009900648,0.872267536,NA,0.770615246
1892,1.08548859,1.144941874,0.983276296,1.280526876,1.280554519,1.231609939,0.808182036,1.032314703,1.26274237,0.837593113,1.02622301,1.076898207,NA,1.194552202,0.927121303,1.386255772,0.952493231,NA,1.3024482
1891,1.038377531,1.11347182,1.076320896,1.208140327,1.202850675,1.086825797,1.314681958,1.112367229,1.296164453,0.912669918,0.812950098,1.203911109,NA,1.141584376,1.199783815,1.096348955,0.619489956,NA,1.10428989
1890,1.300814365,1.130404756,1.210534801,1.232485521,1.484081602,1.313304543,1.098457426,1.358678177,1.402653754,1.120050531,1.320705213,1.207654576,NA,1.260575176,1.088943998,0.99661997,1.143167366,NA,1.002997129
1889,1.414570007,1.174806992,0.964229394,0.786976003,1.406411358,1.874919305,1.284734797,0.860868678,1.508492907,1.382911862,1.486031318,1.29449676,NA,1.140662142,1.116635069,1.22915658,1.393485787,NA,1.350538074
1888,0.925973214,0.896833388,1.218820829,0.647159458,0.654847902,1.122838362,1.001645061,0.783346345,1.058951168,1.065376823,0.849909344,1.104580154,NA,1.079850365,1.133078308,1.261190781,0.792305299,NA,1.013284535
1887,0.990346379,0.774994812,0.922826156,0.916610869,0.881044125,0.367300037,0.944947257,0.914529139,0.833793913,0.925736203,0.713888954,0.777111998,NA,1.059167636,0.776587793,0.663041615,0.39950347,NA,0.528584059
1886,1.117900449,0.955768369,1.217852855,1.154192273,1.208145668,0.999114798,1.378163562,1.036207193,0.963030183,1.361608593,1.2525577,1.297156951,NA,1.149390682,1.284183754,1.268627826,1.160605873,NA,1.198087764
1885,0.719541789,0.995542182,0.880872318,0.855861491,0.912901121,0.794420061,1.17342489,0.919814513,1.234235758,0.855148065,1.054092326,1.050056704,NA,1.275863023,1.134094755,0.871996354,0.856909687,NA,1.083496645
1884,1.15463133,0.805802526,0.894037123,0.805753261,0.702287837,0.849065375,0.900486299,0.722969813,0.984567551,0.945761341,0.886144107,0.928227877,NA,0.7533169,0.673958007,0.78283528,1.366286227,NA,1.052426326
1883,1.109944484,0.733850447,1.052260235,1.225213602,1.160869338,0.970359081,0.801818767,0.947991804,0.738663721,0.992100829,1.436187374,0.965394198,NA,0.839593669,1.018712738,0.979428233,1.207691752,NA,0.921663562
1882,0.568001099,0.876388286,0.78538931,0.921053352,0.718777024,0.714862486,0.756994314,1.031403383,0.935295128,0.861200922,0.427101208,1.188014396,NA,0.550470128,0.653052141,0.712638983,0.858623021,NA,0.59551374
1881,1.111656938,1.280783936,1.176040348,1.086881873,1.144349139,1.045760792,1.15718564,1.050101617,1.041178046,0.886395791,0.97923126,0.896434785,NA,0.933830953,1.384104188,1.160557789,1.326648115,NA,1.107799775
1880,0.847985959,0.525285162,0.321433137,0.738516506,0.658051467,0.732236266,0.587018021,1.02293126,0.89447804,1.021388635,0.66703328,0.486736364,NA,0.625778955,0.419809547,0.575734782,0.849523305,NA,0.729251159
