Site Name,Coordinates ,Aspect,Slope,Number Live Overstory,Number Live Sapling,Total Live Tree,Number Standing Dead,Number Dead & Down
ESC,"35.830259, -106.365132",SE,50,0,0,0,2,NA
FR2,"35.813779, -106.396923",NNW,40,0,1,1,7,NA
SAW,"35.828177, -106.433925",W,5,2,0,2,14,NA
UWF,"35.838438, -106.42808",SW,55,0,0,0,1,NA
UEF,"35.844218, -106.408133",SW,15,3,0,3,11,NA
ABR,"35.924949, -106.492647",SSW,10,0,0,0,13,21
ABH3,"35.911271, -106.570259",NNW,25,0,1,1,3,0
ABH3-01,"35.911227, -106.569921",NE,20,2,1,3,10,7
NAB-11,"35.919451, -106.586453",W,20,3,0,3,11,11
ABU-14,"35.918850, -106.582501",S,35,6,3,9,6,6
ABU-03,"35.915585, -106.583199",SE,15,1,3,4,4,1
ABL-04,"35.913225, -106.575001",NW,15,3,5,8,6,4
ABL-01,"35.914182, -106.578524",W,30,7,7,14,4,0
ALA2-30,"35.911723, -106.584331",WNW,20,6,2,8,25,4
ALA4,"35.908432, -106.587553",N,15,0,0,0,16,11
ALA1,"35.912663, -106.589355",SE,20,5,1,6,1,0
LGR2-43,35.801047 -106.550830,NNW,20,0,0,0,24,1
LOG,"35.798478, -106.541224",SE,15,0,0,0,4,1
RBS3-27,"35.897995, -106.581609",SSW,15,3,4,7,8,8
VSR,"35.934142, -106.508797",SSW,25,5,1,6,0,0
VJ-15,"35.924172, -106.519547",N,5,3,1,4,0,2
CAN-40,"35.915504, -106.385340",NE,20,0,38,38,13,25
CMN,"35.905393, -106.396298",ENE,30,4,1,5,2,7
CMN2-52,"35.905235, -106.390883",NNE,15,4,43,47,23,13
PIPE-03,"35.892813, -106.337917",E,20,0,1,1,0,29
FP-1-010,"36.356968, -112.351521",N,35,3,0,3,1,0
FP-2-019,"36.360456, -112.342614",NA,0,0,0,0,2,0
SR-201,"36.328056, -112.256193",SSW,10,6,1,7,0,8
GB-00-02-16,"36.259889, -112.225721",ESE,40,15,42,57,7,3
GB-00-02-06,"36.254740, -112.235583",W,15,3,0,3,0,1
GB-00-01-04,"36.271474, -112.243337",NA,0,5,0,5,0,0
GB-00-01-13,"36.277797, -112.219875",E,60,12,0,12,1,1
JLN,"36.717399, -112.253202",NW,15,6,5,11,4,0
JLS,"36.716838, -112.251118",WNW,5,1,3,4,2,0
BLR,"36.713784, -112.241902",NE,15,3,0,3,0,0
CRC_20,"32.407949, -110.732603",SE,40,0,0,0,65,0
CRC_2,"32.409783, -110.735127",SSW,42,22,5,27,4,3
CRC_1,"32.412115, -110.735187",NNW,57,4,0,4,4,0
CRC_22,"32.410267, -110.729070",W,24,4,0,4,8,0
RCL,"32.392832, -110.707976",SSW,37,0,0,0,0,0
CRC_18,"32.386227, -110.714652",W,61,3,0,3,1,0
CRC_17,"32.385474, -110.709127",ENE ,57,8,4,12,1,0
RCU,"32.395267, -110.688983",W,59,11,7,18,3,1
CRC_9,"32.391813, -110.693279",SW,15,5,12,17,0,0
CBP_28,"32.434317, -110.734808",NNE,67,0,0,0,0,0
CBP_1,"32.435802, -110.729936",NNW,72,0,0,0,2,0
CBP_2,"32.429454, -110.742199",NNE,72,0,0,0,3,0
PAL_02,"32.411058, -110.711983",S,30,7,1,8,1,0
IS,"32.224051, -110.535879",N,11,9,2,11,1,1
02_04,"32.224575, -110.539696",NNW,35,1,1,2,5,8
NS,"32.223980, -110.546018",NNW,27,0,0,0,14,18
03_07,"32.221223, -110.549013",NW,59,4,0,4,1,12
02_29,"32.224361, -110.551868",NNE,56,3,1,4,5,15
HD,"32.216013, -110.557991",SSW,22,8,0,8,1,13
HD-72,32.213412; -110.55713,SW,44,7,50,57,3,1
02_28,"32.207248, -110.531156",NNE,18,7,0,7,0,0
ES,"32.211758, -110.528015",SSE,25,0,0,0,0,0
02_12,32.209860; -110.524727,NE,21,14,0,14,0,2
03_12C,"32.209263, -110.526000",E,34,5,1,6,0,1
03_15D,"32.205004, -110.530376",SSE,15,7,0,7,1,0
03_15D-2,32.204733; -110.530343,E,15,2,0,2,0,1
03_15B,"32.199750, -110530569",E,12,8,0,8,0,0
Random_1,"32.210674, -110.540803",NA,0,15,3,18,2,0
Random_2,"32.210948, -110.540695",NA,0,10,9,19,3,0
03_11D,32.210382; -110.536557,WSW,32,9,1,10,2,0
03_11D-2,"32.209970, -110.537145",ESE,33,3,0,3,0,0
03_11D-3,"32.210215, -110.537335",E,25,4,2,6,0,0
03_11D-4,32.209730; -110.537724,S,24,14,0,14,0,0
02_11,"32.208768, -110.538422",SW,26,12,3,15,0,2
03_11B,"32.204253, -110.537681",NW,31,19,3,22,0,0
03_11B-2,32.204477; -110.537964,S,27,3,0,3,3,0
03_11B-3,"32.203812, -110.538108",NNW,28,4,0,4,2,0
03_11B-4,"32.203171, -110.537920",ESE,26,4,0,4,0,0
RHU,"31.993953, -109.311447",NNE,37,0,0,0,1,18
SDC,"31.996239, -109.328527",NE,80,1,0,1,0,0
RHL,"32.006018, -109.341016",W,5,4,10,14,0,2
RPK,"31.906383, -109.275501",NNW,26,9,0,9,3,3
UMC_1,"31.849150, -109.298880",W,55,5,0,5,6,16
I19,"32.683655, -109.888001",SW,13,10,9,19,20,0
G14,"32.709785, -109.930293",S,41,0,0,0,7,0
CMP,"32.700054, -109.916390",W,13,0,1,1,26,3
H16,"32.696769, -109.912749",S,22,14,11,25,10,0
J18,"32.678547, -109.891360",WNW,45,6,0,6,10,0
K19,"32.671615, -108.881068",S,10,8,2,10,33,8
L20,"32.660133, -109.870333",N,43,3,1,4,15,5
M20,"32.651405, -109.870776",S,28,0,0,0,15,4
L70,"32.664925, -109.863204",SW,44,0,0,0,33,3
L21,"32.660802, -109.860554",NE,45,2,0,2,8,0
M21,"32.651197, -109.859728",W,38,0,0,0,34,1
J19,"32.678439, -109.881003",N,62,8,3,11,10,1
N22,"32.640524, -109.848981",WNW,52,0,0,0,21,2
