age_CE,712011_raw,712012_raw,712021_raw,712022_raw,712031_raw,712032_raw,712041_raw,712042_raw,712051_raw,712052_raw,712061_raw,712062_raw,712071_raw,712072_raw,712081_raw,712082_raw,712091_raw,712092_raw,712101_raw,712102_raw,712111_raw,712121_raw,712122_raw,712011_raw_outlier_flag,712012_raw_outlier_flag,712021_raw_outlier_flag,712022_raw_outlier_flag,712031_raw_outlier_flag,712032_raw_outlier_flag,712041_raw_outlier_flag,712042_raw_outlier_flag,712051_raw_outlier_flag,712052_raw_outlier_flag,712061_raw_outlier_flag,712062_raw_outlier_flag,712071_raw_outlier_flag,712072_raw_outlier_flag,712081_raw_outlier_flag,712082_raw_outlier_flag,712091_raw_outlier_flag,712092_raw_outlier_flag,712101_raw_outlier_flag,712102_raw_outlier_flag,712111_raw_outlier_flag,712121_raw_outlier_flag,712122_raw_outlier_flag
1698,NA,NA,NA,NA,NA,NA,NA,NA,NA,NA,NA,NA,NA,NA,NA,NA,NA,NA,NA,NA,NA,NA,0.47,NA,NA,NA,NA,NA,NA,NA,NA,NA,NA,NA,NA,NA,NA,NA,NA,NA,NA,NA,NA,NA,NA,TRUE
1699,NA,NA,NA,NA,NA,NA,NA,NA,NA,NA,NA,NA,NA,NA,NA,NA,NA,NA,NA,NA,NA,NA,0.37,NA,NA,NA,NA,NA,NA,NA,NA,NA,NA,NA,NA,NA,NA,NA,NA,NA,NA,NA,NA,NA,NA,FALSE
1700,NA,NA,NA,NA,NA,NA,NA,NA,NA,NA,NA,NA,NA,NA,NA,NA,NA,NA,NA,NA,NA,NA,0.34,NA,NA,NA,NA,NA,NA,NA,NA,NA,NA,NA,NA,NA,NA,NA,NA,NA,NA,NA,NA,NA,NA,FALSE
1701,NA,NA,NA,NA,NA,NA,NA,NA,NA,NA,NA,NA,NA,NA,NA,NA,NA,NA,NA,NA,NA,NA,0.34,NA,NA,NA,NA,NA,NA,NA,NA,NA,NA,NA,NA,NA,NA,NA,NA,NA,NA,NA,NA,NA,NA,FALSE
1702,NA,NA,NA,NA,NA,NA,NA,NA,NA,NA,NA,NA,NA,NA,NA,NA,NA,NA,0.35,NA,NA,NA,0.34,NA,NA,NA,NA,NA,NA,NA,NA,NA,NA,NA,NA,NA,NA,NA,NA,NA,NA,TRUE,NA,NA,NA,FALSE
1703,NA,NA,NA,NA,NA,NA,NA,NA,NA,NA,NA,NA,NA,NA,NA,NA,NA,NA,0.3,NA,NA,NA,0.35,NA,NA,NA,NA,NA,NA,NA,NA,NA,NA,NA,NA,NA,NA,NA,NA,NA,NA,FALSE,NA,NA,NA,FALSE
1704,NA,NA,NA,NA,NA,NA,NA,NA,NA,NA,NA,NA,NA,NA,NA,NA,NA,NA,0.32,NA,NA,NA,0.33,NA,NA,NA,NA,NA,NA,NA,NA,NA,NA,NA,NA,NA,NA,NA,NA,NA,NA,FALSE,NA,NA,NA,FALSE
1705,NA,NA,NA,NA,NA,NA,NA,NA,NA,NA,NA,NA,NA,NA,NA,NA,NA,NA,0.32,NA,NA,NA,0.36,NA,NA,NA,NA,NA,NA,NA,NA,NA,NA,NA,NA,NA,NA,NA,NA,NA,NA,FALSE,NA,NA,NA,FALSE
1706,NA,NA,NA,NA,NA,NA,NA,NA,NA,NA,NA,NA,NA,NA,NA,NA,NA,NA,0.32,0.32,NA,NA,0.37,NA,NA,NA,NA,NA,NA,NA,NA,NA,NA,NA,NA,NA,NA,NA,NA,NA,NA,FALSE,TRUE,NA,NA,FALSE
1707,NA,NA,NA,NA,NA,NA,NA,NA,NA,NA,NA,NA,NA,NA,NA,NA,NA,NA,0.31,0.37,NA,NA,0.4,NA,NA,NA,NA,NA,NA,NA,NA,NA,NA,NA,NA,NA,NA,NA,NA,NA,NA,FALSE,TRUE,NA,NA,TRUE
1708,NA,NA,NA,NA,NA,NA,NA,NA,NA,NA,NA,NA,NA,NA,NA,NA,NA,NA,0.29,0.34,NA,NA,0.36,NA,NA,NA,NA,NA,NA,NA,NA,NA,NA,NA,NA,NA,NA,NA,NA,NA,NA,FALSE,TRUE,NA,NA,FALSE
1709,NA,NA,NA,NA,NA,NA,NA,NA,NA,NA,NA,NA,NA,NA,NA,NA,NA,NA,0.3,0.34,NA,NA,0.35,NA,NA,NA,NA,NA,NA,NA,NA,NA,NA,NA,NA,NA,NA,NA,NA,NA,NA,FALSE,TRUE,NA,NA,FALSE
1710,NA,NA,NA,NA,NA,NA,NA,NA,NA,NA,NA,NA,NA,NA,NA,NA,NA,NA,0.29,0.32,NA,NA,0.31,NA,NA,NA,NA,NA,NA,NA,NA,NA,NA,NA,NA,NA,NA,NA,NA,NA,NA,FALSE,TRUE,NA,NA,FALSE
1711,NA,NA,NA,NA,NA,NA,NA,NA,NA,NA,NA,NA,NA,NA,NA,NA,NA,NA,0.3,0.3,NA,NA,0.36,NA,NA,NA,NA,NA,NA,NA,NA,NA,NA,NA,NA,NA,NA,NA,NA,NA,NA,FALSE,FALSE,NA,NA,FALSE
1712,NA,NA,NA,NA,NA,NA,NA,NA,NA,NA,NA,NA,NA,NA,NA,NA,NA,NA,0.29,0.28,NA,NA,0.33,NA,NA,NA,NA,NA,NA,NA,NA,NA,NA,NA,NA,NA,NA,NA,NA,NA,NA,FALSE,FALSE,NA,NA,FALSE
1713,NA,NA,NA,NA,NA,NA,NA,NA,NA,NA,NA,NA,NA,NA,NA,NA,NA,NA,0.28,0.29,NA,NA,0.32,NA,NA,NA,NA,NA,NA,NA,NA,NA,NA,NA,NA,NA,NA,NA,NA,NA,NA,FALSE,FALSE,NA,NA,FALSE
1714,NA,NA,NA,NA,NA,NA,NA,NA,NA,NA,NA,NA,NA,NA,NA,NA,NA,NA,0.27,0.27,NA,NA,0.31,NA,NA,NA,NA,NA,NA,NA,NA,NA,NA,NA,NA,NA,NA,NA,NA,NA,NA,FALSE,FALSE,NA,NA,FALSE
1715,NA,NA,NA,NA,NA,NA,NA,NA,NA,NA,NA,NA,NA,NA,NA,NA,NA,0.3,0.29,0.29,NA,NA,0.33,NA,NA,NA,NA,NA,NA,NA,NA,NA,NA,NA,NA,NA,NA,NA,NA,NA,FALSE,FALSE,FALSE,NA,NA,FALSE
1716,NA,NA,NA,NA,NA,NA,NA,NA,NA,NA,NA,NA,NA,NA,NA,NA,NA,0.29,0.31,0.28,NA,NA,0.38,NA,NA,NA,NA,NA,NA,NA,NA,NA,NA,NA,NA,NA,NA,NA,NA,NA,FALSE,FALSE,FALSE,NA,NA,TRUE
1717,NA,NA,NA,NA,NA,NA,NA,NA,NA,NA,NA,NA,NA,NA,NA,NA,NA,0.28,0.33,0.28,NA,NA,0.32,NA,NA,NA,NA,NA,NA,NA,NA,NA,NA,NA,NA,NA,NA,NA,NA,NA,FALSE,FALSE,FALSE,NA,NA,FALSE
1718,NA,NA,NA,NA,NA,NA,NA,NA,NA,NA,NA,NA,NA,NA,NA,NA,NA,0.26,0.3,0.27,NA,NA,0.28,NA,NA,NA,NA,NA,NA,NA,NA,NA,NA,NA,NA,NA,NA,NA,NA,NA,FALSE,FALSE,FALSE,NA,NA,FALSE
1719,NA,NA,NA,NA,NA,NA,NA,NA,NA,NA,NA,NA,NA,NA,NA,NA,NA,0.26,0.28,0.24,NA,NA,0.29,NA,NA,NA,NA,NA,NA,NA,NA,NA,NA,NA,NA,NA,NA,NA,NA,NA,FALSE,FALSE,FALSE,NA,NA,FALSE
1720,NA,NA,NA,NA,NA,NA,NA,NA,NA,NA,NA,NA,NA,NA,NA,NA,NA,0.29,0.29,0.26,NA,NA,0.28,NA,NA,NA,NA,NA,NA,NA,NA,NA,NA,NA,NA,NA,NA,NA,NA,NA,FALSE,FALSE,FALSE,NA,NA,FALSE
1721,NA,NA,NA,NA,NA,NA,NA,NA,NA,NA,NA,NA,NA,NA,NA,NA,NA,0.28,0.24,0.22,NA,NA,0.29,NA,NA,NA,NA,NA,NA,NA,NA,NA,NA,NA,NA,NA,NA,NA,NA,NA,FALSE,FALSE,FALSE,NA,NA,FALSE
1722,NA,NA,NA,NA,NA,NA,0.29,NA,NA,NA,NA,NA,NA,NA,NA,NA,NA,0.25,0.27,0.25,NA,NA,0.31,NA,NA,NA,NA,NA,NA,FALSE,NA,NA,NA,NA,NA,NA,NA,NA,NA,NA,FALSE,FALSE,FALSE,NA,NA,FALSE
1723,NA,NA,NA,NA,NA,NA,0.33,NA,NA,NA,NA,NA,NA,NA,NA,NA,NA,0.27,0.26,0.25,NA,NA,0.29,NA,NA,NA,NA,NA,NA,FALSE,NA,NA,NA,NA,NA,NA,NA,NA,NA,NA,FALSE,FALSE,FALSE,NA,NA,FALSE
1724,NA,NA,NA,NA,NA,NA,0.3,NA,NA,NA,NA,NA,NA,NA,NA,NA,NA,0.25,0.23,0.21,NA,NA,0.29,NA,NA,NA,NA,NA,NA,FALSE,NA,NA,NA,NA,NA,NA,NA,NA,NA,NA,FALSE,FALSE,FALSE,NA,NA,FALSE
1725,NA,NA,NA,NA,NA,NA,0.32,NA,NA,NA,NA,NA,NA,NA,NA,NA,NA,0.26,0.27,0.24,NA,NA,0.3,NA,NA,NA,NA,NA,NA,FALSE,NA,NA,NA,NA,NA,NA,NA,NA,NA,NA,FALSE,FALSE,FALSE,NA,NA,FALSE
1726,NA,NA,NA,NA,NA,NA,0.31,NA,NA,NA,NA,NA,NA,NA,NA,NA,NA,0.25,0.24,0.22,NA,NA,0.28,NA,NA,NA,NA,NA,NA,FALSE,NA,NA,NA,NA,NA,NA,NA,NA,NA,NA,FALSE,FALSE,FALSE,NA,NA,FALSE
1727,NA,NA,NA,NA,NA,NA,0.33,NA,NA,NA,NA,NA,NA,NA,NA,NA,NA,0.24,0.26,0.22,NA,NA,0.31,NA,NA,NA,NA,NA,NA,FALSE,NA,NA,NA,NA,NA,NA,NA,NA,NA,NA,FALSE,FALSE,FALSE,NA,NA,FALSE
1728,NA,NA,NA,NA,NA,NA,0.36,NA,NA,NA,NA,NA,NA,NA,NA,NA,NA,0.24,0.27,0.22,NA,NA,0.28,NA,NA,NA,NA,NA,NA,FALSE,NA,NA,NA,NA,NA,NA,NA,NA,NA,NA,FALSE,FALSE,FALSE,NA,NA,FALSE
1729,NA,NA,NA,NA,NA,NA,0.35,NA,NA,NA,NA,NA,NA,NA,NA,NA,NA,0.24,0.29,0.24,NA,NA,0.31,NA,NA,NA,NA,NA,NA,FALSE,NA,NA,NA,NA,NA,NA,NA,NA,NA,NA,FALSE,FALSE,FALSE,NA,NA,FALSE
1730,NA,NA,NA,NA,NA,NA,0.31,NA,NA,NA,NA,NA,NA,NA,NA,NA,NA,0.23,0.3,0.23,NA,0.35,0.29,NA,NA,NA,NA,NA,NA,FALSE,NA,NA,NA,NA,NA,NA,NA,NA,NA,NA,FALSE,FALSE,FALSE,NA,FALSE,FALSE
1731,NA,NA,NA,NA,NA,NA,0.33,NA,NA,NA,NA,NA,NA,NA,NA,NA,NA,0.21,0.3,0.23,NA,0.27,0.29,NA,NA,NA,NA,NA,NA,FALSE,NA,NA,NA,NA,NA,NA,NA,NA,NA,NA,FALSE,FALSE,FALSE,NA,FALSE,FALSE
1732,NA,NA,NA,NA,NA,NA,0.33,NA,NA,NA,NA,NA,NA,NA,NA,NA,NA,0.22,0.36,0.23,NA,0.26,0.27,NA,NA,NA,NA,NA,NA,FALSE,NA,NA,NA,NA,NA,NA,NA,NA,NA,NA,FALSE,TRUE,FALSE,NA,FALSE,FALSE
1733,NA,NA,NA,NA,NA,NA,0.33,NA,NA,NA,NA,NA,NA,NA,NA,NA,NA,0.23,0.31,0.23,NA,0.24,0.27,NA,NA,NA,NA,NA,NA,FALSE,NA,NA,NA,NA,NA,NA,NA,NA,NA,NA,FALSE,FALSE,FALSE,NA,FALSE,FALSE
1734,NA,NA,NA,NA,NA,NA,0.35,NA,NA,NA,NA,NA,NA,NA,NA,NA,NA,0.26,0.32,0.23,NA,0.31,0.32,NA,NA,NA,NA,NA,NA,FALSE,NA,NA,NA,NA,NA,NA,NA,NA,NA,NA,FALSE,FALSE,FALSE,NA,FALSE,FALSE
1735,NA,NA,NA,NA,NA,NA,0.32,NA,NA,NA,NA,NA,NA,NA,NA,NA,NA,0.22,0.29,0.23,NA,0.29,0.26,NA,NA,NA,NA,NA,NA,FALSE,NA,NA,NA,NA,NA,NA,NA,NA,NA,NA,FALSE,FALSE,FALSE,NA,FALSE,FALSE
1736,NA,NA,NA,NA,NA,NA,0.41,NA,NA,NA,NA,NA,NA,NA,NA,NA,NA,0.27,0.29,0.25,NA,0.31,0.29,NA,NA,NA,NA,NA,NA,FALSE,NA,NA,NA,NA,NA,NA,NA,NA,NA,NA,FALSE,FALSE,FALSE,NA,FALSE,FALSE
1737,NA,NA,NA,NA,NA,NA,0.34,NA,NA,NA,NA,NA,NA,NA,NA,NA,NA,0.25,0.26,0.22,NA,0.25,0.28,NA,NA,NA,NA,NA,NA,FALSE,NA,NA,NA,NA,NA,NA,NA,NA,NA,NA,FALSE,FALSE,FALSE,NA,FALSE,FALSE
1738,NA,NA,NA,NA,NA,NA,0.35,NA,NA,NA,NA,NA,NA,NA,NA,NA,NA,0.26,0.27,0.24,NA,0.27,0.27,NA,NA,NA,NA,NA,NA,FALSE,NA,NA,NA,NA,NA,NA,NA,NA,NA,NA,FALSE,FALSE,FALSE,NA,FALSE,FALSE
1739,NA,NA,NA,NA,NA,NA,0.4,NA,NA,NA,NA,NA,NA,NA,NA,NA,NA,0.24,0.26,0.21,NA,0.25,0.24,NA,NA,NA,NA,NA,NA,FALSE,NA,NA,NA,NA,NA,NA,NA,NA,NA,NA,FALSE,FALSE,FALSE,NA,FALSE,FALSE
1740,NA,NA,NA,NA,NA,NA,0.41,NA,NA,NA,NA,NA,NA,NA,NA,NA,NA,0.26,0.27,0.24,NA,0.26,0.27,NA,NA,NA,NA,NA,NA,FALSE,NA,NA,NA,NA,NA,NA,NA,NA,NA,NA,FALSE,FALSE,FALSE,NA,FALSE,FALSE
1741,NA,NA,NA,NA,NA,NA,0.38,NA,NA,NA,NA,NA,NA,NA,NA,NA,NA,0.26,0.25,0.22,NA,0.25,0.26,NA,NA,NA,NA,NA,NA,FALSE,NA,NA,NA,NA,NA,NA,NA,NA,NA,NA,FALSE,FALSE,FALSE,NA,FALSE,FALSE
1742,NA,NA,NA,NA,NA,NA,0.39,NA,NA,NA,NA,NA,NA,NA,NA,NA,NA,0.24,0.32,0.25,NA,0.36,0.34,NA,NA,NA,NA,NA,NA,FALSE,NA,NA,NA,NA,NA,NA,NA,NA,NA,NA,FALSE,FALSE,FALSE,NA,TRUE,FALSE
1743,NA,NA,NA,NA,NA,NA,0.38,NA,NA,NA,NA,NA,NA,NA,NA,NA,NA,0.21,0.3,0.24,NA,0.4,0.31,NA,NA,NA,NA,NA,NA,FALSE,NA,NA,NA,NA,NA,NA,NA,NA,NA,NA,FALSE,FALSE,FALSE,NA,TRUE,FALSE
1744,NA,NA,NA,NA,NA,NA,0.39,NA,NA,NA,NA,NA,NA,NA,NA,NA,NA,0.24,0.29,0.25,NA,0.5,0.37,NA,NA,NA,NA,NA,NA,FALSE,NA,NA,NA,NA,NA,NA,NA,NA,NA,NA,FALSE,FALSE,FALSE,NA,TRUE,FALSE
1745,NA,NA,NA,NA,NA,NA,0.41,NA,NA,NA,NA,NA,NA,NA,NA,NA,NA,0.22,0.27,0.23,NA,0.37,0.31,NA,NA,NA,NA,NA,NA,FALSE,NA,NA,NA,NA,NA,NA,NA,NA,NA,NA,FALSE,FALSE,FALSE,NA,TRUE,FALSE
1746,NA,NA,NA,NA,NA,NA,0.42,NA,NA,NA,NA,NA,NA,NA,NA,NA,NA,0.25,0.27,0.25,NA,0.34,0.29,NA,NA,NA,NA,NA,NA,TRUE,NA,NA,NA,NA,NA,NA,NA,NA,NA,NA,FALSE,FALSE,FALSE,NA,FALSE,FALSE
1747,NA,NA,NA,NA,NA,NA,0.37,NA,NA,NA,NA,NA,NA,NA,NA,NA,NA,0.21,0.24,0.21,NA,0.26,0.24,NA,NA,NA,NA,NA,NA,FALSE,NA,NA,NA,NA,NA,NA,NA,NA,NA,NA,FALSE,FALSE,FALSE,NA,FALSE,FALSE
1748,NA,NA,NA,NA,NA,NA,0.39,NA,NA,NA,NA,NA,NA,NA,NA,NA,NA,0.23,0.24,0.22,0.37,0.32,0.26,NA,NA,NA,NA,NA,NA,FALSE,NA,NA,NA,NA,NA,NA,NA,NA,NA,NA,FALSE,FALSE,FALSE,FALSE,FALSE,FALSE
1749,NA,NA,NA,NA,NA,NA,0.37,NA,NA,NA,NA,NA,NA,NA,NA,NA,NA,0.22,0.26,0.22,0.32,0.28,0.26,NA,NA,NA,NA,NA,NA,FALSE,NA,NA,NA,NA,NA,NA,NA,NA,NA,NA,FALSE,FALSE,FALSE,FALSE,FALSE,FALSE
1750,NA,NA,NA,NA,NA,NA,0.32,NA,NA,NA,NA,NA,NA,NA,NA,NA,NA,0.21,0.23,0.2,0.3,0.24,0.22,NA,NA,NA,NA,NA,NA,FALSE,NA,NA,NA,NA,NA,NA,NA,NA,NA,NA,FALSE,FALSE,FALSE,FALSE,FALSE,FALSE
1751,NA,NA,NA,NA,NA,NA,0.33,NA,NA,NA,NA,NA,NA,NA,NA,NA,NA,0.24,0.26,0.25,0.33,0.25,0.25,NA,NA,NA,NA,NA,NA,FALSE,NA,NA,NA,NA,NA,NA,NA,NA,NA,NA,FALSE,FALSE,FALSE,FALSE,FALSE,FALSE
1752,NA,NA,NA,NA,NA,NA,0.31,NA,NA,NA,NA,NA,NA,NA,NA,NA,NA,0.23,0.26,0.24,0.36,0.25,0.25,NA,NA,NA,NA,NA,NA,FALSE,NA,NA,NA,NA,NA,NA,NA,NA,NA,NA,FALSE,FALSE,FALSE,FALSE,FALSE,FALSE
1753,NA,NA,NA,NA,NA,NA,0.29,NA,NA,NA,NA,NA,NA,NA,NA,NA,NA,0.23,0.24,0.22,0.3,0.22,0.21,NA,NA,NA,NA,NA,NA,FALSE,NA,NA,NA,NA,NA,NA,NA,NA,NA,NA,FALSE,FALSE,FALSE,FALSE,FALSE,FALSE
1754,NA,NA,NA,NA,NA,NA,0.32,NA,NA,NA,NA,NA,NA,NA,NA,NA,NA,0.24,0.25,0.25,0.3,0.31,0.26,NA,NA,NA,NA,NA,NA,FALSE,NA,NA,NA,NA,NA,NA,NA,NA,NA,NA,FALSE,FALSE,FALSE,FALSE,FALSE,FALSE
1755,NA,NA,NA,NA,NA,NA,0.32,NA,NA,NA,NA,NA,NA,NA,NA,NA,NA,0.25,0.26,0.25,0.32,0.35,0.22,NA,NA,NA,NA,NA,NA,FALSE,NA,NA,NA,NA,NA,NA,NA,NA,NA,NA,FALSE,FALSE,FALSE,FALSE,FALSE,FALSE
1756,NA,NA,NA,NA,NA,NA,0.32,NA,NA,NA,NA,NA,NA,NA,NA,NA,NA,0.24,0.24,0.24,0.31,0.27,0.25,NA,NA,NA,NA,NA,NA,FALSE,NA,NA,NA,NA,NA,NA,NA,NA,NA,NA,FALSE,FALSE,FALSE,FALSE,FALSE,FALSE
1757,NA,NA,NA,NA,NA,NA,0.32,NA,NA,NA,NA,NA,NA,NA,NA,NA,NA,0.22,0.22,0.22,0.28,0.24,0.25,NA,NA,NA,NA,NA,NA,FALSE,NA,NA,NA,NA,NA,NA,NA,NA,NA,NA,FALSE,FALSE,FALSE,FALSE,FALSE,FALSE
1758,NA,NA,NA,NA,NA,NA,0.33,NA,NA,NA,NA,NA,NA,NA,NA,NA,NA,0.23,0.25,0.23,0.3,0.25,0.25,NA,NA,NA,NA,NA,NA,FALSE,NA,NA,NA,NA,NA,NA,NA,NA,NA,NA,FALSE,FALSE,FALSE,FALSE,FALSE,FALSE
1759,NA,NA,NA,NA,NA,NA,0.33,NA,NA,NA,NA,NA,NA,NA,NA,NA,NA,0.24,0.25,0.23,0.3,0.26,0.24,NA,NA,NA,NA,NA,NA,FALSE,NA,NA,NA,NA,NA,NA,NA,NA,NA,NA,FALSE,FALSE,FALSE,FALSE,FALSE,FALSE
1760,NA,NA,NA,NA,NA,NA,0.3,NA,NA,NA,NA,NA,NA,NA,NA,NA,NA,0.22,0.23,0.22,0.29,0.25,0.21,NA,NA,NA,NA,NA,NA,FALSE,NA,NA,NA,NA,NA,NA,NA,NA,NA,NA,FALSE,FALSE,FALSE,FALSE,FALSE,FALSE
1761,NA,NA,NA,NA,NA,NA,0.31,NA,0.57,NA,NA,NA,NA,NA,NA,NA,NA,0.24,0.27,0.23,0.28,0.28,0.26,NA,NA,NA,NA,NA,NA,FALSE,NA,TRUE,NA,NA,NA,NA,NA,NA,NA,NA,FALSE,FALSE,FALSE,FALSE,FALSE,FALSE
1762,NA,NA,NA,NA,NA,NA,0.32,NA,0.5,NA,NA,NA,NA,NA,NA,NA,NA,0.25,0.24,0.22,0.28,0.27,0.24,NA,NA,NA,NA,NA,NA,FALSE,NA,TRUE,NA,NA,NA,NA,NA,NA,NA,NA,FALSE,FALSE,FALSE,FALSE,FALSE,FALSE
1763,NA,NA,NA,NA,NA,NA,0.32,NA,0.44,NA,NA,NA,NA,NA,NA,NA,NA,0.28,0.24,0.22,0.29,0.26,0.24,NA,NA,NA,NA,NA,NA,FALSE,NA,TRUE,NA,NA,NA,NA,NA,NA,NA,NA,FALSE,FALSE,FALSE,FALSE,FALSE,FALSE
1764,NA,NA,NA,NA,0.32,NA,0.29,NA,0.5,NA,NA,NA,NA,NA,NA,NA,NA,0.26,0.24,0.22,0.28,0.26,0.25,NA,NA,NA,NA,FALSE,NA,FALSE,NA,TRUE,NA,NA,NA,NA,NA,NA,NA,NA,FALSE,FALSE,FALSE,FALSE,FALSE,FALSE
1765,NA,NA,NA,NA,0.29,NA,0.32,NA,0.42,NA,NA,NA,NA,NA,NA,NA,NA,0.24,0.24,0.21,0.3,0.24,0.24,NA,NA,NA,NA,FALSE,NA,FALSE,NA,FALSE,NA,NA,NA,NA,NA,NA,NA,NA,FALSE,FALSE,FALSE,FALSE,FALSE,FALSE
1766,NA,NA,NA,NA,0.31,NA,0.3,NA,0.36,NA,NA,NA,NA,NA,NA,NA,NA,0.26,0.3,0.21,0.3,0.27,0.24,NA,NA,NA,NA,FALSE,NA,FALSE,NA,FALSE,NA,NA,NA,NA,NA,NA,NA,NA,FALSE,FALSE,FALSE,FALSE,FALSE,FALSE
1767,NA,NA,NA,NA,0.34,NA,0.27,NA,0.4,NA,NA,NA,NA,NA,NA,NA,NA,0.25,0.33,0.31,0.28,0.27,0.27,NA,NA,NA,NA,FALSE,NA,FALSE,NA,FALSE,NA,NA,NA,NA,NA,NA,NA,NA,FALSE,FALSE,FALSE,FALSE,FALSE,FALSE
1768,NA,NA,NA,NA,0.33,NA,0.28,NA,0.37,NA,NA,NA,NA,NA,NA,NA,NA,0.24,0.46,0.22,0.33,0.3,0.28,NA,NA,NA,NA,FALSE,NA,FALSE,NA,FALSE,NA,NA,NA,NA,NA,NA,NA,NA,FALSE,TRUE,FALSE,FALSE,FALSE,FALSE
1769,NA,NA,NA,NA,0.34,NA,0.3,NA,0.39,NA,NA,NA,NA,NA,NA,NA,NA,0.24,0.31,0.21,0.32,0.27,0.25,NA,NA,NA,NA,FALSE,NA,FALSE,NA,FALSE,NA,NA,NA,NA,NA,NA,NA,NA,FALSE,FALSE,FALSE,FALSE,FALSE,FALSE
1770,NA,0.33,NA,NA,0.34,NA,0.35,NA,0.37,NA,NA,NA,NA,NA,NA,NA,NA,0.25,0.26,0.23,0.32,0.24,0.24,NA,FALSE,NA,NA,FALSE,NA,FALSE,NA,FALSE,NA,NA,NA,NA,NA,NA,NA,NA,FALSE,FALSE,FALSE,FALSE,FALSE,FALSE
1771,NA,0.34,NA,NA,0.31,NA,0.29,NA,0.33,NA,NA,NA,NA,NA,NA,NA,NA,0.22,0.23,0.19,0.29,0.24,0.23,NA,FALSE,NA,NA,FALSE,NA,FALSE,NA,FALSE,NA,NA,NA,NA,NA,NA,NA,NA,FALSE,FALSE,FALSE,FALSE,FALSE,FALSE
1772,NA,0.35,NA,NA,0.36,NA,0.39,NA,0.38,0.39,NA,NA,NA,NA,NA,NA,NA,0.22,0.28,0.23,0.3,0.27,0.27,NA,FALSE,NA,NA,FALSE,NA,FALSE,NA,FALSE,FALSE,NA,NA,NA,NA,NA,NA,NA,FALSE,FALSE,FALSE,FALSE,FALSE,FALSE
1773,NA,0.31,NA,NA,0.36,NA,0.32,0.34,0.32,0.31,NA,NA,NA,NA,NA,NA,NA,0.24,0.22,0.21,0.32,0.25,0.26,NA,FALSE,NA,NA,FALSE,NA,FALSE,FALSE,FALSE,FALSE,NA,NA,NA,NA,NA,NA,NA,FALSE,FALSE,FALSE,FALSE,FALSE,FALSE
1774,NA,0.31,NA,NA,0.36,NA,0.32,0.36,0.32,0.29,NA,NA,NA,NA,NA,NA,NA,0.22,0.23,0.2,0.29,0.24,0.25,NA,FALSE,NA,NA,FALSE,NA,FALSE,FALSE,FALSE,FALSE,NA,NA,NA,NA,NA,NA,NA,FALSE,FALSE,FALSE,FALSE,FALSE,FALSE
1775,NA,0.34,NA,NA,0.37,NA,0.37,0.37,0.34,0.31,NA,NA,NA,NA,NA,NA,NA,0.25,0.25,0.22,0.32,0.26,0.29,NA,FALSE,NA,NA,FALSE,NA,FALSE,FALSE,FALSE,FALSE,NA,NA,NA,NA,NA,NA,NA,FALSE,FALSE,FALSE,FALSE,FALSE,FALSE
1776,NA,0.32,NA,NA,0.35,NA,0.32,0.32,0.32,0.28,NA,NA,NA,NA,NA,NA,NA,0.24,0.24,0.22,0.32,0.26,0.28,NA,FALSE,NA,NA,FALSE,NA,FALSE,FALSE,FALSE,FALSE,NA,NA,NA,NA,NA,NA,NA,FALSE,FALSE,FALSE,FALSE,FALSE,FALSE
1777,NA,0.3,NA,NA,0.35,NA,0.33,0.33,0.31,0.29,NA,0.37,NA,NA,NA,NA,NA,0.23,0.22,0.21,0.29,0.22,0.26,NA,FALSE,NA,NA,FALSE,NA,FALSE,FALSE,FALSE,FALSE,NA,TRUE,NA,NA,NA,NA,NA,FALSE,FALSE,FALSE,FALSE,FALSE,FALSE
1778,NA,0.29,NA,NA,0.43,NA,0.31,0.3,0.32,0.29,NA,0.38,NA,NA,NA,NA,NA,0.22,0.21,0.19,0.28,0.23,0.25,NA,FALSE,NA,NA,TRUE,NA,FALSE,FALSE,FALSE,FALSE,NA,TRUE,NA,NA,NA,NA,NA,FALSE,FALSE,FALSE,FALSE,FALSE,FALSE
1779,NA,0.31,NA,NA,0.38,NA,0.31,0.34,0.32,0.3,NA,0.36,NA,NA,NA,NA,NA,0.26,0.23,0.21,0.28,0.27,0.28,NA,FALSE,NA,NA,FALSE,NA,FALSE,FALSE,FALSE,FALSE,NA,TRUE,NA,NA,NA,NA,NA,FALSE,FALSE,FALSE,FALSE,FALSE,FALSE
1780,NA,0.29,NA,NA,0.37,NA,0.3,0.33,0.31,0.28,NA,0.35,NA,NA,NA,NA,NA,0.25,0.23,0.21,0.29,0.27,0.26,NA,FALSE,NA,NA,FALSE,NA,FALSE,FALSE,FALSE,FALSE,NA,FALSE,NA,NA,NA,NA,NA,FALSE,FALSE,FALSE,FALSE,FALSE,FALSE
1781,NA,0.29,NA,NA,0.33,NA,0.3,0.32,0.29,0.25,NA,0.34,NA,NA,NA,NA,NA,0.24,0.21,0.19,0.29,0.27,0.26,NA,FALSE,NA,NA,FALSE,NA,FALSE,FALSE,FALSE,FALSE,NA,FALSE,NA,NA,NA,NA,NA,FALSE,FALSE,FALSE,FALSE,FALSE,FALSE
1782,NA,0.35,NA,NA,0.35,NA,0.32,0.34,0.3,0.26,NA,0.35,NA,NA,NA,NA,NA,0.24,0.25,0.24,0.33,0.29,0.27,NA,FALSE,NA,NA,FALSE,NA,FALSE,FALSE,FALSE,FALSE,NA,FALSE,NA,NA,NA,NA,NA,FALSE,FALSE,FALSE,FALSE,FALSE,FALSE
1783,NA,0.29,NA,NA,0.34,NA,0.34,0.34,0.31,0.27,NA,0.33,NA,NA,NA,NA,NA,0.24,0.23,0.3,0.31,0.27,0.24,NA,FALSE,NA,NA,FALSE,NA,FALSE,FALSE,FALSE,FALSE,NA,FALSE,NA,NA,NA,NA,NA,FALSE,FALSE,FALSE,FALSE,FALSE,FALSE
1784,NA,0.28,NA,NA,0.33,NA,0.33,0.35,0.3,0.28,NA,0.33,NA,NA,NA,NA,NA,0.27,0.24,0.23,0.3,0.25,0.25,NA,FALSE,NA,NA,FALSE,NA,FALSE,FALSE,FALSE,FALSE,NA,FALSE,NA,NA,NA,NA,NA,FALSE,FALSE,FALSE,FALSE,FALSE,FALSE
1785,NA,0.3,NA,NA,0.34,NA,0.34,0.31,0.32,0.29,NA,0.35,NA,NA,NA,NA,NA,0.27,0.26,0.24,0.31,0.25,0.25,NA,FALSE,NA,NA,FALSE,NA,FALSE,FALSE,FALSE,FALSE,NA,FALSE,NA,NA,NA,NA,NA,FALSE,FALSE,FALSE,FALSE,FALSE,FALSE
1786,NA,0.27,NA,NA,0.32,NA,0.3,0.32,0.29,0.27,NA,0.31,NA,NA,NA,NA,NA,0.23,0.22,0.21,0.29,0.23,0.23,NA,FALSE,NA,NA,FALSE,NA,FALSE,FALSE,FALSE,FALSE,NA,FALSE,NA,NA,NA,NA,NA,FALSE,FALSE,FALSE,FALSE,FALSE,FALSE
1787,NA,0.31,NA,NA,0.36,NA,0.3,0.34,0.31,0.3,NA,0.34,NA,NA,NA,NA,NA,0.29,0.25,0.24,0.3,0.28,0.27,NA,FALSE,NA,NA,FALSE,NA,FALSE,FALSE,FALSE,FALSE,NA,FALSE,NA,NA,NA,NA,NA,FALSE,FALSE,FALSE,FALSE,FALSE,FALSE
1788,NA,0.27,NA,NA,0.33,NA,0.3,0.31,0.28,0.28,NA,0.29,NA,NA,NA,NA,NA,0.25,0.23,0.22,0.29,0.26,0.25,NA,FALSE,NA,NA,FALSE,NA,FALSE,FALSE,FALSE,FALSE,NA,FALSE,NA,NA,NA,NA,NA,FALSE,FALSE,FALSE,FALSE,FALSE,FALSE
1789,NA,0.28,NA,NA,0.32,NA,0.28,0.34,0.27,0.25,NA,0.27,NA,NA,NA,NA,NA,0.25,0.23,0.2,0.29,0.23,0.23,NA,FALSE,NA,NA,FALSE,NA,FALSE,FALSE,FALSE,FALSE,NA,FALSE,NA,NA,NA,NA,NA,FALSE,FALSE,FALSE,FALSE,FALSE,FALSE
1790,NA,0.29,NA,NA,0.37,NA,0.29,0.3,0.28,0.28,NA,0.34,NA,NA,NA,NA,NA,0.23,0.24,0.2,0.31,0.25,0.27,NA,FALSE,NA,NA,FALSE,NA,FALSE,FALSE,FALSE,FALSE,NA,FALSE,NA,NA,NA,NA,NA,FALSE,FALSE,FALSE,FALSE,FALSE,FALSE
1791,NA,0.29,NA,NA,0.39,NA,0.33,0.33,0.35,0.33,NA,0.33,NA,NA,NA,NA,NA,0.25,0.26,0.21,0.32,0.26,0.27,NA,FALSE,NA,NA,FALSE,NA,FALSE,FALSE,FALSE,FALSE,NA,FALSE,NA,NA,NA,NA,NA,FALSE,FALSE,FALSE,FALSE,FALSE,FALSE
1792,NA,0.31,NA,NA,0.35,NA,0.33,0.35,0.29,0.25,NA,0.3,NA,NA,NA,NA,NA,0.24,0.24,0.21,0.33,0.26,0.26,NA,FALSE,NA,NA,FALSE,NA,FALSE,FALSE,FALSE,FALSE,NA,FALSE,NA,NA,NA,NA,NA,FALSE,FALSE,FALSE,FALSE,FALSE,FALSE
1793,NA,0.31,NA,NA,0.34,NA,0.29,0.33,0.27,0.26,NA,0.27,NA,NA,NA,NA,NA,0.26,0.23,0.21,0.29,0.23,0.26,NA,FALSE,NA,NA,FALSE,NA,FALSE,FALSE,FALSE,FALSE,NA,FALSE,NA,NA,NA,NA,NA,FALSE,FALSE,FALSE,FALSE,FALSE,FALSE
1794,NA,0.31,NA,NA,0.32,NA,0.29,0.34,0.27,0.28,NA,0.31,NA,NA,NA,NA,NA,0.24,0.23,0.22,0.3,0.27,0.26,NA,FALSE,NA,NA,FALSE,NA,FALSE,FALSE,FALSE,FALSE,NA,FALSE,NA,NA,NA,NA,NA,FALSE,FALSE,FALSE,FALSE,FALSE,FALSE
1795,NA,0.27,NA,NA,0.33,NA,0.3,0.33,0.28,0.26,NA,0.31,NA,NA,NA,NA,NA,0.23,0.23,0.21,0.32,0.26,0.25,NA,FALSE,NA,NA,FALSE,NA,FALSE,FALSE,FALSE,FALSE,NA,FALSE,NA,NA,NA,NA,NA,FALSE,FALSE,FALSE,FALSE,FALSE,FALSE
1796,NA,0.29,NA,NA,0.33,NA,0.3,0.34,0.3,0.27,NA,0.3,NA,NA,NA,NA,NA,0.29,0.34,0.22,0.3,0.24,0.26,NA,FALSE,NA,NA,FALSE,NA,FALSE,FALSE,FALSE,FALSE,NA,FALSE,NA,NA,NA,NA,NA,FALSE,FALSE,FALSE,FALSE,FALSE,FALSE
1797,NA,0.3,NA,NA,0.33,NA,0.32,0.33,0.28,0.27,0.57,0.27,NA,NA,NA,NA,NA,0.24,0.23,0.25,0.34,0.26,0.26,NA,FALSE,NA,NA,FALSE,NA,FALSE,FALSE,FALSE,FALSE,TRUE,FALSE,NA,NA,NA,NA,NA,FALSE,FALSE,FALSE,FALSE,FALSE,FALSE
1798,NA,0.29,NA,NA,0.34,NA,0.3,0.31,0.27,0.24,0.37,0.26,NA,NA,NA,NA,NA,0.21,0.24,0.23,0.27,0.26,0.25,NA,FALSE,NA,NA,FALSE,NA,FALSE,FALSE,FALSE,FALSE,FALSE,FALSE,NA,NA,NA,NA,NA,FALSE,FALSE,FALSE,FALSE,FALSE,FALSE
1799,NA,0.33,NA,NA,0.38,NA,0.33,0.35,0.28,0.28,0.34,0.26,NA,NA,NA,NA,NA,0.26,0.26,0.25,0.31,0.27,0.25,NA,FALSE,NA,NA,FALSE,NA,FALSE,FALSE,FALSE,FALSE,FALSE,FALSE,NA,NA,NA,NA,NA,FALSE,FALSE,FALSE,FALSE,FALSE,FALSE
1800,NA,0.31,NA,NA,0.35,NA,0.3,0.34,0.27,0.27,0.36,0.28,NA,NA,NA,NA,NA,0.24,0.24,0.25,0.3,0.25,0.25,NA,FALSE,NA,NA,FALSE,NA,FALSE,FALSE,FALSE,FALSE,FALSE,FALSE,NA,NA,NA,NA,NA,FALSE,FALSE,FALSE,FALSE,FALSE,FALSE
1801,NA,0.31,NA,NA,0.34,NA,0.3,0.33,0.28,0.24,0.45,0.28,NA,NA,NA,NA,NA,0.24,0.25,0.25,0.32,0.26,0.27,NA,FALSE,NA,NA,FALSE,NA,FALSE,FALSE,FALSE,FALSE,TRUE,FALSE,NA,NA,NA,NA,NA,FALSE,FALSE,FALSE,FALSE,FALSE,FALSE
1802,NA,0.3,NA,NA,0.35,NA,0.3,0.34,0.28,0.26,0.34,0.28,NA,NA,NA,NA,NA,0.23,0.23,0.21,0.27,0.22,0.23,NA,FALSE,NA,NA,FALSE,NA,FALSE,FALSE,FALSE,FALSE,FALSE,FALSE,NA,NA,NA,NA,NA,FALSE,FALSE,FALSE,FALSE,FALSE,FALSE
1803,NA,0.31,NA,NA,0.36,NA,0.32,0.34,0.3,0.27,0.33,0.27,NA,NA,NA,NA,NA,0.23,0.25,0.24,0.3,0.27,0.28,NA,FALSE,NA,NA,FALSE,NA,FALSE,FALSE,FALSE,FALSE,FALSE,FALSE,NA,NA,NA,NA,NA,FALSE,FALSE,FALSE,FALSE,FALSE,FALSE
1804,NA,0.3,NA,NA,0.33,NA,0.31,0.32,0.32,0.3,0.34,0.29,NA,NA,NA,NA,NA,0.23,0.24,0.24,0.29,0.25,0.24,NA,FALSE,NA,NA,FALSE,NA,FALSE,FALSE,FALSE,FALSE,FALSE,FALSE,NA,NA,NA,NA,NA,FALSE,FALSE,FALSE,FALSE,FALSE,FALSE
1805,NA,0.3,NA,NA,0.34,NA,0.31,0.33,0.29,0.27,0.32,0.28,NA,NA,NA,NA,NA,0.23,0.23,0.24,0.3,0.25,0.26,NA,FALSE,NA,NA,FALSE,NA,FALSE,FALSE,FALSE,FALSE,FALSE,FALSE,NA,NA,NA,NA,NA,FALSE,FALSE,FALSE,FALSE,FALSE,FALSE
1806,NA,0.32,NA,NA,0.35,NA,0.32,0.34,0.29,0.24,0.3,0.28,NA,NA,NA,NA,NA,0.3,0.25,0.23,0.36,0.27,0.29,NA,FALSE,NA,NA,FALSE,NA,FALSE,FALSE,FALSE,FALSE,FALSE,FALSE,NA,NA,NA,NA,NA,FALSE,FALSE,FALSE,FALSE,FALSE,FALSE
1807,NA,0.28,NA,NA,0.34,NA,0.28,0.31,0.28,0.25,0.34,0.27,NA,NA,NA,NA,NA,0.2,0.22,0.21,0.29,0.23,0.24,NA,FALSE,NA,NA,FALSE,NA,FALSE,FALSE,FALSE,FALSE,FALSE,FALSE,NA,NA,NA,NA,NA,FALSE,FALSE,FALSE,FALSE,FALSE,FALSE
1808,NA,0.34,NA,NA,0.34,NA,0.3,0.33,0.3,0.25,0.35,0.27,NA,NA,NA,NA,NA,0.33,0.26,0.26,0.35,0.26,0.27,NA,FALSE,NA,NA,FALSE,NA,FALSE,FALSE,FALSE,FALSE,FALSE,FALSE,NA,NA,NA,NA,NA,TRUE,FALSE,FALSE,FALSE,FALSE,FALSE
1809,NA,0.35,NA,NA,0.33,NA,0.35,0.33,0.3,0.27,0.31,0.26,NA,NA,NA,NA,NA,0.24,0.25,0.25,0.3,0.22,0.27,NA,FALSE,NA,NA,FALSE,NA,FALSE,FALSE,FALSE,FALSE,FALSE,FALSE,NA,NA,NA,NA,NA,FALSE,FALSE,FALSE,FALSE,FALSE,FALSE
1810,NA,0.3,NA,NA,0.34,NA,0.32,0.36,0.29,0.29,0.3,0.27,NA,NA,NA,NA,0.38,0.28,0.28,0.24,0.35,0.23,0.26,NA,FALSE,NA,NA,FALSE,NA,FALSE,FALSE,FALSE,FALSE,FALSE,FALSE,NA,NA,NA,NA,TRUE,FALSE,FALSE,FALSE,FALSE,FALSE,FALSE
1811,0.28,0.31,NA,NA,0.35,NA,0.33,0.33,0.28,0.26,0.27,0.24,NA,NA,NA,NA,0.31,0.25,0.25,0.24,0.3,0.2,0.25,FALSE,FALSE,NA,NA,FALSE,NA,FALSE,FALSE,FALSE,FALSE,FALSE,FALSE,NA,NA,NA,NA,FALSE,FALSE,FALSE,FALSE,FALSE,FALSE,FALSE
1812,0.29,0.36,NA,NA,0.34,NA,0.32,0.33,0.31,0.29,0.29,0.28,NA,NA,NA,NA,0.26,0.24,0.24,0.25,0.3,0.21,0.22,FALSE,FALSE,NA,NA,FALSE,NA,FALSE,FALSE,FALSE,FALSE,FALSE,FALSE,NA,NA,NA,NA,FALSE,FALSE,FALSE,FALSE,FALSE,FALSE,FALSE
1813,0.28,0.31,NA,NA,0.31,NA,0.33,0.32,0.28,0.25,0.27,0.25,NA,NA,NA,NA,0.28,0.23,0.24,0.23,0.28,0.21,0.23,FALSE,FALSE,NA,NA,FALSE,NA,FALSE,FALSE,FALSE,FALSE,FALSE,FALSE,NA,NA,NA,NA,FALSE,FALSE,FALSE,FALSE,FALSE,FALSE,FALSE
1814,0.29,0.33,NA,NA,0.3,NA,0.32,0.32,0.27,0.27,0.28,0.26,NA,NA,NA,NA,0.28,0.22,0.24,0.24,0.27,0.21,0.23,FALSE,FALSE,NA,NA,FALSE,NA,FALSE,FALSE,FALSE,FALSE,FALSE,FALSE,NA,NA,NA,NA,FALSE,FALSE,FALSE,FALSE,FALSE,FALSE,FALSE
1815,0.28,0.31,NA,NA,0.33,NA,0.32,0.34,0.29,0.28,0.3,0.29,NA,NA,NA,NA,0.27,0.26,0.26,0.25,0.3,0.24,0.25,FALSE,FALSE,NA,NA,FALSE,NA,FALSE,FALSE,FALSE,FALSE,FALSE,FALSE,NA,NA,NA,NA,FALSE,FALSE,FALSE,FALSE,FALSE,FALSE,FALSE
1816,0.28,0.36,NA,NA,0.3,NA,0.33,0.34,0.28,0.25,0.28,0.27,NA,NA,NA,NA,0.27,0.25,0.27,0.25,0.29,0.22,0.26,FALSE,FALSE,NA,NA,FALSE,NA,FALSE,FALSE,FALSE,FALSE,FALSE,FALSE,NA,NA,NA,NA,FALSE,FALSE,FALSE,FALSE,FALSE,FALSE,FALSE
1817,0.28,0.33,NA,NA,0.32,NA,0.28,0.33,0.27,0.25,0.26,0.26,NA,NA,NA,NA,0.27,0.26,0.24,0.24,0.3,0.23,0.26,FALSE,FALSE,NA,NA,FALSE,NA,FALSE,FALSE,FALSE,FALSE,FALSE,FALSE,NA,NA,NA,NA,FALSE,FALSE,FALSE,FALSE,FALSE,FALSE,FALSE
1818,0.29,0.34,NA,NA,0.3,NA,0.31,0.33,0.29,0.27,0.27,0.26,NA,NA,NA,NA,0.25,0.26,0.25,0.26,0.32,0.24,0.27,FALSE,FALSE,NA,NA,FALSE,NA,FALSE,FALSE,FALSE,FALSE,FALSE,FALSE,NA,NA,NA,NA,FALSE,FALSE,FALSE,FALSE,FALSE,FALSE,FALSE
1819,0.28,0.31,NA,NA,0.33,NA,0.31,0.29,0.31,0.28,0.33,0.28,NA,NA,NA,NA,0.27,0.27,0.25,0.28,0.34,0.25,0.28,FALSE,FALSE,NA,NA,FALSE,NA,FALSE,FALSE,FALSE,FALSE,FALSE,FALSE,NA,NA,NA,NA,FALSE,FALSE,FALSE,FALSE,FALSE,FALSE,FALSE
1820,0.29,0.34,NA,NA,0.32,NA,0.29,0.3,0.29,0.27,0.39,0.29,NA,NA,NA,NA,0.29,0.27,0.28,0.26,0.34,0.26,0.35,FALSE,FALSE,NA,NA,FALSE,NA,FALSE,FALSE,FALSE,FALSE,FALSE,FALSE,NA,NA,NA,NA,FALSE,FALSE,FALSE,FALSE,FALSE,FALSE,FALSE
1821,0.29,0.32,NA,NA,0.29,NA,0.33,0.31,0.28,0.26,0.27,0.3,NA,NA,NA,NA,0.24,0.23,0.25,0.24,0.32,0.23,0.24,FALSE,FALSE,NA,NA,FALSE,NA,FALSE,FALSE,FALSE,FALSE,FALSE,FALSE,NA,NA,NA,NA,FALSE,FALSE,FALSE,FALSE,FALSE,FALSE,FALSE
1822,0.27,0.3,NA,NA,0.3,NA,0.3,0.29,0.26,0.23,0.26,0.25,NA,NA,NA,NA,0.24,0.21,0.23,0.22,0.25,0.2,0.23,FALSE,FALSE,NA,NA,FALSE,NA,FALSE,FALSE,FALSE,FALSE,FALSE,FALSE,NA,NA,NA,NA,FALSE,FALSE,FALSE,FALSE,FALSE,FALSE,FALSE
1823,0.26,0.29,NA,NA,0.28,NA,0.31,0.31,0.27,0.24,0.25,0.25,NA,NA,NA,NA,0.25,0.23,0.24,0.25,0.27,0.24,0.26,FALSE,FALSE,NA,NA,FALSE,NA,FALSE,FALSE,FALSE,FALSE,FALSE,FALSE,NA,NA,NA,NA,FALSE,FALSE,FALSE,FALSE,FALSE,FALSE,FALSE
1824,0.3,0.36,0.51,NA,0.31,NA,0.3,0.32,0.29,0.27,0.28,0.28,NA,NA,NA,NA,0.29,0.25,0.29,0.28,0.32,0.24,0.27,FALSE,FALSE,TRUE,NA,FALSE,NA,FALSE,FALSE,FALSE,FALSE,FALSE,FALSE,NA,NA,NA,NA,FALSE,FALSE,FALSE,FALSE,FALSE,FALSE,FALSE
1825,0.3,0.3,0.39,NA,0.29,NA,0.28,0.31,0.27,0.25,0.23,0.26,NA,NA,NA,NA,0.27,0.25,0.24,0.25,0.28,0.23,0.24,FALSE,FALSE,FALSE,NA,FALSE,NA,FALSE,FALSE,FALSE,FALSE,FALSE,FALSE,NA,NA,NA,NA,FALSE,FALSE,FALSE,FALSE,FALSE,FALSE,FALSE
1826,0.28,0.28,0.42,NA,0.29,NA,0.27,0.29,0.28,0.26,0.24,0.25,NA,NA,NA,NA,0.25,0.24,0.22,0.27,0.26,0.21,0.24,FALSE,FALSE,FALSE,NA,FALSE,NA,FALSE,FALSE,FALSE,FALSE,FALSE,FALSE,NA,NA,NA,NA,FALSE,FALSE,FALSE,FALSE,FALSE,FALSE,FALSE
1827,0.3,0.33,0.35,NA,0.3,NA,0.3,0.32,0.28,0.25,0.28,0.29,NA,NA,NA,NA,0.27,0.27,0.24,0.26,0.31,0.26,0.24,FALSE,FALSE,FALSE,NA,FALSE,NA,FALSE,FALSE,FALSE,FALSE,FALSE,FALSE,NA,NA,NA,NA,FALSE,FALSE,FALSE,FALSE,FALSE,FALSE,FALSE
1828,0.31,0.31,0.35,NA,0.32,0.32,0.38,0.33,0.29,0.25,0.28,0.28,NA,NA,NA,NA,0.27,0.27,0.25,0.27,0.32,0.25,0.25,FALSE,FALSE,FALSE,NA,FALSE,FALSE,FALSE,FALSE,FALSE,FALSE,FALSE,FALSE,NA,NA,NA,NA,FALSE,FALSE,FALSE,FALSE,FALSE,FALSE,FALSE
1829,0.3,0.31,0.33,NA,0.29,0.35,0.44,0.32,0.32,0.26,0.28,0.27,NA,NA,NA,NA,0.29,0.24,0.23,0.25,0.32,0.24,0.25,FALSE,FALSE,FALSE,NA,FALSE,FALSE,TRUE,FALSE,FALSE,FALSE,FALSE,FALSE,NA,NA,NA,NA,FALSE,FALSE,FALSE,FALSE,FALSE,FALSE,FALSE
1830,0.32,0.32,0.32,NA,0.31,0.35,0.44,0.33,0.31,0.24,0.26,0.27,NA,NA,NA,NA,0.29,0.24,0.23,0.24,0.3,0.24,0.28,FALSE,FALSE,FALSE,NA,FALSE,FALSE,TRUE,FALSE,FALSE,FALSE,FALSE,FALSE,NA,NA,NA,NA,FALSE,FALSE,FALSE,FALSE,FALSE,FALSE,FALSE
1831,0.29,0.32,0.36,NA,0.31,0.32,0.33,0.32,0.31,0.27,0.28,0.28,NA,NA,NA,NA,0.27,0.22,0.24,0.25,0.3,0.22,0.26,FALSE,FALSE,FALSE,NA,FALSE,FALSE,FALSE,FALSE,FALSE,FALSE,FALSE,FALSE,NA,NA,NA,NA,FALSE,FALSE,FALSE,FALSE,FALSE,FALSE,FALSE
1832,0.28,0.3,0.34,NA,0.29,0.32,0.32,0.32,0.31,0.26,0.27,0.27,NA,NA,NA,NA,0.27,0.29,0.23,0.26,0.32,0.23,0.27,FALSE,FALSE,FALSE,NA,FALSE,FALSE,FALSE,FALSE,FALSE,FALSE,FALSE,FALSE,NA,NA,NA,NA,FALSE,FALSE,FALSE,FALSE,FALSE,FALSE,FALSE
1833,0.26,0.28,0.55,NA,0.28,0.3,0.31,0.32,0.29,0.28,0.27,0.26,NA,NA,NA,NA,0.27,0.23,0.23,0.24,0.3,0.23,0.25,FALSE,FALSE,TRUE,NA,FALSE,FALSE,FALSE,FALSE,FALSE,FALSE,FALSE,FALSE,NA,NA,NA,NA,FALSE,FALSE,FALSE,FALSE,FALSE,FALSE,FALSE
1834,0.31,0.31,0.47,NA,0.29,0.31,0.33,0.33,0.29,0.32,0.29,0.26,NA,NA,NA,NA,0.25,0.22,0.22,0.25,0.27,0.22,0.25,FALSE,FALSE,TRUE,NA,FALSE,FALSE,FALSE,FALSE,FALSE,FALSE,FALSE,FALSE,NA,NA,NA,NA,FALSE,FALSE,FALSE,FALSE,FALSE,FALSE,FALSE
1835,0.3,0.32,0.31,NA,0.3,0.31,0.32,0.33,0.28,0.48,0.26,0.27,NA,NA,NA,NA,0.28,0.25,0.23,0.24,0.29,0.24,0.27,FALSE,FALSE,FALSE,NA,FALSE,FALSE,FALSE,FALSE,FALSE,TRUE,FALSE,FALSE,NA,NA,NA,NA,FALSE,FALSE,FALSE,FALSE,FALSE,FALSE,FALSE
1836,0.3,0.3,0.31,NA,0.31,0.33,0.42,0.36,0.29,0.34,0.29,0.28,NA,NA,NA,NA,0.3,0.24,0.23,0.25,0.35,0.2,0.27,FALSE,FALSE,FALSE,NA,FALSE,FALSE,TRUE,FALSE,FALSE,FALSE,FALSE,FALSE,NA,NA,NA,NA,FALSE,FALSE,FALSE,FALSE,FALSE,FALSE,FALSE
1837,0.33,0.32,0.32,NA,0.33,0.33,0.33,0.35,0.33,0.34,0.31,0.3,NA,NA,NA,NA,0.3,0.24,0.25,0.26,0.31,0.25,0.28,FALSE,FALSE,FALSE,NA,FALSE,FALSE,FALSE,FALSE,FALSE,FALSE,FALSE,FALSE,NA,NA,NA,NA,FALSE,FALSE,FALSE,FALSE,FALSE,FALSE,FALSE
1838,0.27,0.29,0.33,0.54,0.3,0.31,0.32,0.33,0.31,0.34,0.29,0.28,NA,NA,NA,NA,0.26,0.23,0.29,0.25,0.31,0.22,0.27,FALSE,FALSE,FALSE,FALSE,FALSE,FALSE,FALSE,FALSE,FALSE,FALSE,FALSE,FALSE,NA,NA,NA,NA,FALSE,FALSE,FALSE,FALSE,FALSE,FALSE,FALSE
1839,0.3,0.3,0.29,0.38,0.27,0.3,0.31,0.32,0.27,0.29,0.26,0.25,NA,NA,NA,NA,0.28,0.22,0.21,0.25,0.29,0.22,0.25,FALSE,FALSE,FALSE,FALSE,FALSE,FALSE,FALSE,FALSE,FALSE,FALSE,FALSE,FALSE,NA,NA,NA,NA,FALSE,FALSE,FALSE,FALSE,FALSE,FALSE,FALSE
1840,0.31,0.29,0.31,0.5,0.32,0.32,0.31,0.32,0.3,0.33,0.28,0.28,NA,NA,NA,NA,0.28,0.24,0.25,0.25,0.32,0.25,0.28,FALSE,FALSE,FALSE,FALSE,FALSE,FALSE,FALSE,FALSE,FALSE,FALSE,FALSE,FALSE,NA,NA,NA,NA,FALSE,FALSE,FALSE,FALSE,FALSE,FALSE,FALSE
1841,0.29,0.37,0.27,0.42,0.33,0.34,0.3,0.33,0.3,0.3,0.29,0.27,NA,NA,NA,NA,0.27,0.24,0.24,0.25,0.31,0.21,0.26,FALSE,FALSE,FALSE,FALSE,FALSE,FALSE,FALSE,FALSE,FALSE,FALSE,FALSE,FALSE,NA,NA,NA,NA,FALSE,FALSE,FALSE,FALSE,FALSE,FALSE,FALSE
1842,0.32,0.33,0.37,0.6,0.34,0.34,0.31,0.33,0.29,0.3,0.3,0.27,NA,NA,NA,NA,0.3,0.29,0.26,0.28,0.33,0.26,0.32,FALSE,FALSE,FALSE,FALSE,FALSE,FALSE,FALSE,FALSE,FALSE,FALSE,FALSE,FALSE,NA,NA,NA,NA,FALSE,FALSE,FALSE,FALSE,FALSE,FALSE,FALSE
1843,0.29,0.33,0.31,0.57,0.33,0.34,0.29,0.34,0.27,0.28,0.29,0.28,NA,NA,NA,NA,0.27,0.23,0.24,0.24,0.32,0.23,0.26,FALSE,FALSE,FALSE,FALSE,FALSE,FALSE,FALSE,FALSE,FALSE,FALSE,FALSE,FALSE,NA,NA,NA,NA,FALSE,FALSE,FALSE,FALSE,FALSE,FALSE,FALSE
1844,0.33,0.36,0.3,0.38,0.33,0.33,0.33,0.38,0.29,0.3,0.29,0.28,NA,NA,NA,NA,0.28,0.25,0.27,0.25,0.31,0.23,0.28,FALSE,FALSE,FALSE,FALSE,FALSE,FALSE,FALSE,FALSE,FALSE,FALSE,FALSE,FALSE,NA,NA,NA,NA,FALSE,FALSE,FALSE,FALSE,FALSE,FALSE,FALSE
1845,0.3,0.33,0.35,0.65,0.34,0.34,0.32,0.33,0.28,0.31,0.29,0.29,NA,NA,NA,NA,0.31,0.26,0.28,0.3,0.47,0.29,0.38,FALSE,FALSE,FALSE,TRUE,FALSE,FALSE,FALSE,FALSE,FALSE,FALSE,FALSE,FALSE,NA,NA,NA,NA,FALSE,FALSE,FALSE,FALSE,TRUE,FALSE,TRUE
1846,0.3,0.33,0.34,0.67,0.31,0.34,0.31,0.33,0.29,0.31,0.29,0.29,NA,NA,NA,NA,0.26,0.22,0.23,0.24,0.31,0.21,0.25,FALSE,FALSE,FALSE,TRUE,FALSE,FALSE,FALSE,FALSE,FALSE,FALSE,FALSE,FALSE,NA,NA,NA,NA,FALSE,FALSE,FALSE,FALSE,FALSE,FALSE,FALSE
1847,0.34,0.35,0.37,0.66,0.34,0.35,0.35,0.38,0.31,0.31,0.31,0.3,NA,NA,NA,NA,0.28,0.26,0.26,0.27,0.32,0.24,0.32,FALSE,FALSE,FALSE,TRUE,FALSE,FALSE,FALSE,FALSE,FALSE,FALSE,FALSE,FALSE,NA,NA,NA,NA,FALSE,FALSE,FALSE,FALSE,FALSE,FALSE,FALSE
1848,0.3,0.35,0.29,0.51,0.33,0.35,0.32,0.35,0.27,0.29,0.27,0.27,NA,NA,NA,NA,0.28,0.22,0.22,0.23,0.27,0.23,0.27,FALSE,FALSE,FALSE,FALSE,FALSE,FALSE,FALSE,FALSE,FALSE,FALSE,FALSE,FALSE,NA,NA,NA,NA,FALSE,FALSE,FALSE,FALSE,FALSE,FALSE,FALSE
1849,0.3,0.36,0.27,0.45,0.3,0.32,0.31,0.35,0.28,0.32,0.27,0.28,NA,NA,NA,NA,0.28,0.22,0.23,0.24,0.27,0.24,0.3,FALSE,FALSE,FALSE,FALSE,FALSE,FALSE,FALSE,FALSE,FALSE,FALSE,FALSE,FALSE,NA,NA,NA,NA,FALSE,FALSE,FALSE,FALSE,FALSE,FALSE,FALSE
1850,0.36,0.36,0.3,0.53,0.32,0.33,0.31,0.39,0.33,0.32,0.31,0.25,NA,NA,NA,NA,0.28,0.25,0.26,0.29,0.39,0.29,0.33,FALSE,FALSE,FALSE,FALSE,FALSE,FALSE,FALSE,FALSE,FALSE,FALSE,FALSE,FALSE,NA,NA,NA,NA,FALSE,FALSE,FALSE,FALSE,TRUE,FALSE,FALSE
1851,0.28,0.32,0.27,0.5,0.29,0.32,0.28,0.34,0.27,0.28,0.27,0.28,NA,NA,NA,NA,0.25,0.21,0.22,0.24,0.3,0.21,0.26,FALSE,FALSE,FALSE,FALSE,FALSE,FALSE,FALSE,FALSE,FALSE,FALSE,FALSE,FALSE,NA,NA,NA,NA,FALSE,FALSE,FALSE,FALSE,FALSE,FALSE,FALSE
1852,0.29,0.33,0.28,0.36,0.32,0.34,0.33,0.33,0.28,0.31,0.28,0.28,NA,NA,NA,NA,0.28,0.23,0.23,0.26,0.3,0.25,0.26,FALSE,FALSE,FALSE,FALSE,FALSE,FALSE,FALSE,FALSE,FALSE,FALSE,FALSE,FALSE,NA,NA,NA,NA,FALSE,FALSE,FALSE,FALSE,FALSE,FALSE,FALSE
1853,0.31,0.34,0.3,0.38,0.31,0.33,0.32,0.31,0.3,0.31,0.29,0.28,NA,NA,NA,NA,0.26,0.24,0.23,0.24,0.33,0.24,0.27,FALSE,FALSE,FALSE,FALSE,FALSE,FALSE,FALSE,FALSE,FALSE,FALSE,FALSE,FALSE,NA,NA,NA,NA,FALSE,FALSE,FALSE,FALSE,FALSE,FALSE,FALSE
1854,0.33,0.41,0.29,0.32,0.31,0.32,0.31,0.35,0.28,0.31,0.28,0.28,NA,NA,NA,NA,0.28,0.27,0.25,0.26,0.32,0.26,0.28,FALSE,FALSE,FALSE,FALSE,FALSE,FALSE,FALSE,FALSE,FALSE,FALSE,FALSE,FALSE,NA,NA,NA,NA,FALSE,FALSE,FALSE,FALSE,FALSE,FALSE,FALSE
1855,0.3,0.35,0.26,0.28,0.31,0.32,0.31,0.31,0.28,0.3,0.27,0.25,NA,NA,NA,NA,0.26,0.29,0.22,0.22,0.3,0.23,0.25,FALSE,FALSE,FALSE,FALSE,FALSE,FALSE,FALSE,FALSE,FALSE,FALSE,FALSE,FALSE,NA,NA,NA,NA,FALSE,FALSE,FALSE,FALSE,FALSE,FALSE,FALSE
1856,0.33,0.36,0.32,0.31,0.31,0.32,0.32,0.32,0.35,0.34,0.28,0.28,NA,NA,NA,NA,0.27,0.26,0.24,0.25,0.31,0.24,0.29,FALSE,FALSE,FALSE,FALSE,FALSE,FALSE,FALSE,FALSE,FALSE,FALSE,FALSE,FALSE,NA,NA,NA,NA,FALSE,FALSE,FALSE,FALSE,FALSE,FALSE,FALSE
1857,0.3,0.34,0.31,0.34,0.35,0.33,0.32,0.31,0.3,0.32,0.28,0.26,NA,NA,NA,NA,0.27,0.26,0.24,0.23,0.32,0.23,0.26,FALSE,FALSE,FALSE,FALSE,FALSE,FALSE,FALSE,FALSE,FALSE,FALSE,FALSE,FALSE,NA,NA,NA,NA,FALSE,FALSE,FALSE,FALSE,FALSE,FALSE,FALSE
1858,0.3,0.36,0.33,0.43,0.34,0.34,0.32,0.32,0.29,0.33,0.28,0.28,NA,NA,NA,NA,0.25,0.26,0.23,0.23,0.3,0.25,0.27,FALSE,FALSE,FALSE,FALSE,FALSE,FALSE,FALSE,FALSE,FALSE,FALSE,FALSE,FALSE,NA,NA,NA,NA,FALSE,FALSE,FALSE,FALSE,FALSE,FALSE,FALSE
1859,0.3,0.36,0.55,0.5,0.33,0.33,0.32,0.3,0.3,0.4,0.26,0.24,NA,NA,NA,NA,0.28,0.26,0.26,0.26,0.32,0.26,0.29,FALSE,FALSE,TRUE,FALSE,FALSE,FALSE,FALSE,FALSE,FALSE,TRUE,FALSE,FALSE,NA,NA,NA,NA,FALSE,FALSE,FALSE,FALSE,FALSE,FALSE,FALSE
1860,0.28,0.32,0.46,0.35,0.32,0.34,0.32,0.31,0.33,0.34,0.26,0.24,NA,NA,NA,NA,0.25,0.23,0.21,0.23,0.27,0.21,0.26,FALSE,FALSE,FALSE,FALSE,FALSE,FALSE,FALSE,FALSE,FALSE,FALSE,FALSE,FALSE,NA,NA,NA,NA,FALSE,FALSE,FALSE,FALSE,FALSE,FALSE,FALSE
1861,0.29,0.35,0.46,0.37,0.34,0.36,0.32,0.3,0.31,0.36,0.29,0.28,NA,NA,0.27,NA,0.26,0.26,0.23,0.26,0.3,0.26,0.29,FALSE,FALSE,FALSE,FALSE,FALSE,FALSE,FALSE,FALSE,FALSE,FALSE,FALSE,FALSE,NA,NA,FALSE,NA,FALSE,FALSE,FALSE,FALSE,FALSE,FALSE,FALSE
1862,0.31,0.37,0.41,0.35,0.33,0.34,0.31,0.31,0.32,0.37,0.27,0.29,NA,NA,0.3,NA,0.25,0.25,0.25,0.27,0.32,0.25,0.29,FALSE,FALSE,FALSE,FALSE,FALSE,FALSE,FALSE,FALSE,FALSE,FALSE,FALSE,FALSE,NA,NA,FALSE,NA,FALSE,FALSE,FALSE,FALSE,FALSE,FALSE,FALSE
1863,0.3,0.31,0.39,0.46,0.3,0.32,0.3,0.3,0.27,0.29,0.25,0.24,NA,NA,0.23,NA,0.24,0.22,0.21,0.21,0.27,0.22,0.25,FALSE,FALSE,FALSE,FALSE,FALSE,FALSE,FALSE,FALSE,FALSE,FALSE,FALSE,FALSE,NA,NA,FALSE,NA,FALSE,FALSE,FALSE,FALSE,FALSE,FALSE,FALSE
1864,0.33,0.45,0.41,0.36,0.34,0.33,0.33,0.36,0.32,0.37,0.29,0.34,NA,NA,0.27,0.29,0.27,0.26,0.27,0.25,0.33,0.26,0.29,FALSE,FALSE,FALSE,FALSE,FALSE,FALSE,FALSE,FALSE,FALSE,FALSE,FALSE,FALSE,NA,NA,FALSE,FALSE,FALSE,FALSE,FALSE,FALSE,FALSE,FALSE,FALSE
1865,0.31,0.32,0.37,0.44,0.29,0.29,0.3,0.3,0.28,0.28,0.27,0.25,NA,NA,0.26,0.25,0.27,0.26,0.25,0.24,0.3,0.25,0.26,FALSE,FALSE,FALSE,FALSE,FALSE,FALSE,FALSE,FALSE,FALSE,FALSE,FALSE,FALSE,NA,NA,FALSE,FALSE,FALSE,FALSE,FALSE,FALSE,FALSE,FALSE,FALSE
1866,0.33,0.34,0.36,0.45,0.36,0.32,0.33,0.31,0.27,0.31,0.3,0.28,NA,NA,0.26,0.26,0.25,0.26,0.24,0.23,0.28,0.24,0.25,FALSE,FALSE,FALSE,FALSE,FALSE,FALSE,FALSE,FALSE,FALSE,FALSE,FALSE,FALSE,NA,NA,FALSE,FALSE,FALSE,FALSE,FALSE,FALSE,FALSE,FALSE,FALSE
1867,0.32,0.32,0.33,0.41,0.31,0.3,0.31,0.29,0.29,0.29,0.28,0.26,NA,NA,0.27,0.25,0.25,0.27,0.25,0.25,0.32,0.28,0.26,FALSE,FALSE,FALSE,FALSE,FALSE,FALSE,FALSE,FALSE,FALSE,FALSE,FALSE,FALSE,NA,NA,FALSE,FALSE,FALSE,FALSE,FALSE,FALSE,FALSE,FALSE,FALSE
1868,0.32,0.33,0.33,0.37,0.31,0.29,0.33,0.34,0.28,0.31,0.28,0.26,NA,NA,0.26,0.26,0.25,0.24,0.24,0.23,0.29,0.31,0.24,FALSE,FALSE,FALSE,FALSE,FALSE,FALSE,FALSE,FALSE,FALSE,FALSE,FALSE,FALSE,NA,NA,FALSE,FALSE,FALSE,FALSE,FALSE,FALSE,FALSE,FALSE,FALSE
1869,0.33,0.35,0.34,0.33,0.34,0.33,0.36,0.33,0.29,0.28,0.27,0.28,NA,NA,0.27,0.27,0.28,0.27,0.24,0.24,0.3,0.27,0.27,FALSE,FALSE,FALSE,FALSE,FALSE,FALSE,FALSE,FALSE,FALSE,FALSE,FALSE,FALSE,NA,NA,FALSE,FALSE,FALSE,FALSE,FALSE,FALSE,FALSE,FALSE,FALSE
1870,0.33,0.37,0.31,0.4,0.32,0.31,0.36,0.32,0.25,0.29,0.27,0.25,NA,NA,0.27,0.24,0.29,0.28,0.23,0.24,0.28,0.25,0.23,FALSE,FALSE,FALSE,FALSE,FALSE,FALSE,FALSE,FALSE,FALSE,FALSE,FALSE,FALSE,NA,NA,FALSE,FALSE,FALSE,FALSE,FALSE,FALSE,FALSE,FALSE,FALSE
1871,0.34,0.36,0.31,0.44,0.34,0.34,0.41,0.33,0.29,0.37,0.28,0.27,NA,NA,0.29,0.26,0.27,0.26,0.23,0.24,0.29,0.28,0.27,FALSE,FALSE,FALSE,FALSE,FALSE,FALSE,FALSE,FALSE,FALSE,FALSE,FALSE,FALSE,NA,NA,FALSE,FALSE,FALSE,FALSE,FALSE,FALSE,FALSE,FALSE,FALSE
1872,0.35,0.36,0.31,0.44,0.33,0.35,0.35,0.34,0.28,0.33,0.27,0.26,NA,NA,0.28,0.25,0.27,0.24,0.24,0.25,0.29,0.31,0.24,FALSE,FALSE,FALSE,FALSE,FALSE,FALSE,FALSE,FALSE,FALSE,FALSE,FALSE,FALSE,NA,NA,FALSE,FALSE,FALSE,FALSE,FALSE,FALSE,FALSE,FALSE,FALSE
1873,0.33,0.35,0.31,0.39,0.35,0.33,0.35,0.33,0.3,0.3,0.25,0.26,NA,NA,0.26,0.24,0.28,0.28,0.23,0.25,0.3,0.28,0.25,FALSE,FALSE,FALSE,FALSE,FALSE,FALSE,FALSE,FALSE,FALSE,FALSE,FALSE,FALSE,NA,NA,FALSE,FALSE,FALSE,FALSE,FALSE,FALSE,FALSE,FALSE,FALSE
1874,0.29,0.38,0.34,0.43,0.35,0.31,0.33,0.36,0.33,0.32,0.28,0.26,NA,NA,0.3,0.24,0.28,0.28,0.24,0.26,0.29,0.28,0.25,FALSE,FALSE,FALSE,FALSE,FALSE,FALSE,FALSE,FALSE,FALSE,FALSE,FALSE,FALSE,NA,NA,FALSE,FALSE,FALSE,FALSE,FALSE,FALSE,FALSE,FALSE,FALSE
1875,0.3,0.35,0.28,0.38,0.33,0.29,0.34,0.35,0.28,0.29,0.25,0.28,NA,NA,0.24,0.23,0.25,0.23,0.2,0.22,0.27,0.22,0.2,FALSE,FALSE,FALSE,FALSE,FALSE,FALSE,FALSE,FALSE,FALSE,FALSE,FALSE,FALSE,NA,NA,FALSE,FALSE,FALSE,FALSE,FALSE,FALSE,FALSE,FALSE,FALSE
1876,0.33,0.41,0.34,0.37,0.36,0.33,0.32,0.34,0.32,0.32,0.3,0.3,NA,NA,0.27,0.24,0.27,0.26,0.24,0.25,0.32,0.26,0.27,FALSE,FALSE,FALSE,FALSE,FALSE,FALSE,FALSE,FALSE,FALSE,FALSE,FALSE,FALSE,NA,NA,FALSE,FALSE,FALSE,FALSE,FALSE,FALSE,FALSE,FALSE,FALSE
1877,0.3,0.32,0.34,0.38,0.32,0.28,0.33,0.34,0.28,0.28,0.28,0.27,NA,NA,0.26,0.23,0.26,0.23,0.23,0.22,0.27,0.23,0.23,FALSE,FALSE,FALSE,FALSE,FALSE,FALSE,FALSE,FALSE,FALSE,FALSE,FALSE,FALSE,NA,NA,FALSE,FALSE,FALSE,FALSE,FALSE,FALSE,FALSE,FALSE,FALSE
1878,0.29,0.33,0.33,0.36,0.36,0.29,0.32,0.36,0.31,0.31,0.3,0.3,NA,NA,0.28,0.24,0.24,0.24,0.24,0.23,0.28,0.24,0.23,FALSE,FALSE,FALSE,FALSE,FALSE,FALSE,FALSE,FALSE,FALSE,FALSE,FALSE,FALSE,NA,NA,FALSE,FALSE,FALSE,FALSE,FALSE,FALSE,FALSE,FALSE,FALSE
1879,0.3,0.32,0.3,0.35,0.31,0.28,0.29,0.35,0.3,0.28,0.26,0.27,NA,NA,0.27,0.25,0.28,0.26,0.23,0.22,0.3,0.24,0.22,FALSE,FALSE,FALSE,FALSE,FALSE,FALSE,FALSE,FALSE,FALSE,FALSE,FALSE,FALSE,NA,NA,FALSE,FALSE,FALSE,FALSE,FALSE,FALSE,FALSE,FALSE,FALSE
1880,0.33,0.37,0.3,0.54,0.35,0.31,0.31,0.35,0.29,0.29,0.27,0.27,NA,NA,0.3,0.25,0.28,0.28,0.24,0.24,0.3,0.26,0.25,FALSE,FALSE,FALSE,FALSE,FALSE,FALSE,FALSE,FALSE,FALSE,FALSE,FALSE,FALSE,NA,NA,FALSE,FALSE,FALSE,FALSE,FALSE,FALSE,FALSE,FALSE,FALSE
1881,0.37,0.36,0.3,0.55,0.34,0.31,0.31,0.35,0.3,0.29,0.32,0.29,NA,NA,0.29,0.23,0.25,0.24,0.24,0.24,0.3,0.23,0.21,FALSE,FALSE,FALSE,FALSE,FALSE,FALSE,FALSE,FALSE,FALSE,FALSE,FALSE,FALSE,NA,NA,FALSE,FALSE,FALSE,FALSE,FALSE,FALSE,FALSE,FALSE,FALSE
1882,0.3,0.32,0.29,0.52,0.32,0.29,0.29,0.34,0.31,0.27,0.27,0.26,NA,NA,0.3,0.24,0.35,0.25,0.22,0.21,0.29,0.22,0.2,FALSE,FALSE,FALSE,FALSE,FALSE,FALSE,FALSE,FALSE,FALSE,FALSE,FALSE,FALSE,NA,NA,FALSE,FALSE,TRUE,FALSE,FALSE,FALSE,FALSE,FALSE,FALSE
1883,0.31,0.33,0.29,0.48,0.34,0.31,0.35,0.37,0.32,0.28,0.28,0.29,0.46,NA,0.27,0.25,0.28,0.24,0.22,0.22,0.27,0.24,0.24,FALSE,FALSE,FALSE,FALSE,FALSE,FALSE,FALSE,FALSE,FALSE,FALSE,FALSE,FALSE,FALSE,NA,FALSE,FALSE,FALSE,FALSE,FALSE,FALSE,FALSE,FALSE,FALSE
1884,0.28,0.31,0.27,0.45,0.33,0.31,0.3,0.33,0.31,0.27,0.27,0.26,0.42,NA,0.26,0.27,0.29,0.26,0.25,0.23,0.28,0.25,0.21,FALSE,FALSE,FALSE,FALSE,FALSE,FALSE,FALSE,FALSE,FALSE,FALSE,FALSE,FALSE,FALSE,NA,FALSE,FALSE,FALSE,FALSE,FALSE,FALSE,FALSE,FALSE,FALSE
1885,0.32,0.34,0.36,0.6,0.33,0.32,0.48,0.44,0.3,0.31,0.3,0.28,0.46,NA,0.3,0.26,0.26,0.27,0.25,0.25,0.31,0.34,0.23,FALSE,FALSE,FALSE,FALSE,FALSE,FALSE,TRUE,TRUE,FALSE,FALSE,FALSE,FALSE,FALSE,NA,FALSE,FALSE,FALSE,FALSE,FALSE,FALSE,FALSE,FALSE,FALSE
1886,0.26,0.28,0.26,0.46,0.29,0.29,0.34,0.32,0.27,0.26,0.25,0.24,0.38,NA,0.25,0.22,0.25,0.23,0.2,0.21,0.27,0.22,0.19,FALSE,FALSE,FALSE,FALSE,FALSE,FALSE,FALSE,FALSE,FALSE,FALSE,FALSE,FALSE,FALSE,NA,FALSE,FALSE,FALSE,FALSE,FALSE,FALSE,FALSE,FALSE,FALSE
1887,0.32,0.33,0.3,0.52,0.32,0.34,0.32,0.32,0.33,0.28,0.3,0.28,0.53,NA,0.28,0.22,0.27,0.25,0.23,0.22,0.31,0.27,0.24,FALSE,FALSE,FALSE,FALSE,FALSE,FALSE,FALSE,FALSE,FALSE,FALSE,FALSE,FALSE,TRUE,NA,FALSE,FALSE,FALSE,FALSE,FALSE,FALSE,FALSE,FALSE,FALSE
1888,0.31,0.31,0.25,0.4,0.31,0.31,0.32,0.32,0.44,0.29,0.27,0.26,0.38,NA,0.28,0.23,0.25,0.24,0.21,0.21,0.31,0.22,0.21,FALSE,FALSE,FALSE,FALSE,FALSE,FALSE,FALSE,FALSE,TRUE,FALSE,FALSE,FALSE,FALSE,NA,FALSE,FALSE,FALSE,FALSE,FALSE,FALSE,FALSE,FALSE,FALSE
1889,0.32,0.34,0.26,0.38,0.29,0.31,0.35,0.34,0.31,0.29,0.32,0.28,0.37,0.52,0.28,0.26,0.29,0.26,0.22,0.22,0.3,0.24,0.21,FALSE,FALSE,FALSE,FALSE,FALSE,FALSE,FALSE,FALSE,FALSE,FALSE,FALSE,FALSE,FALSE,FALSE,FALSE,FALSE,FALSE,FALSE,FALSE,FALSE,FALSE,FALSE,FALSE
1890,0.3,0.35,0.25,0.34,0.3,0.3,0.31,0.3,0.3,0.28,0.31,0.29,0.35,0.61,0.28,0.25,0.27,0.27,0.23,0.23,0.3,0.24,0.22,FALSE,FALSE,FALSE,FALSE,FALSE,FALSE,FALSE,FALSE,FALSE,FALSE,FALSE,FALSE,FALSE,TRUE,FALSE,FALSE,FALSE,FALSE,FALSE,FALSE,FALSE,FALSE,FALSE
1891,0.28,0.31,0.27,0.34,0.28,0.32,0.31,0.34,0.31,0.28,0.28,0.27,0.39,0.72,0.29,0.26,0.24,0.27,0.2,0.22,0.28,0.23,0.22,FALSE,FALSE,FALSE,FALSE,FALSE,FALSE,FALSE,FALSE,FALSE,FALSE,FALSE,FALSE,FALSE,TRUE,FALSE,FALSE,FALSE,FALSE,FALSE,FALSE,FALSE,FALSE,FALSE
1892,0.32,0.35,0.26,0.33,0.3,0.32,0.33,0.32,0.3,0.28,0.3,0.3,0.38,0.56,0.3,0.27,0.29,0.26,0.22,0.23,0.29,0.24,0.22,FALSE,FALSE,FALSE,FALSE,FALSE,FALSE,FALSE,FALSE,FALSE,FALSE,FALSE,FALSE,FALSE,FALSE,FALSE,FALSE,FALSE,FALSE,FALSE,FALSE,FALSE,FALSE,FALSE
1893,0.34,0.34,0.26,0.32,0.28,0.3,0.34,0.33,0.3,0.29,0.3,0.28,0.39,0.62,0.27,0.25,0.28,0.24,0.23,0.23,0.29,0.24,0.22,FALSE,FALSE,FALSE,FALSE,FALSE,FALSE,FALSE,FALSE,FALSE,FALSE,FALSE,FALSE,FALSE,TRUE,FALSE,FALSE,FALSE,FALSE,FALSE,FALSE,FALSE,FALSE,FALSE
1894,0.33,0.32,0.26,0.35,0.3,0.33,0.33,0.33,0.31,0.29,0.27,0.27,0.4,0.6,0.27,0.33,0.25,0.25,0.22,0.23,0.32,0.24,0.24,FALSE,FALSE,FALSE,FALSE,FALSE,FALSE,FALSE,FALSE,FALSE,FALSE,FALSE,FALSE,FALSE,TRUE,FALSE,FALSE,FALSE,FALSE,FALSE,FALSE,FALSE,FALSE,FALSE
1895,0.32,0.33,0.26,0.36,0.32,0.32,0.34,0.33,0.3,0.29,0.3,0.28,0.32,0.49,0.29,0.27,0.28,0.26,0.22,0.21,0.31,0.22,0.24,FALSE,FALSE,FALSE,FALSE,FALSE,FALSE,FALSE,FALSE,FALSE,FALSE,FALSE,FALSE,FALSE,FALSE,FALSE,FALSE,FALSE,FALSE,FALSE,FALSE,FALSE,FALSE,FALSE
1896,0.33,0.34,0.27,0.34,0.33,0.32,0.32,0.31,0.27,0.29,0.27,0.29,0.35,0.5,0.3,0.27,0.28,0.28,0.22,0.22,0.33,0.26,0.24,FALSE,FALSE,FALSE,FALSE,FALSE,FALSE,FALSE,FALSE,FALSE,FALSE,FALSE,FALSE,FALSE,FALSE,FALSE,FALSE,FALSE,FALSE,FALSE,FALSE,FALSE,FALSE,FALSE
1897,0.37,0.39,0.26,0.34,0.32,0.33,0.32,0.32,0.29,0.32,0.28,0.29,0.33,0.45,0.3,0.26,0.29,0.27,0.24,0.23,0.32,0.25,0.22,FALSE,FALSE,FALSE,FALSE,FALSE,FALSE,FALSE,FALSE,FALSE,FALSE,FALSE,FALSE,FALSE,FALSE,FALSE,FALSE,FALSE,FALSE,FALSE,FALSE,FALSE,FALSE,FALSE
1898,0.34,0.36,0.24,0.31,0.3,0.3,0.32,0.31,0.29,0.3,0.28,0.3,0.35,0.45,0.28,0.27,0.28,0.27,0.24,0.22,0.31,0.23,0.23,FALSE,FALSE,FALSE,FALSE,FALSE,FALSE,FALSE,FALSE,FALSE,FALSE,FALSE,FALSE,FALSE,FALSE,FALSE,FALSE,FALSE,FALSE,FALSE,FALSE,FALSE,FALSE,FALSE
1899,0.34,0.35,0.22,0.29,0.31,0.33,0.3,0.32,0.28,0.29,0.28,0.28,0.37,0.38,0.25,0.25,0.27,0.29,0.21,0.22,0.31,0.25,0.23,FALSE,FALSE,FALSE,FALSE,FALSE,FALSE,FALSE,FALSE,FALSE,FALSE,FALSE,FALSE,FALSE,FALSE,FALSE,FALSE,FALSE,FALSE,FALSE,FALSE,FALSE,FALSE,FALSE
1900,0,0.44,0.25,0.3,0.31,0.34,0.31,0.37,0.28,0.29,0.28,0.26,0.37,0.38,0.29,0.27,0.24,0.26,0.24,0.22,0.31,0.22,0.22,TRUE,FALSE,FALSE,FALSE,FALSE,FALSE,FALSE,FALSE,FALSE,FALSE,FALSE,FALSE,FALSE,FALSE,FALSE,FALSE,FALSE,FALSE,FALSE,FALSE,FALSE,FALSE,FALSE
1901,0.28,0.32,0.23,0.31,0.29,0.31,0.28,0.3,0.29,0.26,0.27,0.3,0.33,0.38,0.25,0.24,0.23,0.24,0.21,0.2,0.3,0.24,0.23,FALSE,FALSE,FALSE,FALSE,FALSE,FALSE,FALSE,FALSE,FALSE,FALSE,FALSE,FALSE,FALSE,FALSE,FALSE,FALSE,FALSE,FALSE,FALSE,FALSE,FALSE,FALSE,FALSE
1902,0.36,0.42,0.26,0.33,0.31,0.34,0.31,0.31,0.28,0.29,0.3,0.28,0.31,0.36,0.29,0.25,0.26,0.27,0.24,0.26,0.35,0.26,0.25,FALSE,FALSE,FALSE,FALSE,FALSE,FALSE,FALSE,FALSE,FALSE,FALSE,FALSE,FALSE,FALSE,FALSE,FALSE,FALSE,FALSE,FALSE,FALSE,FALSE,FALSE,FALSE,FALSE
1903,0.38,0.34,0.27,0.31,0.31,0.31,0.31,0.32,0.29,0.29,0.27,0.28,0.32,0.39,0.29,0.26,0.25,0.3,0.23,0.24,0.33,0.28,0.24,FALSE,FALSE,FALSE,FALSE,FALSE,FALSE,FALSE,FALSE,FALSE,FALSE,FALSE,FALSE,FALSE,FALSE,FALSE,FALSE,FALSE,FALSE,FALSE,FALSE,FALSE,FALSE,FALSE
1904,0.35,0.36,0.25,0.29,0.32,0.31,0.31,0.33,0.26,0.27,0.3,0.27,0.31,0.4,0.29,0.27,0.27,0.29,0.22,0.22,0.3,0.25,0.24,FALSE,FALSE,FALSE,FALSE,FALSE,FALSE,FALSE,FALSE,FALSE,FALSE,FALSE,FALSE,FALSE,FALSE,FALSE,FALSE,FALSE,FALSE,FALSE,FALSE,FALSE,FALSE,FALSE
1905,0.34,0.36,0.25,0.27,0.31,0.32,0.33,0.34,0.27,0.28,0.3,0.28,0.28,0.36,0.3,0.26,0.28,0.27,0.23,0.22,0.32,0.25,0.24,FALSE,FALSE,FALSE,FALSE,FALSE,FALSE,FALSE,FALSE,FALSE,FALSE,FALSE,FALSE,FALSE,FALSE,FALSE,FALSE,FALSE,FALSE,FALSE,FALSE,FALSE,FALSE,FALSE
1906,0.38,0.42,0.25,0.31,0.3,0.33,0.34,0.35,0.27,0.29,0.3,0.29,0.32,0.39,0.29,0.26,0.28,0.27,0.23,0.21,0.31,0.28,0.22,FALSE,FALSE,FALSE,FALSE,FALSE,FALSE,FALSE,FALSE,FALSE,FALSE,FALSE,FALSE,FALSE,FALSE,FALSE,FALSE,FALSE,FALSE,FALSE,FALSE,FALSE,FALSE,FALSE
1907,0.33,0.35,0.24,0.28,0.31,0.3,0.31,0.32,0.27,0.28,0.3,0.28,0.29,0.35,0.29,0.25,0.24,0.25,0.23,0.24,0.31,0.26,0.23,FALSE,FALSE,FALSE,FALSE,FALSE,FALSE,FALSE,FALSE,FALSE,FALSE,FALSE,FALSE,FALSE,FALSE,FALSE,FALSE,FALSE,FALSE,FALSE,FALSE,FALSE,FALSE,FALSE
1908,0.32,0.33,0.22,0.26,0.32,0.3,0.3,0.31,0.25,0.26,0.28,0.28,0.28,0.36,0.26,0.26,0.25,0.29,0.22,0.22,0.3,0.26,0.24,FALSE,FALSE,FALSE,FALSE,FALSE,FALSE,FALSE,FALSE,FALSE,FALSE,FALSE,FALSE,FALSE,FALSE,FALSE,FALSE,FALSE,FALSE,FALSE,FALSE,FALSE,FALSE,FALSE
1909,0.37,0.4,0.27,0.28,0.34,0.33,0.32,0.32,0.29,0.29,0.29,0.3,0.3,0.4,0.28,0.25,0.22,0.26,0.25,0.25,0.32,0.26,0.26,FALSE,FALSE,FALSE,FALSE,FALSE,FALSE,FALSE,FALSE,FALSE,FALSE,FALSE,FALSE,FALSE,FALSE,FALSE,FALSE,FALSE,FALSE,FALSE,FALSE,FALSE,FALSE,FALSE
1910,0.34,0.36,0.25,0.28,0.34,0.35,0.32,0.34,0.26,0.29,0.29,0.29,0.33,0.38,0.3,0.24,0.25,0.27,0.24,0.26,0.34,0.27,0.24,FALSE,FALSE,FALSE,FALSE,FALSE,FALSE,FALSE,FALSE,FALSE,FALSE,FALSE,FALSE,FALSE,FALSE,FALSE,FALSE,FALSE,FALSE,FALSE,FALSE,FALSE,FALSE,FALSE
1911,0.34,0.35,0.25,0.28,0.3,0.32,0.29,0.31,0.25,0.27,0.25,0.26,0.28,0.36,0.29,0.23,0.25,0.25,0.25,0.24,0.32,0.25,0.25,FALSE,FALSE,FALSE,FALSE,FALSE,FALSE,FALSE,FALSE,FALSE,FALSE,FALSE,FALSE,FALSE,FALSE,FALSE,FALSE,FALSE,FALSE,FALSE,FALSE,FALSE,FALSE,FALSE
1912,0.3,0.37,0.24,0.28,0.35,0.34,0.32,0.32,0.27,0.25,0.28,0.28,0.29,0.35,0.32,0.25,0.26,0.26,0.23,0.24,0.29,0.24,0.24,FALSE,FALSE,FALSE,FALSE,FALSE,FALSE,FALSE,FALSE,FALSE,FALSE,FALSE,FALSE,FALSE,FALSE,FALSE,FALSE,FALSE,FALSE,FALSE,FALSE,FALSE,FALSE,FALSE
1913,0.32,0.34,0.22,0.26,0.27,0.3,0.29,0.31,0.26,0.26,0.26,0.25,0.27,0.33,0.28,0.24,0.26,0.25,0.24,0.24,0.3,0.26,0.23,FALSE,FALSE,FALSE,FALSE,FALSE,FALSE,FALSE,FALSE,FALSE,FALSE,FALSE,FALSE,FALSE,FALSE,FALSE,FALSE,FALSE,FALSE,FALSE,FALSE,FALSE,FALSE,FALSE
1914,0.34,0.38,0.25,0.28,0.31,0.33,0.33,0.32,0.27,0.28,0.28,0.27,0.29,0.34,0.27,0.27,0.26,0.28,0.24,0.26,0.31,0.25,0.24,FALSE,FALSE,FALSE,FALSE,FALSE,FALSE,FALSE,FALSE,FALSE,FALSE,FALSE,FALSE,FALSE,FALSE,FALSE,FALSE,FALSE,FALSE,FALSE,FALSE,FALSE,FALSE,FALSE
1915,0.34,0.37,0.25,0.27,0.3,0.29,0.32,0.33,0.28,0.28,0.28,0.27,0.28,0.34,0.26,0.25,0.25,0.24,0.24,0.25,0.3,0.27,0.25,FALSE,FALSE,FALSE,FALSE,FALSE,FALSE,FALSE,FALSE,FALSE,FALSE,FALSE,FALSE,FALSE,FALSE,FALSE,FALSE,FALSE,FALSE,FALSE,FALSE,FALSE,FALSE,FALSE
1916,0.34,0.38,0.3,0.3,0.29,0.31,0.3,0.3,0.3,0.28,0.28,0.28,0.32,0.37,0.29,0.26,0.25,0.29,0.31,0.27,0.33,0.38,0.29,FALSE,FALSE,FALSE,FALSE,FALSE,FALSE,FALSE,FALSE,FALSE,FALSE,FALSE,FALSE,FALSE,FALSE,FALSE,FALSE,FALSE,FALSE,FALSE,FALSE,FALSE,TRUE,FALSE
1917,0.32,0.38,0.24,0.25,0.3,0.32,0.31,0.33,0.24,0.25,0.28,0.25,0.28,0.35,0.26,0.25,0.25,0.26,0.22,0.23,0.29,0.27,0.24,FALSE,FALSE,FALSE,FALSE,FALSE,FALSE,FALSE,FALSE,FALSE,FALSE,FALSE,FALSE,FALSE,FALSE,FALSE,FALSE,FALSE,FALSE,FALSE,FALSE,FALSE,FALSE,FALSE
1918,0.37,0.4,0.25,0.29,0.31,0.33,0.32,0.31,0.25,0.25,0.31,0.29,0.28,0.34,0.28,0.26,0.25,0.26,0.24,0.24,0.27,0.26,0.25,FALSE,FALSE,FALSE,FALSE,FALSE,FALSE,FALSE,FALSE,FALSE,FALSE,FALSE,FALSE,FALSE,FALSE,FALSE,FALSE,FALSE,FALSE,FALSE,FALSE,FALSE,FALSE,FALSE
1919,0.3,0.38,0.25,0.27,0.3,0.33,0.32,0.33,0.25,0.25,0.29,0.23,0.27,0.34,0.27,0.25,0.27,0.24,0.24,0.24,0.26,0.27,0.25,FALSE,FALSE,FALSE,FALSE,FALSE,FALSE,FALSE,FALSE,FALSE,FALSE,FALSE,FALSE,FALSE,FALSE,FALSE,FALSE,FALSE,FALSE,FALSE,FALSE,FALSE,FALSE,FALSE
1920,0.32,0.36,0.24,0.27,0.33,0.33,0.33,0.31,0.22,0.23,0.27,0.25,0.33,0.31,0.24,0.24,0.25,0.22,0.22,0.22,0.25,0.23,0.23,FALSE,FALSE,FALSE,FALSE,FALSE,FALSE,FALSE,FALSE,FALSE,FALSE,FALSE,FALSE,FALSE,FALSE,FALSE,FALSE,FALSE,FALSE,FALSE,FALSE,FALSE,FALSE,FALSE
1921,0.43,0.43,0.25,0.29,0.34,0.37,0.33,0.34,0.31,0.36,0.31,0.29,0.31,0.34,0.27,0.25,0.22,0.27,0.26,0.24,0.29,0.35,0.29,FALSE,FALSE,FALSE,FALSE,FALSE,FALSE,FALSE,FALSE,FALSE,FALSE,FALSE,FALSE,FALSE,FALSE,FALSE,FALSE,FALSE,FALSE,FALSE,FALSE,FALSE,FALSE,FALSE
1922,0.29,0.35,0.24,0.26,0.31,0.35,0.31,0.32,0.25,0.25,0.28,0.25,0.31,0.33,0.24,0.23,0.24,0.24,0.21,0.2,0.26,0.22,0.26,FALSE,FALSE,FALSE,FALSE,FALSE,FALSE,FALSE,FALSE,FALSE,FALSE,FALSE,FALSE,FALSE,FALSE,FALSE,FALSE,FALSE,FALSE,FALSE,FALSE,FALSE,FALSE,FALSE
1923,0.33,0.38,0.27,0.27,0.31,0.32,0.31,0.32,0.25,0.28,0.3,0.26,0.28,0.31,0.25,0.23,0.27,0.26,0.22,0.23,0.27,0.24,0.26,FALSE,FALSE,FALSE,FALSE,FALSE,FALSE,FALSE,FALSE,FALSE,FALSE,FALSE,FALSE,FALSE,FALSE,FALSE,FALSE,FALSE,FALSE,FALSE,FALSE,FALSE,FALSE,FALSE
1924,0.31,0.35,0.27,0.27,0.33,0.31,0.31,0.31,0.27,0.31,0.3,0.27,0.28,0.34,0.27,0.25,0.29,0.26,0.25,0.23,0.28,0.26,0.25,FALSE,FALSE,FALSE,FALSE,FALSE,FALSE,FALSE,FALSE,FALSE,FALSE,FALSE,FALSE,FALSE,FALSE,FALSE,FALSE,FALSE,FALSE,FALSE,FALSE,FALSE,FALSE,FALSE
1925,0.34,0.39,0.26,0.26,0.32,0.33,0.33,0.34,0.27,0.28,0.29,0.28,0.31,0.31,0.27,0.26,0.29,0.26,0.24,0.24,0.27,0.24,0.26,FALSE,FALSE,FALSE,FALSE,FALSE,FALSE,FALSE,FALSE,FALSE,FALSE,FALSE,FALSE,FALSE,FALSE,FALSE,FALSE,FALSE,FALSE,FALSE,FALSE,FALSE,FALSE,FALSE
1926,0.35,0.36,0.27,0.3,0.33,0.34,0.34,0.33,0.27,0.3,0.32,0.29,0.28,0.33,0.28,0.29,0.3,0.26,0.24,0.24,0.29,0.27,0.26,FALSE,FALSE,FALSE,FALSE,FALSE,FALSE,FALSE,FALSE,FALSE,FALSE,FALSE,FALSE,FALSE,FALSE,FALSE,FALSE,FALSE,FALSE,FALSE,FALSE,FALSE,FALSE,FALSE
1927,0.3,0.35,0.24,0.28,0.28,0.29,0.29,0.29,0.25,0.25,0.26,0.23,0.27,0.3,0.22,0.23,0.26,0.24,0.24,0.22,0.29,0.27,0.24,FALSE,FALSE,FALSE,FALSE,FALSE,FALSE,FALSE,FALSE,FALSE,FALSE,FALSE,FALSE,FALSE,FALSE,FALSE,FALSE,FALSE,FALSE,FALSE,FALSE,FALSE,FALSE,FALSE
1928,0.33,0.38,0.28,0.3,0.31,0.31,0.31,0.28,0.23,0.27,0.28,0.25,0.28,0.31,0.27,0.26,0.26,0.23,0.22,0.21,0.27,0.24,0.24,FALSE,FALSE,FALSE,FALSE,FALSE,FALSE,FALSE,FALSE,FALSE,FALSE,FALSE,FALSE,FALSE,FALSE,FALSE,FALSE,FALSE,FALSE,FALSE,FALSE,FALSE,FALSE,FALSE
1929,0.31,0.34,0.27,0.29,0.29,0.32,0.32,0.33,0.25,0.29,0.3,0.27,0.28,0.35,0.25,0.26,0.28,0.24,0.23,0.24,0.25,0.26,0.27,FALSE,FALSE,FALSE,FALSE,FALSE,FALSE,FALSE,FALSE,FALSE,FALSE,FALSE,FALSE,FALSE,FALSE,FALSE,FALSE,FALSE,FALSE,FALSE,FALSE,FALSE,FALSE,FALSE
1930,0.35,0.36,0.28,0.31,0.3,0.26,0.32,0.33,0.25,0.29,0.3,0.27,0.27,0.33,0.27,0.29,0.3,0.26,0.23,0.23,0.28,0.3,0.26,FALSE,FALSE,FALSE,FALSE,FALSE,FALSE,FALSE,FALSE,FALSE,FALSE,FALSE,FALSE,FALSE,FALSE,FALSE,FALSE,FALSE,FALSE,FALSE,FALSE,FALSE,FALSE,FALSE
1931,0.33,0.32,0.25,0.28,0.31,0.28,0.31,0.3,0.22,0.27,0.31,0.26,0.27,0.34,0.27,0.26,0.28,0.24,0.24,0.19,0.28,0.21,0.25,FALSE,FALSE,FALSE,FALSE,FALSE,FALSE,FALSE,FALSE,FALSE,FALSE,FALSE,FALSE,FALSE,FALSE,FALSE,FALSE,FALSE,FALSE,FALSE,FALSE,FALSE,FALSE,FALSE
1932,0.34,0.34,0.25,0.28,0.31,0.29,0.3,0.32,0.26,NA,0.31,0.27,0.28,0.37,0.25,0.26,0.29,0.26,0.23,0.22,0.29,0.24,0.25,FALSE,FALSE,FALSE,FALSE,FALSE,FALSE,FALSE,FALSE,FALSE,NA,FALSE,FALSE,FALSE,FALSE,FALSE,FALSE,FALSE,FALSE,FALSE,FALSE,FALSE,FALSE,FALSE
1933,0.34,0.39,0.26,0.25,0.29,0.26,0.29,0.3,0.24,NA,0.27,0.27,0.28,0.33,0.25,0.26,0.25,0.22,0.22,0.22,0.27,0.25,0.23,FALSE,FALSE,FALSE,FALSE,FALSE,FALSE,FALSE,FALSE,FALSE,NA,FALSE,FALSE,FALSE,FALSE,FALSE,FALSE,FALSE,FALSE,FALSE,FALSE,FALSE,FALSE,FALSE
1934,0.39,0.46,0.29,0.31,0.32,0.33,0.35,0.35,0.28,NA,0.32,0.32,0.28,0.34,0.32,0.29,0.3,0.26,0.25,0.24,0.29,0.28,0.26,FALSE,TRUE,FALSE,FALSE,FALSE,FALSE,FALSE,FALSE,FALSE,NA,FALSE,FALSE,FALSE,FALSE,FALSE,FALSE,FALSE,FALSE,FALSE,FALSE,FALSE,FALSE,FALSE
1935,0.28,0.28,0.24,0.26,0.28,0.25,0.27,0.26,0.23,NA,0.29,0.24,0.25,0.28,0.24,0.23,0.24,0.2,0.22,0.2,0.25,0.24,0.22,FALSE,FALSE,FALSE,FALSE,FALSE,FALSE,FALSE,FALSE,FALSE,NA,FALSE,FALSE,FALSE,FALSE,FALSE,FALSE,FALSE,FALSE,FALSE,FALSE,FALSE,FALSE,FALSE
1936,0.33,0.32,0.24,0.25,0.3,0.27,0.29,0.29,0.25,NA,0.3,0.27,0.44,0.34,0.25,0.26,0.25,0.22,0.24,0.23,0.29,0.26,0.24,FALSE,FALSE,FALSE,FALSE,FALSE,FALSE,FALSE,FALSE,FALSE,NA,FALSE,FALSE,FALSE,FALSE,FALSE,FALSE,FALSE,FALSE,FALSE,FALSE,FALSE,FALSE,FALSE
1937,0.32,0.33,0.26,0.26,0.31,0.28,0.3,0.31,0.25,NA,0.3,0.27,0.35,0.31,0.26,0.24,0.28,0.23,0.24,0.21,0.27,0.26,0.24,FALSE,FALSE,FALSE,FALSE,FALSE,FALSE,FALSE,FALSE,FALSE,NA,FALSE,FALSE,FALSE,FALSE,FALSE,FALSE,FALSE,FALSE,FALSE,FALSE,FALSE,FALSE,FALSE
1938,0.28,0.32,0.28,0.27,0.31,0.29,0.29,0.3,0.24,NA,0.29,0.27,0.31,0.32,0.26,0.26,0.27,0.21,0.23,0.22,0.28,0.25,0.24,FALSE,FALSE,FALSE,FALSE,FALSE,FALSE,FALSE,FALSE,FALSE,NA,FALSE,FALSE,FALSE,FALSE,FALSE,FALSE,FALSE,FALSE,FALSE,FALSE,FALSE,FALSE,FALSE
1939,0.4,0.4,0.26,0.26,0.29,0.3,0.3,0.31,0.26,NA,0.29,0.26,0.29,0.35,0.27,0.27,0.25,0.23,0.24,0.24,0.27,0.28,0.25,FALSE,FALSE,FALSE,FALSE,FALSE,FALSE,FALSE,FALSE,FALSE,NA,FALSE,FALSE,FALSE,FALSE,FALSE,FALSE,FALSE,FALSE,FALSE,FALSE,FALSE,FALSE,FALSE
1940,0.29,0.34,0.27,0.26,0.29,0.3,0.32,0.32,0.25,NA,0.3,0.29,0.27,0.33,0.28,0.27,0.29,0.24,0.23,0.22,0.29,0.28,0.25,FALSE,FALSE,FALSE,FALSE,FALSE,FALSE,FALSE,FALSE,FALSE,NA,FALSE,FALSE,FALSE,FALSE,FALSE,FALSE,FALSE,FALSE,FALSE,FALSE,FALSE,FALSE,FALSE
1941,0.3,0.37,0.26,0.27,0.29,0.3,0.32,0.3,0.25,NA,0.3,0.27,0.25,0.3,0.3,0.29,0.26,0.23,0.25,0.23,0.27,0.25,0.24,FALSE,FALSE,FALSE,FALSE,FALSE,FALSE,FALSE,FALSE,FALSE,NA,FALSE,FALSE,FALSE,FALSE,FALSE,FALSE,FALSE,FALSE,FALSE,FALSE,FALSE,FALSE,FALSE
1942,0.3,0.39,0.27,0.26,0.29,0.29,0.31,0.29,0.24,NA,0.28,0.26,0.25,0.29,0.27,0.26,0.28,0.25,0.23,0.22,0.28,0.24,0.23,FALSE,FALSE,FALSE,FALSE,FALSE,FALSE,FALSE,FALSE,FALSE,NA,FALSE,FALSE,FALSE,FALSE,FALSE,FALSE,FALSE,FALSE,FALSE,FALSE,FALSE,FALSE,FALSE
1943,0.3,0.38,0.26,0.26,0.3,0.29,0.32,0.3,0.27,NA,0.3,0.26,0.24,0.3,0.27,0.28,0.26,0.26,0.23,0.23,0.27,0.26,0.24,FALSE,FALSE,FALSE,FALSE,FALSE,FALSE,FALSE,FALSE,FALSE,NA,FALSE,FALSE,FALSE,FALSE,FALSE,FALSE,FALSE,FALSE,FALSE,FALSE,FALSE,FALSE,FALSE
1944,0.26,0.34,0.25,0.25,0.29,0.29,0.31,0.29,0.25,NA,0.29,0.27,0.27,0.31,0.28,0.29,0.25,0.22,0.23,0.22,0.26,0.24,0.25,FALSE,FALSE,FALSE,FALSE,FALSE,FALSE,FALSE,FALSE,FALSE,NA,FALSE,FALSE,FALSE,FALSE,FALSE,FALSE,FALSE,FALSE,FALSE,FALSE,FALSE,FALSE,FALSE
1945,0.26,0.36,0.27,0.25,0.29,0.29,0.3,0.29,0.23,NA,0.3,0.27,0.27,0.3,0.28,0.27,0.27,0.25,0.23,0.22,0.27,0.23,0.23,FALSE,FALSE,FALSE,FALSE,FALSE,FALSE,FALSE,FALSE,FALSE,NA,FALSE,FALSE,FALSE,FALSE,FALSE,FALSE,FALSE,FALSE,FALSE,FALSE,FALSE,FALSE,FALSE
1946,0.47,0.49,0.27,0.27,0.31,0.31,0.31,0.33,0.37,NA,0.33,0.27,0.32,0.3,0.3,0.25,0.27,0.23,0.25,0.24,0.3,0.28,0.25,TRUE,TRUE,FALSE,FALSE,FALSE,FALSE,FALSE,FALSE,FALSE,NA,FALSE,FALSE,FALSE,FALSE,FALSE,FALSE,FALSE,FALSE,FALSE,FALSE,FALSE,FALSE,FALSE
1947,0.29,0.36,0.26,0.26,0.3,0.28,0.31,0.3,0.26,NA,0.31,0.27,0.27,0.3,0.32,0.32,0.25,0.25,0.23,0.23,0.28,0.25,0.23,FALSE,FALSE,FALSE,FALSE,FALSE,FALSE,FALSE,FALSE,FALSE,NA,FALSE,FALSE,FALSE,FALSE,FALSE,FALSE,FALSE,FALSE,FALSE,FALSE,FALSE,FALSE,FALSE
1948,0.32,0.32,0.24,0.25,0.27,0.25,0.26,0.28,0.23,NA,0.3,0.25,0.25,0.29,0.29,0.28,0.23,0.22,0.21,0.21,0.24,0.2,0.22,FALSE,FALSE,FALSE,FALSE,FALSE,FALSE,FALSE,FALSE,FALSE,NA,FALSE,FALSE,FALSE,FALSE,FALSE,FALSE,FALSE,FALSE,FALSE,FALSE,FALSE,FALSE,FALSE
1949,0.31,0.33,0.26,0.28,0.29,0.3,0.31,0.32,0.29,NA,0.34,0.29,0.28,0.3,0.31,0.3,0.25,0.24,0.22,0.23,0.26,0.23,0.24,FALSE,FALSE,FALSE,FALSE,FALSE,FALSE,FALSE,FALSE,FALSE,NA,FALSE,FALSE,FALSE,FALSE,FALSE,FALSE,FALSE,FALSE,FALSE,FALSE,FALSE,FALSE,FALSE
1950,0.28,0.31,0.24,0.25,0.28,0.3,0.29,0.28,0.28,NA,0.32,0.28,0.25,0.3,0.27,0.27,0.26,0.24,0.22,0.21,0.25,0.24,0.21,FALSE,FALSE,FALSE,FALSE,FALSE,FALSE,FALSE,FALSE,FALSE,NA,FALSE,FALSE,FALSE,FALSE,FALSE,FALSE,FALSE,FALSE,FALSE,FALSE,FALSE,FALSE,FALSE
1951,0.35,0.37,0.29,0.26,0.3,0.29,0.3,0.32,0.28,NA,0.3,0.28,0.26,0.31,0.28,0.28,0.27,0.24,0.22,0.23,0.28,0.29,0.2,FALSE,FALSE,FALSE,FALSE,FALSE,FALSE,FALSE,FALSE,FALSE,NA,FALSE,FALSE,FALSE,FALSE,FALSE,FALSE,FALSE,FALSE,FALSE,FALSE,FALSE,FALSE,FALSE
1952,0.29,0.34,0.27,0.24,0.29,0.29,0.29,0.29,0.27,NA,0.32,0.26,0.27,0.31,0.28,0.27,0.26,0.23,0.21,0.2,0.27,0.24,0.2,FALSE,FALSE,FALSE,FALSE,FALSE,FALSE,FALSE,FALSE,FALSE,NA,FALSE,FALSE,FALSE,FALSE,FALSE,FALSE,FALSE,FALSE,FALSE,FALSE,FALSE,FALSE,FALSE
1953,0.31,0.37,0.28,0.26,0.33,0.33,0.32,0.28,0.33,NA,0.34,0.29,0.27,0.31,0.3,0.31,0.26,0.25,0.23,0.22,0.28,0.26,0.23,FALSE,FALSE,FALSE,FALSE,FALSE,FALSE,FALSE,FALSE,FALSE,NA,FALSE,FALSE,FALSE,FALSE,FALSE,FALSE,FALSE,FALSE,FALSE,FALSE,FALSE,FALSE,FALSE
1954,0.32,0.36,0.28,0.24,0.29,0.28,0.3,0.29,0.33,NA,0.27,0.26,0.27,0.29,0.3,0.31,0.23,0.22,0.22,0.21,0.31,0.24,0.2,FALSE,FALSE,FALSE,FALSE,FALSE,FALSE,FALSE,FALSE,FALSE,NA,FALSE,FALSE,FALSE,FALSE,FALSE,FALSE,FALSE,FALSE,FALSE,FALSE,FALSE,FALSE,FALSE
1955,0.28,0.28,0.26,0.23,0.26,0.27,0.28,0.24,0.26,NA,0.27,0.23,0.26,0.25,0.28,0.28,0.21,0.21,0.21,0.18,0.25,0.23,0.2,FALSE,FALSE,FALSE,FALSE,FALSE,FALSE,FALSE,TRUE,FALSE,NA,FALSE,FALSE,FALSE,FALSE,FALSE,FALSE,FALSE,FALSE,FALSE,FALSE,FALSE,FALSE,FALSE
1956,0.38,0.38,0.27,0.27,0.34,0.38,0.33,0.28,0.28,NA,0.31,0.26,0.29,0.29,0.33,0.33,0.27,0.26,0.23,0.22,0.39,0.29,0.24,FALSE,FALSE,FALSE,FALSE,FALSE,FALSE,FALSE,FALSE,FALSE,NA,FALSE,FALSE,FALSE,FALSE,FALSE,FALSE,FALSE,FALSE,FALSE,FALSE,TRUE,FALSE,FALSE
1957,0.27,0.21,0.26,0.23,0.28,0.33,0.31,0.28,0.25,NA,0.3,0.27,0.27,0.28,0.34,0.32,0.26,0.22,0.21,0.2,0.27,0.24,0.22,FALSE,TRUE,FALSE,FALSE,FALSE,FALSE,FALSE,FALSE,FALSE,NA,FALSE,FALSE,FALSE,FALSE,FALSE,FALSE,FALSE,FALSE,FALSE,FALSE,FALSE,FALSE,FALSE
1958,0.27,0.26,0.25,0.24,0.27,0.29,0.28,0.25,0.25,NA,0.27,0.23,0.27,0.28,0.36,0.33,0.25,0.22,0.19,0.18,0.24,0.22,0.2,FALSE,FALSE,FALSE,FALSE,FALSE,FALSE,FALSE,FALSE,FALSE,NA,FALSE,FALSE,FALSE,FALSE,FALSE,FALSE,FALSE,FALSE,FALSE,FALSE,FALSE,FALSE,FALSE
1959,0.34,0.3,0.28,0.26,0.31,0.32,0.3,0.28,0.29,NA,0.29,0.25,0.26,0.31,0.42,0.3,0.25,0.24,0.22,0.2,0.29,0.23,0.21,FALSE,FALSE,FALSE,FALSE,FALSE,FALSE,FALSE,FALSE,FALSE,NA,FALSE,FALSE,FALSE,FALSE,TRUE,FALSE,FALSE,FALSE,FALSE,FALSE,FALSE,FALSE,FALSE
1960,0.32,0.33,0.26,0.25,0.31,0.33,0.32,0.3,0.28,NA,0.28,0.25,0.26,0.3,0.39,0.33,0.27,0.26,0.21,0.19,0.26,0.24,0.25,FALSE,FALSE,FALSE,FALSE,FALSE,FALSE,FALSE,FALSE,FALSE,NA,FALSE,FALSE,FALSE,FALSE,TRUE,FALSE,FALSE,FALSE,FALSE,FALSE,FALSE,FALSE,FALSE
1961,0.35,0.29,0.25,0.25,0.31,0.3,0.35,0.3,0.29,NA,0.29,0.26,0.25,0.31,0.32,0.31,0.25,0.17,0.22,0.21,0.27,0.24,0.24,FALSE,FALSE,FALSE,FALSE,FALSE,FALSE,FALSE,FALSE,FALSE,NA,FALSE,FALSE,FALSE,FALSE,FALSE,FALSE,FALSE,TRUE,FALSE,FALSE,FALSE,FALSE,FALSE
1962,0.31,0.33,0.26,0.25,0.3,0.33,0.33,0.31,0.32,NA,0.29,0.26,0.27,0.29,0.3,0.36,0.25,0.26,0.23,0.21,0.26,0.23,0.23,FALSE,FALSE,FALSE,FALSE,FALSE,FALSE,FALSE,FALSE,FALSE,NA,FALSE,FALSE,FALSE,FALSE,FALSE,FALSE,FALSE,FALSE,FALSE,FALSE,FALSE,FALSE,FALSE
1963,0.28,0.28,0.25,0.24,0.29,0.28,0.3,0.27,0.27,NA,0.27,0.23,0.25,0.27,0.3,0.34,0.25,0.24,0.2,0.2,0.25,0.23,0.19,FALSE,FALSE,FALSE,FALSE,FALSE,FALSE,FALSE,FALSE,FALSE,NA,FALSE,FALSE,FALSE,FALSE,FALSE,FALSE,FALSE,FALSE,FALSE,FALSE,FALSE,FALSE,FALSE
1964,0.31,0.31,0.23,0.23,0.29,0.28,0.29,0.28,0.28,NA,0.27,0.24,0.25,0.27,0.31,0.34,0.25,0.22,0.21,0.19,0.28,0.21,0.23,FALSE,FALSE,FALSE,FALSE,FALSE,FALSE,FALSE,FALSE,FALSE,NA,FALSE,FALSE,FALSE,FALSE,FALSE,FALSE,FALSE,FALSE,FALSE,FALSE,FALSE,FALSE,FALSE
1965,0.29,0.3,0.24,0.24,0.3,0.28,0.3,0.27,0.29,NA,0.3,0.24,0.25,0.27,0.32,0.34,0.22,0.23,0.2,0.2,0.28,0.21,0.2,FALSE,FALSE,FALSE,FALSE,FALSE,FALSE,FALSE,FALSE,FALSE,NA,FALSE,FALSE,FALSE,FALSE,FALSE,FALSE,FALSE,FALSE,FALSE,FALSE,FALSE,FALSE,FALSE
1966,0.31,0.38,0.25,0.26,0.32,0.29,0.29,0.28,0.35,NA,0.31,0.26,0.28,0.27,0.33,0.33,0.24,0.24,0.23,0.22,0.3,0.23,0.35,FALSE,FALSE,FALSE,FALSE,FALSE,FALSE,FALSE,FALSE,FALSE,NA,FALSE,FALSE,FALSE,FALSE,FALSE,FALSE,FALSE,FALSE,FALSE,FALSE,FALSE,FALSE,FALSE
1967,0.27,0.28,0.25,0.25,0.32,0.31,0.27,0.28,0.29,NA,0.29,0.24,0.25,0.28,0.3,0.32,0.26,0.27,0.24,0.23,0.28,0.24,0.22,FALSE,FALSE,FALSE,FALSE,FALSE,FALSE,FALSE,FALSE,FALSE,NA,FALSE,FALSE,FALSE,FALSE,FALSE,FALSE,FALSE,FALSE,FALSE,FALSE,FALSE,FALSE,FALSE
1968,0.26,0.31,0.26,0.26,0.31,0.31,0.29,0.27,0.3,NA,0.29,0.22,0.24,0.28,0.28,0.32,0.25,0.27,0.22,0.22,0.27,0.21,0.23,FALSE,FALSE,FALSE,FALSE,FALSE,FALSE,FALSE,FALSE,FALSE,NA,FALSE,FALSE,FALSE,FALSE,FALSE,FALSE,FALSE,FALSE,FALSE,FALSE,FALSE,FALSE,FALSE
1969,0.3,0.33,0.28,0.24,0.32,0.31,0.27,0.28,0.27,NA,0.3,0.25,0.26,0.29,0.33,0.31,0.24,0.26,0.24,0.22,0.26,0.22,0.21,FALSE,FALSE,FALSE,FALSE,FALSE,FALSE,FALSE,FALSE,FALSE,NA,FALSE,FALSE,FALSE,FALSE,FALSE,FALSE,FALSE,FALSE,FALSE,FALSE,FALSE,FALSE,FALSE
1970,0.26,0.3,0.26,0.24,0.3,0.27,0.27,0.27,0.29,NA,0.29,0.23,0.23,0.25,0.3,0.32,0.24,0.25,0.21,0.21,0.27,0.2,0.2,FALSE,FALSE,FALSE,FALSE,FALSE,FALSE,FALSE,FALSE,FALSE,NA,FALSE,FALSE,FALSE,FALSE,FALSE,FALSE,FALSE,FALSE,FALSE,FALSE,FALSE,FALSE,FALSE
1971,0.29,0.41,0.27,0.26,0.32,0.29,0.29,0.29,0.32,NA,0.28,0.24,0.27,0.31,0.27,0.31,0.24,0.24,0.25,0.24,0.27,0.22,0.25,FALSE,FALSE,FALSE,FALSE,FALSE,FALSE,FALSE,FALSE,FALSE,NA,FALSE,FALSE,FALSE,FALSE,FALSE,FALSE,FALSE,FALSE,FALSE,FALSE,FALSE,FALSE,FALSE
1972,0.31,0.35,0.28,0.27,0.32,0.27,0.28,0.29,0.34,NA,0.28,0.25,0.25,0.29,0.31,0.32,0.23,0.25,0.24,0.23,0.27,0.23,0.26,FALSE,FALSE,FALSE,FALSE,FALSE,FALSE,FALSE,FALSE,FALSE,NA,FALSE,FALSE,FALSE,FALSE,FALSE,FALSE,FALSE,FALSE,FALSE,FALSE,FALSE,FALSE,FALSE
1973,0.31,0.33,0.26,0.27,0.32,0.27,0.27,0.3,0.32,NA,0.3,0.25,0.27,0.3,0.31,0.32,0.23,0.26,0.23,0.23,0.27,0.23,0.22,FALSE,FALSE,FALSE,FALSE,FALSE,FALSE,FALSE,FALSE,FALSE,NA,FALSE,FALSE,FALSE,FALSE,FALSE,FALSE,FALSE,FALSE,FALSE,FALSE,FALSE,FALSE,FALSE
1974,0.32,0.37,0.29,0.28,0.32,0.28,0.26,0.27,0.33,NA,0.3,0.26,0.3,0.32,0.32,0.32,0.24,0.23,0.24,0.26,0.28,0.24,0.23,FALSE,FALSE,FALSE,FALSE,FALSE,FALSE,FALSE,FALSE,FALSE,NA,FALSE,FALSE,FALSE,FALSE,FALSE,FALSE,FALSE,FALSE,FALSE,FALSE,FALSE,FALSE,FALSE
1975,0.29,0.3,0.26,0.25,0.31,0.28,0.27,0.32,0.29,NA,0.29,0.25,0.26,0.28,0.31,0.3,0.24,0.23,0.23,0.22,0.28,0.21,0.21,FALSE,FALSE,FALSE,FALSE,FALSE,FALSE,FALSE,FALSE,FALSE,NA,FALSE,FALSE,FALSE,FALSE,FALSE,FALSE,FALSE,FALSE,FALSE,FALSE,FALSE,FALSE,FALSE
1976,0.34,0.33,0.28,0.25,0.32,0.27,0.27,0.31,0.33,NA,0.29,0.25,0.26,0.28,0.36,0.32,0.24,0.25,0.25,0.23,0.27,0.21,0.19,FALSE,FALSE,FALSE,FALSE,FALSE,FALSE,FALSE,FALSE,FALSE,NA,FALSE,FALSE,FALSE,FALSE,FALSE,FALSE,FALSE,FALSE,FALSE,FALSE,FALSE,FALSE,FALSE
1977,0.3,0.28,0.26,0.23,0.31,0.26,0.26,0.29,0.28,NA,0.3,0.27,0.28,0.26,0.34,0.29,0.24,0.24,0.23,0.23,0.26,0.21,0.21,FALSE,FALSE,FALSE,FALSE,FALSE,FALSE,FALSE,FALSE,FALSE,NA,FALSE,FALSE,FALSE,FALSE,FALSE,FALSE,FALSE,FALSE,FALSE,FALSE,FALSE,FALSE,FALSE
1978,0.33,0.33,0.29,0.26,0.31,0.29,0.25,0.29,0.28,NA,0.3,0.27,0.28,0.31,0.35,0.3,0.23,0.25,0.24,0.23,0.26,0.26,0.23,FALSE,FALSE,FALSE,FALSE,FALSE,FALSE,FALSE,FALSE,FALSE,NA,FALSE,FALSE,FALSE,FALSE,FALSE,FALSE,FALSE,FALSE,FALSE,FALSE,FALSE,FALSE,FALSE
1979,0.3,0.28,0.28,0.24,0.3,0.27,0.27,0.28,0.29,NA,0.27,0.24,0.27,0.26,0.31,0.27,0.23,0.24,0.23,0.21,0.26,0.24,0.23,FALSE,FALSE,FALSE,FALSE,FALSE,FALSE,FALSE,FALSE,FALSE,NA,FALSE,FALSE,FALSE,FALSE,FALSE,FALSE,FALSE,FALSE,FALSE,FALSE,FALSE,FALSE,FALSE
1980,0.3,0.3,0.23,0.23,0.29,0.27,0.26,0.28,0.32,NA,0.26,0.25,0.26,0.25,0.33,0.27,0.21,0.25,0.22,0.23,0.27,0.22,0.22,FALSE,FALSE,FALSE,FALSE,FALSE,FALSE,FALSE,FALSE,FALSE,NA,FALSE,FALSE,FALSE,FALSE,FALSE,FALSE,FALSE,FALSE,FALSE,FALSE,FALSE,FALSE,FALSE
1981,0.33,0.28,0.25,0.2,0.29,0.28,0.29,0.29,0.29,NA,0.27,0.26,0.27,0.27,0.29,0.28,0.23,0.24,0.22,0.23,0.27,0.21,0.22,FALSE,FALSE,FALSE,FALSE,FALSE,FALSE,FALSE,FALSE,FALSE,NA,FALSE,FALSE,FALSE,FALSE,FALSE,FALSE,FALSE,FALSE,FALSE,FALSE,FALSE,FALSE,FALSE
1982,0.33,0.29,0.28,0.26,0.31,0.29,0.29,0.29,0.29,NA,0.31,0.28,0.28,0.28,0.35,0.31,0.22,0.27,0.25,0.24,0.27,0.24,0.24,FALSE,FALSE,FALSE,FALSE,FALSE,FALSE,FALSE,FALSE,FALSE,NA,FALSE,FALSE,FALSE,FALSE,FALSE,FALSE,FALSE,FALSE,FALSE,FALSE,FALSE,FALSE,FALSE
1983,0.31,0.3,0.25,0.23,0.3,0.28,0.29,0.29,0.29,NA,0.29,0.25,0.27,0.26,0.34,0.29,0.23,0.3,0.25,0.22,0.27,0.21,0.23,FALSE,FALSE,FALSE,FALSE,FALSE,FALSE,FALSE,FALSE,FALSE,NA,FALSE,FALSE,FALSE,FALSE,FALSE,FALSE,FALSE,FALSE,FALSE,FALSE,FALSE,FALSE,FALSE
