age_CE,682011_raw,682012_raw,682021_raw,682022_raw,682031_raw,682032_raw,682041_raw,682042_raw,682051_raw,682052_raw,682061_raw,682062_raw,682071_raw,682072_raw,682091_raw,682092_raw,682101_raw,682102_raw,682111_raw,682112_raw,682121_raw,682122_raw,682011_raw_outlier_flag,682012_raw_outlier_flag,682021_raw_outlier_flag,682022_raw_outlier_flag,682031_raw_outlier_flag,682032_raw_outlier_flag,682041_raw_outlier_flag,682042_raw_outlier_flag,682051_raw_outlier_flag,682052_raw_outlier_flag,682061_raw_outlier_flag,682062_raw_outlier_flag,682071_raw_outlier_flag,682072_raw_outlier_flag,682091_raw_outlier_flag,682092_raw_outlier_flag,682101_raw_outlier_flag,682102_raw_outlier_flag,682111_raw_outlier_flag,682112_raw_outlier_flag,682121_raw_outlier_flag,682122_raw_outlier_flag
1739,NA,NA,NA,NA,NA,NA,NA,NA,NA,NA,NA,NA,NA,NA,NA,NA,NA,3.43,NA,NA,NA,NA,NA,NA,NA,NA,NA,NA,NA,NA,NA,NA,NA,NA,NA,NA,NA,NA,NA,FALSE,NA,NA,NA,NA
1740,NA,NA,NA,NA,NA,NA,NA,NA,NA,NA,NA,NA,NA,NA,NA,NA,NA,3.96,NA,NA,NA,NA,NA,NA,NA,NA,NA,NA,NA,NA,NA,NA,NA,NA,NA,NA,NA,NA,NA,TRUE,NA,NA,NA,NA
1741,NA,NA,NA,NA,NA,NA,NA,NA,NA,NA,NA,NA,NA,NA,NA,NA,NA,3.58,NA,NA,NA,NA,NA,NA,NA,NA,NA,NA,NA,NA,NA,NA,NA,NA,NA,NA,NA,NA,NA,FALSE,NA,NA,NA,NA
1742,NA,NA,NA,NA,NA,NA,NA,NA,NA,NA,NA,NA,NA,NA,NA,NA,NA,1.39,NA,NA,NA,NA,NA,NA,NA,NA,NA,NA,NA,NA,NA,NA,NA,NA,NA,NA,NA,NA,NA,FALSE,NA,NA,NA,NA
1743,NA,NA,NA,NA,NA,NA,NA,NA,NA,NA,NA,NA,NA,NA,NA,NA,NA,2.74,NA,NA,NA,NA,NA,NA,NA,NA,NA,NA,NA,NA,NA,NA,NA,NA,NA,NA,NA,NA,NA,FALSE,NA,NA,NA,NA
1744,NA,NA,NA,NA,NA,NA,NA,NA,NA,NA,NA,NA,NA,NA,NA,NA,NA,2.9,NA,NA,NA,NA,NA,NA,NA,NA,NA,NA,NA,NA,NA,NA,NA,NA,NA,NA,NA,NA,NA,FALSE,NA,NA,NA,NA
1745,NA,NA,NA,NA,NA,NA,NA,NA,NA,NA,NA,NA,NA,NA,NA,NA,2.31,2.7,NA,NA,NA,NA,NA,NA,NA,NA,NA,NA,NA,NA,NA,NA,NA,NA,NA,NA,NA,NA,FALSE,FALSE,NA,NA,NA,NA
1746,NA,NA,NA,NA,NA,NA,NA,NA,NA,NA,NA,NA,NA,NA,NA,NA,3.07,2.86,NA,NA,NA,NA,NA,NA,NA,NA,NA,NA,NA,NA,NA,NA,NA,NA,NA,NA,NA,NA,FALSE,FALSE,NA,NA,NA,NA
1747,NA,NA,NA,NA,NA,NA,NA,NA,NA,NA,NA,NA,NA,NA,NA,NA,1.99,2.68,NA,NA,NA,NA,NA,NA,NA,NA,NA,NA,NA,NA,NA,NA,NA,NA,NA,NA,NA,NA,FALSE,FALSE,NA,NA,NA,NA
1748,NA,NA,NA,NA,NA,NA,NA,NA,NA,NA,NA,NA,NA,NA,NA,NA,2.48,2.9,NA,NA,NA,NA,NA,NA,NA,NA,NA,NA,NA,NA,NA,NA,NA,NA,NA,NA,NA,NA,FALSE,FALSE,NA,NA,NA,NA
1749,NA,NA,NA,NA,NA,NA,NA,NA,NA,NA,NA,NA,NA,NA,NA,NA,2.55,2.86,NA,NA,NA,NA,NA,NA,NA,NA,NA,NA,NA,NA,NA,NA,NA,NA,NA,NA,NA,NA,FALSE,FALSE,NA,NA,NA,NA
1750,NA,NA,NA,NA,NA,NA,NA,NA,NA,NA,NA,NA,NA,NA,NA,NA,2.54,3.01,NA,NA,NA,NA,NA,NA,NA,NA,NA,NA,NA,NA,NA,NA,NA,NA,NA,NA,NA,NA,FALSE,FALSE,NA,NA,NA,NA
1751,NA,NA,NA,NA,NA,NA,NA,NA,NA,NA,NA,NA,NA,NA,NA,NA,3.32,3.32,NA,NA,NA,NA,NA,NA,NA,NA,NA,NA,NA,NA,NA,NA,NA,NA,NA,NA,NA,NA,FALSE,FALSE,NA,NA,NA,NA
1752,NA,NA,NA,NA,NA,NA,NA,NA,NA,NA,NA,NA,NA,NA,NA,NA,2.8,2.83,NA,NA,NA,NA,NA,NA,NA,NA,NA,NA,NA,NA,NA,NA,NA,NA,NA,NA,NA,NA,FALSE,FALSE,NA,NA,NA,NA
1753,NA,NA,NA,NA,NA,NA,NA,NA,NA,NA,NA,NA,NA,NA,NA,NA,1.94,2.19,NA,NA,NA,NA,NA,NA,NA,NA,NA,NA,NA,NA,NA,NA,NA,NA,NA,NA,NA,NA,FALSE,FALSE,NA,NA,NA,NA
1754,NA,NA,NA,NA,NA,NA,NA,NA,NA,NA,NA,NA,NA,NA,NA,NA,1.61,2.33,NA,NA,NA,NA,NA,NA,NA,NA,NA,NA,NA,NA,NA,NA,NA,NA,NA,NA,NA,NA,FALSE,FALSE,NA,NA,NA,NA
1755,NA,NA,NA,NA,NA,NA,NA,NA,NA,NA,NA,NA,NA,NA,NA,NA,3.13,2.86,NA,NA,NA,NA,NA,NA,NA,NA,NA,NA,NA,NA,NA,NA,NA,NA,NA,NA,NA,NA,FALSE,FALSE,NA,NA,NA,NA
1756,NA,NA,NA,NA,NA,NA,NA,NA,NA,NA,NA,NA,NA,NA,NA,NA,3.26,2.74,NA,NA,NA,NA,NA,NA,NA,NA,NA,NA,NA,NA,NA,NA,NA,NA,NA,NA,NA,NA,FALSE,FALSE,NA,NA,NA,NA
1757,NA,NA,NA,NA,NA,NA,NA,NA,NA,NA,NA,NA,NA,NA,NA,NA,2.96,2.12,NA,NA,NA,NA,NA,NA,NA,NA,NA,NA,NA,NA,NA,NA,NA,NA,NA,NA,NA,NA,FALSE,FALSE,NA,NA,NA,NA
1758,NA,NA,NA,NA,NA,NA,NA,NA,NA,NA,NA,NA,NA,NA,NA,NA,3.49,2.77,NA,NA,NA,NA,NA,NA,NA,NA,NA,NA,NA,NA,NA,NA,NA,NA,NA,NA,NA,NA,FALSE,FALSE,NA,NA,NA,NA
1759,NA,NA,NA,NA,NA,NA,NA,NA,NA,NA,NA,NA,NA,NA,NA,NA,2.54,2.48,NA,NA,NA,NA,NA,NA,NA,NA,NA,NA,NA,NA,NA,NA,NA,NA,NA,NA,NA,NA,FALSE,FALSE,NA,NA,NA,NA
1760,NA,NA,NA,NA,NA,NA,NA,NA,NA,NA,NA,NA,NA,NA,NA,NA,3.45,2.99,NA,NA,NA,NA,NA,NA,NA,NA,NA,NA,NA,NA,NA,NA,NA,NA,NA,NA,NA,NA,FALSE,FALSE,NA,NA,NA,NA
1761,NA,NA,NA,NA,NA,NA,NA,NA,NA,NA,NA,NA,NA,NA,NA,NA,3.55,3.16,NA,NA,NA,NA,NA,NA,NA,NA,NA,NA,NA,NA,NA,NA,NA,NA,NA,NA,NA,NA,FALSE,FALSE,NA,NA,NA,NA
1762,3.16,NA,NA,NA,NA,NA,NA,NA,NA,NA,NA,NA,NA,NA,NA,NA,2.95,2.81,NA,NA,NA,NA,FALSE,NA,NA,NA,NA,NA,NA,NA,NA,NA,NA,NA,NA,NA,NA,NA,FALSE,FALSE,NA,NA,NA,NA
1763,2.34,NA,NA,NA,NA,NA,NA,NA,NA,NA,NA,NA,NA,NA,NA,NA,2.67,2.23,NA,NA,NA,NA,FALSE,NA,NA,NA,NA,NA,NA,NA,NA,NA,NA,NA,NA,NA,NA,NA,FALSE,FALSE,NA,NA,NA,NA
1764,2.64,2.57,NA,NA,NA,NA,NA,NA,NA,NA,NA,NA,NA,NA,NA,NA,2.74,2.22,NA,NA,NA,NA,FALSE,FALSE,NA,NA,NA,NA,NA,NA,NA,NA,NA,NA,NA,NA,NA,NA,FALSE,FALSE,NA,NA,NA,NA
1765,3.58,2.92,NA,NA,NA,NA,NA,NA,NA,NA,NA,NA,NA,NA,NA,NA,2.68,2.24,NA,NA,NA,NA,TRUE,FALSE,NA,NA,NA,NA,NA,NA,NA,NA,NA,NA,NA,NA,NA,NA,FALSE,FALSE,NA,NA,NA,NA
1766,2.43,2.15,NA,NA,NA,NA,NA,NA,NA,NA,NA,NA,NA,NA,NA,NA,2.25,2.12,NA,NA,NA,NA,FALSE,FALSE,NA,NA,NA,NA,NA,NA,NA,NA,NA,NA,NA,NA,NA,NA,FALSE,FALSE,NA,NA,NA,NA
1767,2.6,2.25,NA,NA,NA,NA,NA,NA,NA,NA,NA,NA,NA,NA,NA,NA,2.47,2.21,NA,NA,NA,NA,FALSE,FALSE,NA,NA,NA,NA,NA,NA,NA,NA,NA,NA,NA,NA,NA,NA,FALSE,FALSE,NA,NA,NA,NA
1768,2.46,2.13,NA,NA,NA,NA,NA,NA,NA,NA,NA,NA,NA,NA,NA,NA,2.27,2.54,NA,NA,NA,NA,FALSE,FALSE,NA,NA,NA,NA,NA,NA,NA,NA,NA,NA,NA,NA,NA,NA,FALSE,FALSE,NA,NA,NA,NA
1769,2.09,1.64,NA,NA,NA,NA,NA,NA,NA,NA,NA,NA,NA,NA,NA,NA,2.37,2.14,NA,NA,NA,NA,FALSE,FALSE,NA,NA,NA,NA,NA,NA,NA,NA,NA,NA,NA,NA,NA,NA,FALSE,FALSE,NA,NA,NA,NA
1770,2,1.99,NA,NA,NA,NA,NA,NA,NA,NA,NA,NA,NA,NA,NA,NA,2.48,2.53,NA,NA,NA,NA,FALSE,FALSE,NA,NA,NA,NA,NA,NA,NA,NA,NA,NA,NA,NA,NA,NA,FALSE,FALSE,NA,NA,NA,NA
1771,2.23,1.92,NA,NA,NA,NA,NA,NA,NA,NA,NA,NA,NA,NA,NA,NA,2.48,2.26,NA,NA,NA,NA,FALSE,FALSE,NA,NA,NA,NA,NA,NA,NA,NA,NA,NA,NA,NA,NA,NA,FALSE,FALSE,NA,NA,NA,NA
1772,1.83,2.18,NA,NA,NA,NA,NA,NA,NA,NA,NA,NA,NA,NA,NA,NA,2.61,2.65,NA,NA,NA,NA,FALSE,FALSE,NA,NA,NA,NA,NA,NA,NA,NA,NA,NA,NA,NA,NA,NA,FALSE,FALSE,NA,NA,NA,NA
1773,2.43,2.42,NA,NA,NA,NA,NA,NA,NA,NA,NA,NA,NA,NA,NA,NA,2.44,2.73,NA,NA,NA,NA,FALSE,FALSE,NA,NA,NA,NA,NA,NA,NA,NA,NA,NA,NA,NA,NA,NA,FALSE,FALSE,NA,NA,NA,NA
1774,1.66,1.72,NA,NA,NA,NA,NA,NA,NA,NA,NA,NA,NA,NA,NA,NA,2.56,2.26,NA,2.95,NA,NA,FALSE,FALSE,NA,NA,NA,NA,NA,NA,NA,NA,NA,NA,NA,NA,NA,NA,FALSE,FALSE,NA,FALSE,NA,NA
1775,0.67,1.17,NA,NA,NA,NA,NA,NA,NA,NA,NA,NA,NA,NA,NA,NA,2.07,2.03,2.54,2.76,NA,NA,FALSE,FALSE,NA,NA,NA,NA,NA,NA,NA,NA,NA,NA,NA,NA,NA,NA,FALSE,FALSE,FALSE,FALSE,NA,NA
1776,1.99,2.58,NA,NA,NA,NA,NA,NA,NA,NA,NA,NA,NA,NA,NA,NA,2.61,2.08,3.25,3.28,NA,NA,FALSE,FALSE,NA,NA,NA,NA,NA,NA,NA,NA,NA,NA,NA,NA,NA,NA,FALSE,FALSE,FALSE,FALSE,NA,NA
1777,2.37,2.85,NA,NA,NA,NA,NA,NA,NA,NA,NA,NA,NA,NA,NA,NA,2.06,2.12,3.15,2.39,NA,NA,FALSE,FALSE,NA,NA,NA,NA,NA,NA,NA,NA,NA,NA,NA,NA,NA,NA,FALSE,FALSE,FALSE,FALSE,NA,NA
1778,2.47,2.6,NA,NA,NA,NA,NA,NA,NA,NA,NA,NA,NA,NA,NA,NA,2.64,2.36,3.09,2.46,NA,NA,FALSE,FALSE,NA,NA,NA,NA,NA,NA,NA,NA,NA,NA,NA,NA,NA,NA,FALSE,FALSE,FALSE,FALSE,NA,NA
1779,2.11,2.26,NA,NA,NA,NA,NA,NA,NA,NA,NA,NA,NA,NA,NA,NA,2.65,2.24,3.19,2.53,NA,NA,FALSE,FALSE,NA,NA,NA,NA,NA,NA,NA,NA,NA,NA,NA,NA,NA,NA,FALSE,FALSE,FALSE,FALSE,NA,NA
1780,2,2.03,NA,NA,NA,NA,NA,NA,NA,NA,NA,NA,NA,NA,NA,NA,2.75,2.43,3.75,3.04,NA,NA,FALSE,FALSE,NA,NA,NA,NA,NA,NA,NA,NA,NA,NA,NA,NA,NA,NA,FALSE,FALSE,FALSE,FALSE,NA,NA
1781,1.72,2.41,NA,NA,NA,NA,NA,NA,NA,NA,NA,NA,NA,NA,NA,NA,2.63,1.99,2.72,2.3,NA,NA,FALSE,FALSE,NA,NA,NA,NA,NA,NA,NA,NA,NA,NA,NA,NA,NA,NA,FALSE,FALSE,FALSE,FALSE,NA,NA
1782,2.07,2.26,NA,NA,NA,NA,NA,NA,NA,NA,NA,NA,NA,NA,NA,NA,2.58,2.29,3.33,2.57,NA,NA,FALSE,FALSE,NA,NA,NA,NA,NA,NA,NA,NA,NA,NA,NA,NA,NA,NA,FALSE,FALSE,FALSE,FALSE,NA,NA
1783,1.92,2.26,NA,NA,NA,NA,NA,NA,NA,NA,NA,NA,NA,NA,NA,NA,2.12,2.01,3.02,2.27,NA,NA,FALSE,FALSE,NA,NA,NA,NA,NA,NA,NA,NA,NA,NA,NA,NA,NA,NA,FALSE,FALSE,FALSE,FALSE,NA,NA
1784,1.84,2.06,NA,NA,NA,NA,NA,NA,NA,NA,NA,NA,NA,NA,NA,NA,2.35,2.5,3.47,2.7,NA,NA,FALSE,FALSE,NA,NA,NA,NA,NA,NA,NA,NA,NA,NA,NA,NA,NA,NA,FALSE,FALSE,FALSE,FALSE,NA,NA
1785,1.49,1.77,NA,NA,NA,NA,NA,NA,NA,NA,NA,NA,NA,NA,NA,NA,2.17,2.44,2.94,2.45,NA,NA,FALSE,FALSE,NA,NA,NA,NA,NA,NA,NA,NA,NA,NA,NA,NA,NA,NA,FALSE,FALSE,FALSE,FALSE,NA,NA
1786,2.04,2.39,NA,NA,NA,NA,NA,NA,NA,2.77,NA,NA,NA,NA,NA,NA,2.83,3.13,3.63,3.81,NA,NA,FALSE,FALSE,NA,NA,NA,NA,NA,NA,NA,FALSE,NA,NA,NA,NA,NA,NA,FALSE,FALSE,FALSE,FALSE,NA,NA
1787,1.8,2.1,NA,NA,NA,NA,NA,NA,NA,2.17,NA,NA,NA,NA,NA,NA,2,2.45,3.52,3.35,NA,NA,FALSE,FALSE,NA,NA,NA,NA,NA,NA,NA,FALSE,NA,NA,NA,NA,NA,NA,FALSE,FALSE,FALSE,FALSE,NA,NA
1788,2.7,2.43,NA,NA,NA,NA,NA,NA,NA,2.67,NA,NA,NA,NA,NA,NA,2.09,2.8,4.65,4.09,NA,NA,FALSE,FALSE,NA,NA,NA,NA,NA,NA,NA,FALSE,NA,NA,NA,NA,NA,NA,FALSE,FALSE,TRUE,TRUE,NA,NA
1789,2.4,2.36,NA,NA,NA,NA,NA,NA,NA,2.81,NA,NA,NA,NA,NA,NA,2.11,2.73,4.35,3.71,NA,NA,FALSE,FALSE,NA,NA,NA,NA,NA,NA,NA,FALSE,NA,NA,NA,NA,NA,NA,FALSE,FALSE,TRUE,FALSE,NA,NA
1790,1.65,1.79,NA,NA,NA,NA,NA,NA,NA,2.54,NA,NA,NA,NA,NA,NA,2.3,2.92,3.14,2.6,NA,NA,FALSE,FALSE,NA,NA,NA,NA,NA,NA,NA,FALSE,NA,NA,NA,NA,NA,NA,FALSE,FALSE,FALSE,FALSE,NA,NA
1791,1.86,2.57,NA,NA,NA,NA,NA,NA,NA,3.98,NA,NA,NA,NA,NA,NA,2.36,2.93,3.82,2.94,NA,NA,FALSE,FALSE,NA,NA,NA,NA,NA,NA,NA,TRUE,NA,NA,NA,NA,NA,NA,FALSE,FALSE,FALSE,FALSE,NA,NA
1792,1.35,1.88,NA,NA,NA,NA,NA,NA,NA,1.7,NA,NA,NA,NA,NA,NA,2.13,2.14,3.64,3.14,NA,NA,FALSE,FALSE,NA,NA,NA,NA,NA,NA,NA,FALSE,NA,NA,NA,NA,NA,NA,FALSE,FALSE,FALSE,FALSE,NA,NA
1793,0.98,1.4,NA,NA,NA,NA,NA,NA,NA,2.11,NA,NA,NA,NA,NA,NA,2.29,1.9,3.61,3.26,NA,NA,FALSE,FALSE,NA,NA,NA,NA,NA,NA,NA,FALSE,NA,NA,NA,NA,NA,NA,FALSE,FALSE,FALSE,FALSE,NA,NA
1794,1.7,2.31,NA,NA,NA,NA,NA,NA,NA,2.23,NA,NA,NA,NA,NA,NA,1.87,1.81,3.68,3.84,NA,NA,FALSE,FALSE,NA,NA,NA,NA,NA,NA,NA,FALSE,NA,NA,NA,NA,NA,NA,FALSE,FALSE,FALSE,FALSE,NA,NA
1795,1.64,2.03,NA,NA,NA,NA,NA,NA,NA,2.98,NA,NA,NA,NA,NA,NA,2.02,1.67,3.19,3.37,NA,NA,FALSE,FALSE,NA,NA,NA,NA,NA,NA,NA,FALSE,NA,NA,NA,NA,NA,NA,FALSE,FALSE,FALSE,FALSE,NA,NA
1796,0.97,1.66,NA,NA,NA,NA,NA,NA,NA,2.76,NA,NA,NA,NA,NA,NA,1.72,1.44,2.55,2.33,NA,NA,FALSE,FALSE,NA,NA,NA,NA,NA,NA,NA,FALSE,NA,NA,NA,NA,NA,NA,FALSE,FALSE,FALSE,FALSE,NA,NA
1797,1.83,2.12,NA,NA,NA,NA,NA,NA,NA,2.95,NA,NA,NA,NA,NA,2.92,1.97,2.01,2.48,2.46,NA,NA,FALSE,FALSE,NA,NA,NA,NA,NA,NA,NA,FALSE,NA,NA,NA,NA,NA,FALSE,FALSE,FALSE,FALSE,FALSE,NA,NA
1798,2.16,2.66,NA,NA,NA,NA,NA,NA,NA,2.79,NA,NA,NA,NA,NA,2.93,2.48,2.43,2.51,2.47,NA,NA,FALSE,FALSE,NA,NA,NA,NA,NA,NA,NA,FALSE,NA,NA,NA,NA,NA,FALSE,FALSE,FALSE,FALSE,FALSE,NA,NA
1799,2.28,2.58,NA,NA,NA,NA,NA,NA,NA,2.57,NA,NA,NA,NA,NA,3.08,2.61,2.19,2.94,2.74,NA,NA,FALSE,FALSE,NA,NA,NA,NA,NA,NA,NA,FALSE,NA,NA,NA,NA,NA,FALSE,FALSE,FALSE,FALSE,FALSE,NA,NA
1800,2.17,3.06,NA,NA,NA,NA,NA,NA,NA,2.62,NA,NA,NA,NA,NA,2.81,2.56,2.78,3.24,2.89,NA,NA,FALSE,FALSE,NA,NA,NA,NA,NA,NA,NA,FALSE,NA,NA,NA,NA,NA,FALSE,FALSE,FALSE,FALSE,FALSE,NA,NA
1801,2.13,2,NA,NA,NA,NA,NA,NA,NA,2.26,NA,NA,NA,NA,NA,1.58,2.16,2,2.73,2.48,NA,NA,FALSE,FALSE,NA,NA,NA,NA,NA,NA,NA,FALSE,NA,NA,NA,NA,NA,FALSE,FALSE,FALSE,FALSE,FALSE,NA,NA
1802,2.17,1.68,NA,NA,NA,NA,NA,2.96,NA,2.47,NA,NA,NA,NA,NA,2.05,1.78,1.93,2.38,2.37,NA,NA,FALSE,FALSE,NA,NA,NA,NA,NA,FALSE,NA,FALSE,NA,NA,NA,NA,NA,FALSE,FALSE,FALSE,FALSE,FALSE,NA,NA
1803,2.65,1.78,NA,NA,NA,NA,NA,3.83,NA,2.64,NA,NA,NA,NA,NA,4.03,1.56,1.63,2.69,2.91,NA,NA,FALSE,FALSE,NA,NA,NA,NA,NA,TRUE,NA,FALSE,NA,NA,NA,NA,NA,TRUE,FALSE,FALSE,FALSE,FALSE,NA,NA
1804,2.63,2.01,NA,NA,NA,NA,NA,3.42,NA,2.57,NA,NA,NA,NA,NA,3.1,2,1.96,2.67,3.05,NA,NA,FALSE,FALSE,NA,NA,NA,NA,NA,TRUE,NA,FALSE,NA,NA,NA,NA,NA,FALSE,FALSE,FALSE,FALSE,FALSE,NA,NA
1805,2.31,2.46,NA,NA,NA,NA,NA,3.36,NA,2.48,NA,NA,NA,NA,NA,3.46,1.94,1.97,2.47,3.1,NA,NA,FALSE,FALSE,NA,NA,NA,NA,NA,FALSE,NA,FALSE,NA,NA,NA,NA,NA,FALSE,FALSE,FALSE,FALSE,FALSE,NA,NA
1806,2.41,2.75,NA,2.59,NA,NA,NA,3.09,NA,2.55,NA,NA,NA,NA,3.47,2.7,1.87,1.94,2.41,2.98,NA,NA,FALSE,FALSE,NA,FALSE,NA,NA,NA,FALSE,NA,FALSE,NA,NA,NA,NA,FALSE,FALSE,FALSE,FALSE,FALSE,FALSE,NA,NA
1807,2.46,2.72,2.8,2.83,NA,NA,NA,2.76,NA,2.54,NA,NA,NA,NA,2.53,2.85,1.52,1.9,2.1,2.69,NA,NA,FALSE,FALSE,FALSE,FALSE,NA,NA,NA,FALSE,NA,FALSE,NA,NA,NA,NA,FALSE,FALSE,FALSE,FALSE,FALSE,FALSE,NA,NA
1808,1.91,2.24,3.25,2.63,NA,NA,NA,2.79,NA,3.21,NA,NA,NA,NA,2.88,2.36,1.92,1.99,2.04,2.39,NA,NA,FALSE,FALSE,FALSE,FALSE,NA,NA,NA,FALSE,NA,FALSE,NA,NA,NA,NA,FALSE,FALSE,FALSE,FALSE,FALSE,FALSE,NA,NA
1809,1.72,2.13,3.35,3.18,NA,NA,NA,2.4,NA,2.98,NA,NA,NA,NA,3.02,3.14,1.73,1.95,2.49,2.56,NA,NA,FALSE,FALSE,FALSE,FALSE,NA,NA,NA,FALSE,NA,FALSE,NA,NA,NA,NA,FALSE,FALSE,FALSE,FALSE,FALSE,FALSE,NA,NA
1810,1.33,1.52,2.17,2.29,NA,NA,NA,1.24,1.32,1.24,NA,NA,NA,NA,1.62,2.15,1.28,1.41,1.82,2.14,NA,NA,FALSE,FALSE,FALSE,FALSE,NA,NA,NA,FALSE,FALSE,FALSE,NA,NA,NA,NA,FALSE,FALSE,FALSE,FALSE,FALSE,FALSE,NA,NA
1811,1.64,2.09,2.43,2.74,NA,NA,NA,1.81,1.97,1.86,NA,NA,NA,NA,2.29,2.83,1.61,1.91,2.1,2.7,NA,NA,FALSE,FALSE,FALSE,FALSE,NA,NA,NA,FALSE,FALSE,FALSE,NA,NA,NA,NA,FALSE,FALSE,FALSE,FALSE,FALSE,FALSE,NA,NA
1812,1.88,1.84,2.84,3.18,NA,NA,NA,2.69,2.18,1.79,NA,NA,NA,NA,3.25,3.57,2.29,2.39,2.41,3.32,NA,NA,FALSE,FALSE,FALSE,FALSE,NA,NA,NA,FALSE,FALSE,FALSE,NA,NA,NA,NA,FALSE,FALSE,FALSE,FALSE,FALSE,FALSE,NA,NA
1813,1.59,1.69,2.55,2.86,NA,NA,NA,2.2,2.35,1.83,NA,NA,NA,NA,2.44,2.81,1.87,2.08,2.45,2.5,NA,NA,FALSE,FALSE,FALSE,FALSE,NA,NA,NA,FALSE,FALSE,FALSE,NA,NA,NA,NA,FALSE,FALSE,FALSE,FALSE,FALSE,FALSE,NA,NA
1814,2.15,2.21,2.92,2.85,NA,NA,NA,2.72,2.67,2.45,NA,NA,NA,NA,3.08,2.69,1.92,1.77,2.88,3.07,NA,NA,FALSE,FALSE,FALSE,FALSE,NA,NA,NA,FALSE,FALSE,FALSE,NA,NA,NA,NA,FALSE,FALSE,FALSE,FALSE,FALSE,FALSE,NA,NA
1815,1.53,1.73,2.78,2.73,NA,NA,2.11,2.64,2.13,1.85,NA,NA,NA,NA,2.23,2.79,1.53,1.56,2.64,2.64,NA,NA,FALSE,FALSE,FALSE,FALSE,NA,NA,FALSE,FALSE,FALSE,FALSE,NA,NA,NA,NA,FALSE,FALSE,FALSE,FALSE,FALSE,FALSE,NA,NA
1816,1.36,1.29,3.02,2.94,NA,NA,1.73,2.68,2.46,2.41,NA,2.26,NA,NA,2.37,2.05,1.47,1.19,2.76,2.7,NA,2.33,FALSE,FALSE,FALSE,FALSE,NA,NA,FALSE,FALSE,FALSE,FALSE,NA,FALSE,NA,NA,FALSE,FALSE,FALSE,FALSE,FALSE,FALSE,NA,FALSE
1817,1.38,1.44,2.85,3.07,NA,NA,2.02,2.43,2.25,2.12,NA,2.06,NA,NA,2.68,2.08,1.07,1.05,2.51,2.45,NA,2.23,FALSE,FALSE,FALSE,FALSE,NA,NA,FALSE,FALSE,FALSE,FALSE,NA,FALSE,NA,NA,FALSE,FALSE,FALSE,FALSE,FALSE,FALSE,NA,FALSE
1818,1.35,1.46,2.61,2.71,NA,NA,1.79,2.12,2.1,2.18,NA,1.38,NA,NA,2.22,2.16,0.78,0.68,2.1,2.31,NA,2,FALSE,FALSE,FALSE,FALSE,NA,NA,FALSE,FALSE,FALSE,FALSE,NA,FALSE,NA,NA,FALSE,FALSE,FALSE,FALSE,FALSE,FALSE,NA,FALSE
1819,1.6,2.22,2.53,1.65,NA,NA,2.12,1.84,2.17,2.18,NA,2.04,NA,NA,2.2,1.68,0.63,0.46,1.82,2.27,NA,1.47,FALSE,FALSE,FALSE,FALSE,NA,NA,FALSE,FALSE,FALSE,FALSE,NA,FALSE,NA,NA,FALSE,FALSE,FALSE,FALSE,FALSE,FALSE,NA,FALSE
1820,1.27,2.19,2.78,0.59,NA,NA,1.8,1.83,2.29,1.64,NA,2.07,NA,NA,1.98,1.52,0.57,0.37,1.46,1.83,NA,1.02,FALSE,FALSE,FALSE,FALSE,NA,NA,FALSE,FALSE,FALSE,FALSE,NA,FALSE,NA,NA,FALSE,FALSE,FALSE,FALSE,FALSE,FALSE,NA,FALSE
1821,1.22,2.3,2.25,0.76,NA,NA,1.45,1.93,1.93,2.11,NA,1.97,NA,NA,1.81,2.08,0.68,0.6,1.65,2.06,NA,1.1,FALSE,FALSE,FALSE,FALSE,NA,NA,FALSE,FALSE,FALSE,FALSE,NA,FALSE,NA,NA,FALSE,FALSE,FALSE,FALSE,FALSE,FALSE,NA,FALSE
1822,1.59,2.33,2.01,1.13,NA,NA,1.81,1.87,2.61,2.28,NA,2.21,NA,NA,1.63,1.87,0.9,0.72,1.76,1.86,NA,0.88,FALSE,FALSE,FALSE,FALSE,NA,NA,FALSE,FALSE,FALSE,FALSE,NA,FALSE,NA,NA,FALSE,FALSE,FALSE,FALSE,FALSE,FALSE,NA,FALSE
1823,1.24,1.55,1.79,0.98,NA,NA,1.62,1.31,2.34,1.82,NA,2.76,NA,NA,1.63,1.82,0.87,0.68,1.66,1.62,NA,0.87,FALSE,FALSE,FALSE,FALSE,NA,NA,FALSE,FALSE,FALSE,FALSE,NA,FALSE,NA,NA,FALSE,FALSE,FALSE,FALSE,FALSE,FALSE,NA,FALSE
1824,0.97,1.39,2.49,1.48,NA,NA,2.07,1.75,1.95,1.9,NA,2.25,NA,NA,1.98,2.44,1.06,0.88,1.7,1.9,NA,1.17,FALSE,FALSE,FALSE,FALSE,NA,NA,FALSE,FALSE,FALSE,FALSE,NA,FALSE,NA,NA,FALSE,FALSE,FALSE,FALSE,FALSE,FALSE,NA,FALSE
1825,1.34,1.33,2.46,1.84,NA,NA,2.35,2.01,2.51,1.89,NA,1.95,NA,NA,2.43,2.69,1.13,0.92,1.49,1.98,NA,1.31,FALSE,FALSE,FALSE,FALSE,NA,NA,FALSE,FALSE,FALSE,FALSE,NA,FALSE,NA,NA,FALSE,FALSE,FALSE,FALSE,FALSE,FALSE,NA,FALSE
1826,1.15,1.54,2.66,2.25,NA,NA,2.2,2.25,2.3,1.93,NA,2.54,NA,NA,2.53,2.58,1.07,0.9,1.7,2.19,NA,1.51,FALSE,FALSE,FALSE,FALSE,NA,NA,FALSE,FALSE,FALSE,FALSE,NA,FALSE,NA,NA,FALSE,FALSE,FALSE,FALSE,FALSE,FALSE,NA,FALSE
1827,0.87,1.26,1.12,1.78,NA,NA,1.91,2.03,1.93,1.45,NA,1.8,NA,NA,1.95,2.03,0.95,0.76,1.22,1.69,NA,1.3,FALSE,FALSE,FALSE,FALSE,NA,NA,FALSE,FALSE,FALSE,FALSE,NA,FALSE,NA,NA,FALSE,FALSE,FALSE,FALSE,FALSE,FALSE,NA,FALSE
1828,1.2,1.52,1.68,2.48,NA,NA,2.17,1.65,2.09,2.19,1.89,2.66,NA,NA,2.13,2.66,1.31,0.89,1.7,1.57,NA,1.39,FALSE,FALSE,FALSE,FALSE,NA,NA,FALSE,FALSE,FALSE,FALSE,FALSE,FALSE,NA,NA,FALSE,FALSE,FALSE,FALSE,FALSE,FALSE,NA,FALSE
1829,1.25,1.36,2.37,2.94,NA,NA,1.95,2.3,2.36,3.11,1.84,2.89,NA,NA,2.23,2.82,1.57,0.91,2.19,2.3,NA,1.49,FALSE,FALSE,FALSE,FALSE,NA,NA,FALSE,FALSE,FALSE,FALSE,FALSE,FALSE,NA,NA,FALSE,FALSE,FALSE,FALSE,FALSE,FALSE,NA,FALSE
1830,1.47,1.56,1.69,2.61,NA,NA,2.19,1.83,2.18,2.67,1.8,2.19,NA,NA,1.98,1.8,1.33,0.9,1.49,2.32,NA,0.97,FALSE,FALSE,FALSE,FALSE,NA,NA,FALSE,FALSE,FALSE,FALSE,FALSE,FALSE,NA,NA,FALSE,FALSE,FALSE,FALSE,FALSE,FALSE,NA,FALSE
1831,1.4,1.8,1.57,2.61,NA,NA,2.49,2.26,2.04,2.14,1.93,2.1,NA,NA,2.39,1.44,1.04,1.02,1.57,2,NA,1.3,FALSE,FALSE,FALSE,FALSE,NA,NA,FALSE,FALSE,FALSE,FALSE,FALSE,FALSE,NA,NA,FALSE,FALSE,FALSE,FALSE,FALSE,FALSE,NA,FALSE
1832,1.72,1.76,1.71,2.97,NA,NA,2.2,2,2.03,1.91,2.31,2.08,NA,NA,2.89,2.76,1.06,0.9,1.82,2.23,NA,1.66,FALSE,FALSE,FALSE,FALSE,NA,NA,FALSE,FALSE,FALSE,FALSE,FALSE,FALSE,NA,NA,FALSE,FALSE,FALSE,FALSE,FALSE,FALSE,NA,FALSE
1833,2.09,2.09,2.53,3.01,NA,NA,2.06,2.33,2.06,1.94,2.01,2.17,NA,NA,2.72,2.77,1.6,1.01,2.14,2.58,NA,1.71,FALSE,FALSE,FALSE,FALSE,NA,NA,FALSE,FALSE,FALSE,FALSE,FALSE,FALSE,NA,NA,FALSE,FALSE,FALSE,FALSE,FALSE,FALSE,NA,FALSE
1834,2.11,2.54,2.45,3.3,NA,NA,2.37,2.57,2.1,2.2,2.67,2.64,NA,NA,3.13,3.21,1.8,1.3,2.08,2.3,NA,1.61,FALSE,FALSE,FALSE,FALSE,NA,NA,FALSE,FALSE,FALSE,FALSE,FALSE,FALSE,NA,NA,FALSE,FALSE,FALSE,FALSE,FALSE,FALSE,NA,FALSE
1835,1.5,2,2.32,2.4,NA,NA,2.25,1.91,1.73,1.75,2.41,2.32,NA,NA,3.22,2.49,2.16,1.14,1.88,1.95,NA,1.73,FALSE,FALSE,FALSE,FALSE,NA,NA,FALSE,FALSE,FALSE,FALSE,FALSE,FALSE,NA,NA,FALSE,FALSE,FALSE,FALSE,FALSE,FALSE,NA,FALSE
1836,1.69,1.85,2.35,2.35,NA,NA,2.03,1.76,1.73,1.81,2.7,2.3,NA,NA,2.84,1.43,2.04,1.2,1.77,1.88,NA,1.9,FALSE,FALSE,FALSE,FALSE,NA,NA,FALSE,FALSE,FALSE,FALSE,FALSE,FALSE,NA,NA,FALSE,FALSE,FALSE,FALSE,FALSE,FALSE,NA,FALSE
1837,2.26,2.6,2.36,1.87,NA,NA,2.61,2.07,2.22,2.35,3.2,3.01,NA,NA,2.45,2.05,2.03,1.25,2.47,2.25,2.01,2.11,FALSE,FALSE,FALSE,FALSE,NA,NA,FALSE,FALSE,FALSE,FALSE,FALSE,FALSE,NA,NA,FALSE,FALSE,FALSE,FALSE,FALSE,FALSE,FALSE,FALSE
1838,2.09,2.46,2.47,2.99,NA,NA,2.62,2.3,2.17,2.45,2.95,3.07,NA,NA,2.84,2.32,2.29,1.16,2.18,2.2,1.79,1.67,FALSE,FALSE,FALSE,FALSE,NA,NA,FALSE,FALSE,FALSE,FALSE,FALSE,FALSE,NA,NA,FALSE,FALSE,FALSE,FALSE,FALSE,FALSE,FALSE,FALSE
1839,1.99,1.97,2.5,3.02,NA,NA,2.53,2.73,2.37,2.37,2.26,3.68,NA,NA,2.7,2.89,1.99,1.32,1.82,1.71,1.22,1.97,FALSE,FALSE,FALSE,FALSE,NA,NA,FALSE,FALSE,FALSE,FALSE,FALSE,FALSE,NA,NA,FALSE,FALSE,FALSE,FALSE,FALSE,FALSE,FALSE,FALSE
1840,1.05,1.01,1.63,2.14,NA,NA,1.85,1.5,1.33,1.42,1.75,2.26,NA,NA,2.22,2.44,1.47,0.86,0.98,1.01,1.11,1.63,FALSE,FALSE,FALSE,FALSE,NA,NA,FALSE,FALSE,FALSE,FALSE,FALSE,FALSE,NA,NA,FALSE,FALSE,FALSE,FALSE,FALSE,FALSE,FALSE,FALSE
1841,1.53,1.48,2.04,2.26,NA,NA,2.52,1.73,2.09,1.72,2.94,3.61,NA,NA,2.55,2.89,2.21,1.13,1.08,1.16,1.69,2.18,FALSE,FALSE,FALSE,FALSE,NA,NA,FALSE,FALSE,FALSE,FALSE,FALSE,FALSE,NA,NA,FALSE,FALSE,FALSE,FALSE,FALSE,FALSE,FALSE,FALSE
1842,1.14,0.89,1.9,1.78,NA,NA,2.34,1.76,1.63,1.35,2.6,2.77,NA,NA,2.3,2.33,1.99,0.99,1.14,1.14,1.06,1.82,FALSE,FALSE,FALSE,FALSE,NA,NA,FALSE,FALSE,FALSE,FALSE,FALSE,FALSE,NA,NA,FALSE,FALSE,FALSE,FALSE,FALSE,FALSE,FALSE,FALSE
1843,2.21,1.66,3.23,2.44,NA,2.66,2.35,1.78,2.17,1.33,2.55,3.43,NA,NA,2.49,2.47,2.91,1.13,1.47,1.43,1.66,1.94,FALSE,FALSE,FALSE,FALSE,NA,FALSE,FALSE,FALSE,FALSE,FALSE,FALSE,FALSE,NA,NA,FALSE,FALSE,FALSE,FALSE,FALSE,FALSE,FALSE,FALSE
1844,2.08,1.38,2.92,1.87,NA,2.69,2.02,1.37,1.2,1.39,1.8,2.45,NA,NA,2.14,1.93,1.91,0.89,1.25,1.34,1.47,1.49,FALSE,FALSE,FALSE,FALSE,NA,FALSE,FALSE,FALSE,FALSE,FALSE,FALSE,FALSE,NA,NA,FALSE,FALSE,FALSE,FALSE,FALSE,FALSE,FALSE,FALSE
1845,1.59,1.05,2.68,1.98,NA,2.25,2.36,1.63,1.77,1.61,1.92,2.64,NA,NA,2.54,2.48,2.24,1.19,1.45,1.5,1.86,2.37,FALSE,FALSE,FALSE,FALSE,NA,FALSE,FALSE,FALSE,FALSE,FALSE,FALSE,FALSE,NA,NA,FALSE,FALSE,FALSE,FALSE,FALSE,FALSE,FALSE,FALSE
1846,1.88,1.13,3.56,1.98,NA,2.5,2.56,1.63,1.75,1.64,2.16,2.21,NA,NA,2.42,2.05,2.02,1.25,1.7,1.68,1.66,1.99,FALSE,FALSE,FALSE,FALSE,NA,FALSE,FALSE,FALSE,FALSE,FALSE,FALSE,FALSE,NA,NA,FALSE,FALSE,FALSE,FALSE,FALSE,FALSE,FALSE,FALSE
1847,1.16,0.91,2.7,1.45,NA,1.93,2.42,1.73,1.62,1.42,2.21,1.83,NA,NA,2.39,1.7,1.44,0.92,1.7,1.64,1.56,2.49,FALSE,FALSE,FALSE,FALSE,NA,FALSE,FALSE,FALSE,FALSE,FALSE,FALSE,FALSE,NA,NA,FALSE,FALSE,FALSE,FALSE,FALSE,FALSE,FALSE,FALSE
1848,1.63,1.02,3.14,1.9,NA,2.35,3.73,2.35,2.34,2.49,2.6,2.35,NA,NA,2.95,2.66,2.44,1.15,1.81,1.88,1.43,2.94,FALSE,FALSE,FALSE,FALSE,NA,FALSE,TRUE,FALSE,FALSE,FALSE,FALSE,FALSE,NA,NA,FALSE,FALSE,FALSE,FALSE,FALSE,FALSE,FALSE,FALSE
1849,1.22,0.75,2.44,1.7,2.04,2.4,3.43,2.41,1.98,2.31,3.32,2.19,4.07,5.23,2.6,2.4,2.53,1.11,1.65,1.56,1.97,4.08,FALSE,FALSE,FALSE,FALSE,FALSE,FALSE,FALSE,FALSE,FALSE,FALSE,FALSE,FALSE,FALSE,FALSE,FALSE,FALSE,FALSE,FALSE,FALSE,FALSE,FALSE,TRUE
1850,1.13,1.05,2.53,2.35,2.35,2.6,2.7,2.34,2.04,1.91,2.98,2.1,4.09,5.3,2.18,2.74,2.05,1.23,1.65,1.41,2.32,3.2,FALSE,FALSE,FALSE,FALSE,FALSE,FALSE,FALSE,FALSE,FALSE,FALSE,FALSE,FALSE,FALSE,TRUE,FALSE,FALSE,FALSE,FALSE,FALSE,FALSE,FALSE,FALSE
1851,1.45,1.24,2.66,2.37,2.85,3.12,2.92,2.28,1.98,1.82,2.35,2.58,4.49,5.13,2.17,2.98,1.99,1.22,1.89,1.34,2.26,2.8,FALSE,FALSE,FALSE,FALSE,FALSE,FALSE,FALSE,FALSE,FALSE,FALSE,FALSE,FALSE,FALSE,FALSE,FALSE,FALSE,FALSE,FALSE,FALSE,FALSE,FALSE,FALSE
1852,1.87,1.37,2.7,2.61,3.46,2.62,2.8,2.06,2.01,1.91,2.76,2.87,4.42,5.12,2.24,2.97,1.94,1.48,1.56,1.54,2.12,2.49,FALSE,FALSE,FALSE,FALSE,FALSE,FALSE,FALSE,FALSE,FALSE,FALSE,FALSE,FALSE,FALSE,FALSE,FALSE,FALSE,FALSE,FALSE,FALSE,FALSE,FALSE,FALSE
1853,1.79,1.24,2.96,2.82,2.49,2,2.76,2.02,1.64,1.7,2.54,2.6,3.17,3.32,2.62,2.55,2,1.27,1.7,1.45,2.29,2.31,FALSE,FALSE,FALSE,FALSE,FALSE,FALSE,FALSE,FALSE,FALSE,FALSE,FALSE,FALSE,FALSE,FALSE,FALSE,FALSE,FALSE,FALSE,FALSE,FALSE,FALSE,FALSE
1854,2.56,1.27,3.04,2.61,2.81,2.52,2.98,1.92,2.36,1.78,3.26,3.07,4.13,4.57,3.12,2.69,2.16,1.25,1.72,0.99,1.94,2.08,FALSE,FALSE,FALSE,FALSE,FALSE,FALSE,FALSE,FALSE,FALSE,FALSE,FALSE,FALSE,FALSE,FALSE,FALSE,FALSE,FALSE,FALSE,FALSE,FALSE,FALSE,FALSE
1855,2.13,1.02,2.34,1.81,3.03,2.56,2.35,1.49,1.95,1.65,3.54,2.7,3.63,4.33,2.74,2.45,1.81,1.09,1.44,0.99,1.3,1.89,FALSE,FALSE,FALSE,FALSE,FALSE,FALSE,FALSE,FALSE,FALSE,FALSE,FALSE,FALSE,FALSE,FALSE,FALSE,FALSE,FALSE,FALSE,FALSE,FALSE,FALSE,FALSE
1856,1.67,0.87,2.33,1.63,3.08,3.12,2.6,1.38,1.63,1.11,2.81,2.16,3.45,4.36,2.42,2.29,1.63,0.98,1.63,1.25,2.08,1.81,FALSE,FALSE,FALSE,FALSE,FALSE,FALSE,FALSE,FALSE,FALSE,FALSE,FALSE,FALSE,FALSE,FALSE,FALSE,FALSE,FALSE,FALSE,FALSE,FALSE,FALSE,FALSE
1857,1.74,1.15,2.69,1.77,2.71,3.69,2.93,2.11,1.93,1.45,2.54,2.05,5.29,5.47,2.77,2.45,1.73,0.92,1.78,1.55,2.81,2.22,FALSE,FALSE,FALSE,FALSE,FALSE,FALSE,FALSE,FALSE,FALSE,FALSE,FALSE,FALSE,TRUE,TRUE,FALSE,FALSE,FALSE,FALSE,FALSE,FALSE,FALSE,FALSE
1858,2.07,1.56,3.06,2.3,2.67,2.95,2.87,2.35,2.2,1.68,3.15,2.35,5.28,5.93,2.79,2.7,1.76,1.34,2.07,1.58,2.6,2.18,FALSE,FALSE,FALSE,FALSE,FALSE,FALSE,FALSE,FALSE,FALSE,FALSE,FALSE,FALSE,TRUE,TRUE,FALSE,FALSE,FALSE,FALSE,FALSE,FALSE,FALSE,FALSE
1859,1.3,1.08,2.36,2.08,2.08,2.23,2.46,2.23,1.43,1.17,2.1,1.97,3.51,4.35,2.4,2.42,1.39,0.95,1.41,1.1,1.84,1.75,FALSE,FALSE,FALSE,FALSE,FALSE,FALSE,FALSE,FALSE,FALSE,FALSE,FALSE,FALSE,FALSE,FALSE,FALSE,FALSE,FALSE,FALSE,FALSE,FALSE,FALSE,FALSE
1860,1.56,1.3,2.34,2.47,2.7,2.61,3.08,1.71,1.8,1.4,2.01,1.71,3.91,4.87,2.54,2.49,1.67,1.12,1.26,1.11,2.08,1.52,FALSE,FALSE,FALSE,FALSE,FALSE,FALSE,FALSE,FALSE,FALSE,FALSE,FALSE,FALSE,FALSE,FALSE,FALSE,FALSE,FALSE,FALSE,FALSE,FALSE,FALSE,FALSE
1861,1.38,1.74,2.02,2.68,2.81,2.73,2.92,1.85,1.54,1.42,2.16,1.37,3.11,3.63,2.3,2.3,1.6,1.05,1.67,1.31,1.91,1.92,FALSE,FALSE,FALSE,FALSE,FALSE,FALSE,FALSE,FALSE,FALSE,FALSE,FALSE,FALSE,FALSE,FALSE,FALSE,FALSE,FALSE,FALSE,FALSE,FALSE,FALSE,FALSE
1862,1.25,2.35,1.96,2.49,2.44,2.27,2.72,1.97,1.41,1.24,2.01,1.8,2.61,3.13,2.54,2,1.27,0.83,1.79,1.39,2.26,1.77,FALSE,FALSE,FALSE,FALSE,FALSE,FALSE,FALSE,FALSE,FALSE,FALSE,FALSE,FALSE,FALSE,FALSE,FALSE,FALSE,FALSE,FALSE,FALSE,FALSE,FALSE,FALSE
1863,1.58,3.23,2.37,2.7,2.43,2.36,2.47,2.45,1.68,1.65,2.47,2.34,2.98,3.65,2.94,2.75,1.81,1.14,2.1,1.91,2.49,1.82,FALSE,FALSE,FALSE,FALSE,FALSE,FALSE,FALSE,FALSE,FALSE,FALSE,FALSE,FALSE,FALSE,FALSE,FALSE,FALSE,FALSE,FALSE,FALSE,FALSE,FALSE,FALSE
1864,1.56,2.68,2.15,2.12,2.45,2.16,2.17,2.25,1.78,1.79,2.37,1.73,2.43,2.99,2.65,1.96,1.62,0.79,1.67,1.57,2.62,1.8,FALSE,FALSE,FALSE,FALSE,FALSE,FALSE,FALSE,FALSE,FALSE,FALSE,FALSE,FALSE,FALSE,FALSE,FALSE,FALSE,FALSE,FALSE,FALSE,FALSE,FALSE,FALSE
1865,1.59,2.04,2.31,1.93,2.45,2.24,1.99,2.12,1.53,1.6,2.41,2.16,2.64,2.55,2.23,1.98,1.46,0.72,1.58,1.44,2.2,1.41,FALSE,FALSE,FALSE,FALSE,FALSE,FALSE,FALSE,FALSE,FALSE,FALSE,FALSE,FALSE,FALSE,FALSE,FALSE,FALSE,FALSE,FALSE,FALSE,FALSE,FALSE,FALSE
1866,1.39,1.6,2.2,1.74,2.54,2.97,1.92,1.81,1.59,1.32,2.7,2.16,2.55,2.31,2.37,2.11,1.32,0.71,1.38,1.23,2.22,1.42,FALSE,FALSE,FALSE,FALSE,FALSE,FALSE,FALSE,FALSE,FALSE,FALSE,FALSE,FALSE,FALSE,FALSE,FALSE,FALSE,FALSE,FALSE,FALSE,FALSE,FALSE,FALSE
1867,1.24,1.5,2.35,1.16,2.64,3.3,1.98,1.95,1.65,1.76,2.68,2.74,2.66,1.96,2.66,2.25,0.76,0.61,1.23,0.84,2.58,1.62,FALSE,FALSE,FALSE,FALSE,FALSE,FALSE,FALSE,FALSE,FALSE,FALSE,FALSE,FALSE,FALSE,FALSE,FALSE,FALSE,FALSE,FALSE,FALSE,FALSE,FALSE,FALSE
1868,1.62,1.8,2.35,1.2,2.96,2.39,1.76,1.56,2.29,1.55,2.74,2.59,2.81,1.62,2.77,2.57,0.83,0.66,1.23,0.94,2.42,1.5,FALSE,FALSE,FALSE,FALSE,FALSE,FALSE,FALSE,FALSE,FALSE,FALSE,FALSE,FALSE,FALSE,FALSE,FALSE,FALSE,FALSE,FALSE,FALSE,FALSE,FALSE,FALSE
1869,1.31,1.46,1.78,1.08,2.28,1.97,1.46,1.1,1.42,1.31,2.28,1.58,2.28,1.91,1.93,1.87,0.95,0.55,1.14,0.81,2.24,1.39,FALSE,FALSE,FALSE,FALSE,FALSE,FALSE,FALSE,FALSE,FALSE,FALSE,FALSE,FALSE,FALSE,FALSE,FALSE,FALSE,FALSE,FALSE,FALSE,FALSE,FALSE,FALSE
1870,1.34,1.39,1.53,1.32,2.27,2.45,1.41,0.91,1.36,0.9,1.44,1.74,2.14,2.01,1.84,1.36,0.74,0.46,1.02,0.89,1.62,0.98,FALSE,FALSE,FALSE,FALSE,FALSE,FALSE,FALSE,FALSE,FALSE,FALSE,FALSE,FALSE,FALSE,FALSE,FALSE,FALSE,FALSE,FALSE,FALSE,FALSE,FALSE,FALSE
1871,1.16,1.23,1.06,1.27,2.22,2.15,1.31,0.75,1.23,1,1.79,1.45,1.93,1.85,1.27,1.12,0.53,0.41,0.87,0.77,1.45,0.97,FALSE,FALSE,FALSE,FALSE,FALSE,FALSE,FALSE,FALSE,FALSE,FALSE,FALSE,FALSE,FALSE,FALSE,FALSE,FALSE,FALSE,FALSE,FALSE,FALSE,FALSE,FALSE
1872,0.87,1.24,1.37,1.63,2.47,2.22,2,1.16,1.38,0.95,1.93,2.1,2.8,2.16,1.78,1.24,0.74,0.43,0.79,1.08,1.58,1.03,FALSE,FALSE,FALSE,FALSE,FALSE,FALSE,FALSE,FALSE,FALSE,FALSE,FALSE,FALSE,FALSE,FALSE,FALSE,FALSE,FALSE,FALSE,FALSE,FALSE,FALSE,FALSE
1873,1.35,1.4,1.5,1.75,2.72,2.51,2.17,1.43,1.57,1.08,3.06,2.06,2.7,3.04,2.08,1.51,0.7,0.65,1.08,1.1,1.82,1.3,FALSE,FALSE,FALSE,FALSE,FALSE,FALSE,FALSE,FALSE,FALSE,FALSE,FALSE,FALSE,FALSE,FALSE,FALSE,FALSE,FALSE,FALSE,FALSE,FALSE,FALSE,FALSE
1874,1.07,1.13,1.51,1.65,2.24,1.77,1.76,1.62,1.35,1.24,2.43,1.79,2.69,2.42,1.65,1.41,0.59,0.59,0.9,0.96,1.57,1.1,FALSE,FALSE,FALSE,FALSE,FALSE,FALSE,FALSE,FALSE,FALSE,FALSE,FALSE,FALSE,FALSE,FALSE,FALSE,FALSE,FALSE,FALSE,FALSE,FALSE,FALSE,FALSE
1875,1.07,1.4,2,1.71,2.57,2.28,1.95,1.76,1.49,1.61,1.98,2.07,2.96,3.09,1.54,1.7,0.64,0.69,1.23,1.29,0.93,0.73,FALSE,FALSE,FALSE,FALSE,FALSE,FALSE,FALSE,FALSE,FALSE,FALSE,FALSE,FALSE,FALSE,FALSE,FALSE,FALSE,FALSE,FALSE,FALSE,FALSE,FALSE,FALSE
1876,0.99,1.23,1.64,1.67,2.46,2.36,1.58,1.25,1.06,1.43,1.35,1.93,2.12,2.37,1.54,1.35,0.45,0.49,0.91,1.41,1.61,1.44,FALSE,FALSE,FALSE,FALSE,FALSE,FALSE,FALSE,FALSE,FALSE,FALSE,FALSE,FALSE,FALSE,FALSE,FALSE,FALSE,FALSE,FALSE,FALSE,FALSE,FALSE,FALSE
1877,1.73,1.59,2.21,2.06,3.2,2.98,2.84,1.89,1.9,1.83,4.67,2.78,3.34,3.57,2.18,1.81,0.56,0.82,0.96,1.93,2.13,1.68,FALSE,FALSE,FALSE,FALSE,FALSE,FALSE,FALSE,FALSE,FALSE,FALSE,FALSE,FALSE,FALSE,FALSE,FALSE,FALSE,FALSE,FALSE,FALSE,FALSE,FALSE,FALSE
1878,2.06,1.93,2.34,2.65,3.75,3.34,2.58,2.09,2.07,2.16,4.93,2.95,4.04,4.07,2.8,2.06,0.74,1,1.49,2.19,2.34,1.75,FALSE,FALSE,FALSE,FALSE,FALSE,FALSE,FALSE,FALSE,FALSE,FALSE,TRUE,FALSE,FALSE,FALSE,FALSE,FALSE,FALSE,FALSE,FALSE,FALSE,FALSE,FALSE
1879,1.92,2.49,2.63,2.67,3.42,3.25,2.74,2.41,1.85,2.11,4.97,3.21,4.16,3.87,2.98,2.26,0.9,0.92,1.67,2.03,2.4,1.87,FALSE,FALSE,FALSE,FALSE,FALSE,FALSE,FALSE,FALSE,FALSE,FALSE,TRUE,FALSE,FALSE,FALSE,FALSE,FALSE,FALSE,FALSE,FALSE,FALSE,FALSE,FALSE
1880,1.45,2.21,1.86,1.74,2.41,2.2,1.61,1.39,1.16,1.22,2.79,1.98,2.56,2.37,1.9,1.27,0.66,0.7,1.05,1.17,1.47,1.13,FALSE,FALSE,FALSE,FALSE,FALSE,FALSE,FALSE,FALSE,FALSE,FALSE,FALSE,FALSE,FALSE,FALSE,FALSE,FALSE,FALSE,FALSE,FALSE,FALSE,FALSE,FALSE
1881,2.31,3.47,2.14,1.49,3.12,2.75,2.4,2.29,1.34,1.6,3.13,2.44,3.46,3.25,2.73,1.52,0.59,0.72,0.97,1.42,2.08,2.11,FALSE,FALSE,FALSE,FALSE,FALSE,FALSE,FALSE,FALSE,FALSE,FALSE,FALSE,FALSE,FALSE,FALSE,FALSE,FALSE,FALSE,FALSE,FALSE,FALSE,FALSE,FALSE
1882,2.6,3.75,2.62,1.68,2.93,2.15,1.99,2.02,1.06,1.34,2.74,2.43,3.18,2.98,2.95,1.9,0.74,0.99,1.2,1.44,2.02,2,FALSE,TRUE,FALSE,FALSE,FALSE,FALSE,FALSE,FALSE,FALSE,FALSE,FALSE,FALSE,FALSE,FALSE,FALSE,FALSE,FALSE,FALSE,FALSE,FALSE,FALSE,FALSE
1883,1.68,3.09,2.44,1.93,2.75,2.49,1.38,1.27,0.79,1.14,2.44,1.65,2.54,2.26,1.9,1.47,0.6,0.76,0.95,0.87,1.63,1.53,FALSE,FALSE,FALSE,FALSE,FALSE,FALSE,FALSE,FALSE,FALSE,FALSE,FALSE,FALSE,FALSE,FALSE,FALSE,FALSE,FALSE,FALSE,FALSE,FALSE,FALSE,FALSE
1884,1.62,2.72,2.52,2.29,2.85,2.66,1.43,1.3,1.6,1.14,2.31,1.39,2.58,2.82,1.59,1.44,0.55,0.75,0.79,0.86,1.8,1.88,FALSE,FALSE,FALSE,FALSE,FALSE,FALSE,FALSE,FALSE,FALSE,FALSE,FALSE,FALSE,FALSE,FALSE,FALSE,FALSE,FALSE,FALSE,FALSE,FALSE,FALSE,FALSE
1885,1.88,2.7,2.3,2.09,2.88,2.45,1.56,1.56,1.59,1.57,2.73,2.18,3.09,3.03,1.71,1.69,0.58,0.94,0.95,1.27,1.92,1.94,FALSE,FALSE,FALSE,FALSE,FALSE,FALSE,FALSE,FALSE,FALSE,FALSE,FALSE,FALSE,FALSE,FALSE,FALSE,FALSE,FALSE,FALSE,FALSE,FALSE,FALSE,FALSE
1886,1.61,2.04,1.5,1.72,2.57,2.43,1.05,1.23,1.74,1.09,2.53,2.52,2.68,2.61,1.53,1.52,0.63,0.78,1.16,1.18,2.09,1.8,FALSE,FALSE,FALSE,FALSE,FALSE,FALSE,FALSE,FALSE,FALSE,FALSE,FALSE,FALSE,FALSE,FALSE,FALSE,FALSE,FALSE,FALSE,FALSE,FALSE,FALSE,FALSE
1887,1.11,1.04,1,1.18,2.81,2.38,0.95,1.14,1.14,1.25,2.89,2.37,2.41,2.39,1.92,1.38,0.26,0.68,0.96,0.83,1.75,1.67,FALSE,FALSE,FALSE,FALSE,FALSE,FALSE,FALSE,FALSE,FALSE,FALSE,FALSE,FALSE,FALSE,FALSE,FALSE,FALSE,FALSE,FALSE,FALSE,FALSE,FALSE,FALSE
1888,1.15,0.63,1.19,1.45,3.16,3.22,0.86,1.15,1.24,0.93,4.43,2.72,1.98,1.88,1.89,1.33,0.64,0.83,1.38,1.01,1.9,2.03,FALSE,FALSE,FALSE,FALSE,FALSE,FALSE,FALSE,FALSE,FALSE,FALSE,FALSE,FALSE,FALSE,FALSE,FALSE,FALSE,FALSE,FALSE,FALSE,FALSE,FALSE,FALSE
1889,0.65,0.87,1.59,1.47,2.83,2.51,0.76,1.06,1.23,1.11,2.74,2.5,2.54,2.44,1.78,1.49,0.49,0.74,0.83,0.76,1.51,2.27,FALSE,FALSE,FALSE,FALSE,FALSE,FALSE,FALSE,FALSE,FALSE,FALSE,FALSE,FALSE,FALSE,FALSE,FALSE,FALSE,FALSE,FALSE,FALSE,FALSE,FALSE,FALSE
1890,0.53,0.53,1.48,1.42,0.94,1.98,0.59,0.88,0.83,0.59,2.01,1.93,1.73,2.07,1.68,0.92,0.45,0.51,0.74,0.61,1.5,2.03,FALSE,FALSE,FALSE,FALSE,FALSE,FALSE,FALSE,FALSE,FALSE,FALSE,FALSE,FALSE,FALSE,FALSE,FALSE,FALSE,FALSE,FALSE,FALSE,FALSE,FALSE,FALSE
1891,0.79,0.76,1.56,2.01,2.15,2.31,0.71,0.78,0.76,0.83,2.32,1.96,2.45,1.88,2.42,1.78,0.55,0.89,1,0.82,1.62,2.17,FALSE,FALSE,FALSE,FALSE,FALSE,FALSE,FALSE,FALSE,FALSE,FALSE,FALSE,FALSE,FALSE,FALSE,FALSE,FALSE,FALSE,FALSE,FALSE,FALSE,FALSE,FALSE
1892,0.79,0.94,1.46,1.73,2.31,1.35,0.68,0.74,0.57,0.59,2.1,1.63,2.23,1.67,2.42,1.71,0.52,0.74,0.99,0.64,1.42,1.57,FALSE,FALSE,FALSE,FALSE,FALSE,FALSE,FALSE,FALSE,FALSE,FALSE,FALSE,FALSE,FALSE,FALSE,FALSE,FALSE,FALSE,FALSE,FALSE,FALSE,FALSE,FALSE
1893,0.65,0.69,1.46,1.68,2.09,1.3,0.64,0.55,0.45,0.74,1.89,1.63,2.16,1.5,2.63,1.68,0.52,0.82,0.98,0.78,1.45,1.64,FALSE,FALSE,FALSE,FALSE,FALSE,FALSE,FALSE,FALSE,FALSE,FALSE,FALSE,FALSE,FALSE,FALSE,FALSE,FALSE,FALSE,FALSE,FALSE,FALSE,FALSE,FALSE
1894,0.63,0.85,1.6,1.74,2.75,1.4,0.51,0.55,0.41,0.66,1.79,1.39,1.92,1.32,2.32,1.48,0.61,0.94,1.02,0.92,1.6,2.04,FALSE,FALSE,FALSE,FALSE,FALSE,FALSE,FALSE,FALSE,FALSE,FALSE,FALSE,FALSE,FALSE,FALSE,FALSE,FALSE,FALSE,FALSE,FALSE,FALSE,FALSE,FALSE
1895,1.07,1.17,1.75,1.74,2.68,1.65,0.69,0.58,0.82,1.02,1.66,1.69,2.26,1.41,2.23,2.15,0.59,0.85,1.07,1.24,1.48,2.37,FALSE,FALSE,FALSE,FALSE,FALSE,FALSE,FALSE,FALSE,FALSE,FALSE,FALSE,FALSE,FALSE,FALSE,FALSE,FALSE,FALSE,FALSE,FALSE,FALSE,FALSE,FALSE
1896,0.85,0.92,1.1,1.09,2.42,1.49,0.73,0.59,0.53,0.77,1.24,1.3,1.68,1.15,1.65,1.6,0.6,0.83,0.81,0.79,1,2.02,FALSE,FALSE,FALSE,FALSE,FALSE,FALSE,FALSE,FALSE,FALSE,FALSE,FALSE,FALSE,FALSE,FALSE,FALSE,FALSE,FALSE,FALSE,FALSE,FALSE,FALSE,FALSE
1897,0.63,0.45,1.47,1.34,2.91,2.04,0.76,0.67,0.9,1.13,1.35,1.38,1.97,1.51,1.41,1.5,0.62,0.84,0.79,0.67,1.1,2.19,FALSE,FALSE,FALSE,FALSE,FALSE,FALSE,FALSE,FALSE,FALSE,FALSE,FALSE,FALSE,FALSE,FALSE,FALSE,FALSE,FALSE,FALSE,FALSE,FALSE,FALSE,FALSE
1898,0.94,0.83,1.79,1.6,3.04,2.67,1.01,0.99,0.91,1.17,1.48,1.77,2.21,1.75,2.02,1.94,0.56,0.92,1.02,0.81,1.34,2.35,FALSE,FALSE,FALSE,FALSE,FALSE,FALSE,FALSE,FALSE,FALSE,FALSE,FALSE,FALSE,FALSE,FALSE,FALSE,FALSE,FALSE,FALSE,FALSE,FALSE,FALSE,FALSE
1899,1.02,0.88,1.22,1.27,2.57,2.62,0.85,1.13,0.94,1.08,1.14,1.48,1.99,1.5,1.39,1.35,0.44,0.74,0.81,0.81,1.44,2.13,FALSE,FALSE,FALSE,FALSE,FALSE,FALSE,FALSE,FALSE,FALSE,FALSE,FALSE,FALSE,FALSE,FALSE,FALSE,FALSE,FALSE,FALSE,FALSE,FALSE,FALSE,FALSE
1900,1.19,1.04,1.43,1.56,3,2.88,1.25,1.61,0.94,0.98,1.9,1.93,2.77,2.37,2.12,1.9,0.5,0.9,0.93,0.82,1.6,2.49,FALSE,FALSE,FALSE,FALSE,FALSE,FALSE,FALSE,FALSE,FALSE,FALSE,FALSE,FALSE,FALSE,FALSE,FALSE,FALSE,FALSE,FALSE,FALSE,FALSE,FALSE,FALSE
1901,1.76,1.41,1.59,1.51,3.28,2.6,1.03,1.52,1.09,1.34,2.89,2.21,2.66,2.12,2.32,1.96,0.63,1,1.23,1.25,1.77,2.37,FALSE,FALSE,FALSE,FALSE,FALSE,FALSE,FALSE,FALSE,FALSE,FALSE,FALSE,FALSE,FALSE,FALSE,FALSE,FALSE,FALSE,FALSE,FALSE,FALSE,FALSE,FALSE
1902,1.19,1.17,1.59,1.56,2.94,2.82,0.83,1.3,1.29,1.04,3.4,1.81,2.32,1.94,2.23,2.22,0.66,1.08,1.36,1.05,2.04,2.54,FALSE,FALSE,FALSE,FALSE,FALSE,FALSE,FALSE,FALSE,FALSE,FALSE,FALSE,FALSE,FALSE,FALSE,FALSE,FALSE,FALSE,FALSE,FALSE,FALSE,FALSE,FALSE
1903,1.17,1.09,2.07,1.71,3.34,3.48,0.88,1.45,1.18,1.55,3.74,2.4,2.81,2.52,2.12,2.06,0.57,1.04,1.55,0.84,1.94,2.77,FALSE,FALSE,FALSE,FALSE,FALSE,FALSE,FALSE,FALSE,FALSE,FALSE,FALSE,FALSE,FALSE,FALSE,FALSE,FALSE,FALSE,FALSE,FALSE,FALSE,FALSE,FALSE
1904,1.72,1.62,2.39,1.93,4.74,4.6,1.22,2.29,1.95,1.58,4.33,2.4,3.79,2.92,3,2.81,0.65,1.45,1.98,1.13,2.26,2.42,FALSE,FALSE,FALSE,FALSE,TRUE,TRUE,FALSE,FALSE,FALSE,FALSE,FALSE,FALSE,FALSE,FALSE,FALSE,FALSE,FALSE,FALSE,FALSE,FALSE,FALSE,FALSE
1905,1.39,1.51,1.94,1.55,4.21,4.18,0.88,1.61,1.6,1.67,2.93,2.29,3.04,2.23,2.07,2.14,0.48,1.05,1.23,0.72,1.63,2.08,FALSE,FALSE,FALSE,FALSE,FALSE,FALSE,FALSE,FALSE,FALSE,FALSE,FALSE,FALSE,FALSE,FALSE,FALSE,FALSE,FALSE,FALSE,FALSE,FALSE,FALSE,FALSE
1906,0.99,1.23,1.44,1.25,3.09,1.72,0.76,1.19,1.1,1.19,2.08,1.92,2,1.88,1.94,1.71,0.47,0.76,0.93,0.63,1.02,1.56,FALSE,FALSE,FALSE,FALSE,FALSE,FALSE,FALSE,FALSE,FALSE,FALSE,FALSE,FALSE,FALSE,FALSE,FALSE,FALSE,FALSE,FALSE,FALSE,FALSE,FALSE,FALSE
1907,0.88,1.27,1.9,1.37,3.16,3.54,1.04,1.49,1.19,1.71,2.77,2.17,2.22,2.13,1.84,1.75,0.43,0.8,1.12,0.75,1.51,2.35,FALSE,FALSE,FALSE,FALSE,FALSE,FALSE,FALSE,FALSE,FALSE,FALSE,FALSE,FALSE,FALSE,FALSE,FALSE,FALSE,FALSE,FALSE,FALSE,FALSE,FALSE,FALSE
1908,1.46,1.93,2.11,1.99,3.14,3.35,1.16,2.02,1.59,1.31,4.1,2.48,2.91,2.46,2.16,2.2,0.58,0.96,1.43,1.17,1.06,2.1,FALSE,FALSE,FALSE,FALSE,FALSE,FALSE,FALSE,FALSE,FALSE,FALSE,FALSE,FALSE,FALSE,FALSE,FALSE,FALSE,FALSE,FALSE,FALSE,FALSE,FALSE,FALSE
1909,1.12,1.51,1.59,1.62,3.29,3.27,0.85,1.82,1.13,1.24,2.37,1.86,2.37,1.93,1.35,1.38,0.45,0.86,1.04,0.76,1.47,2.18,FALSE,FALSE,FALSE,FALSE,FALSE,FALSE,FALSE,FALSE,FALSE,FALSE,FALSE,FALSE,FALSE,FALSE,FALSE,FALSE,FALSE,FALSE,FALSE,FALSE,FALSE,FALSE
1910,0.69,1.53,1.89,1.41,3.15,3.3,1.04,2.11,1.19,1.3,2.69,2.25,2.56,2.23,1.41,1.29,0.36,0.74,0.74,0.46,1.61,2.53,FALSE,FALSE,FALSE,FALSE,FALSE,FALSE,FALSE,FALSE,FALSE,FALSE,FALSE,FALSE,FALSE,FALSE,FALSE,FALSE,FALSE,FALSE,FALSE,FALSE,FALSE,FALSE
1911,1.13,1.31,1.78,1.58,2.42,4.33,1,1.62,1.08,1.48,2.91,2.82,2.6,2.11,1.9,1.38,0.41,0.77,0.71,0.74,1.64,2.46,FALSE,FALSE,FALSE,FALSE,FALSE,FALSE,FALSE,FALSE,FALSE,FALSE,FALSE,FALSE,FALSE,FALSE,FALSE,FALSE,FALSE,FALSE,FALSE,FALSE,FALSE,FALSE
1912,1.01,1.11,1.51,1.5,3.25,4.52,1.11,1.68,0.98,1.51,2.55,2.78,2.52,2.29,1.58,1.21,0.47,0.95,0.73,0.76,1.57,2.47,FALSE,FALSE,FALSE,FALSE,FALSE,TRUE,FALSE,FALSE,FALSE,FALSE,FALSE,FALSE,FALSE,FALSE,FALSE,FALSE,FALSE,FALSE,FALSE,FALSE,FALSE,FALSE
1913,1.3,1.62,1.91,1.83,3.73,4.57,1.17,1.93,1.08,1.44,2.58,2.89,2.46,2.5,1.81,1.52,0.51,1.13,1.25,0.91,1.77,2.52,FALSE,FALSE,FALSE,FALSE,FALSE,TRUE,FALSE,FALSE,FALSE,FALSE,FALSE,FALSE,FALSE,FALSE,FALSE,FALSE,FALSE,FALSE,FALSE,FALSE,FALSE,FALSE
1914,1.57,2.2,2.02,2.08,3.63,4.23,1.39,1.77,1.26,1.53,2.74,3.4,2.81,2.57,1.94,2.19,0.6,1.25,1.61,0.94,1.89,2.86,FALSE,FALSE,FALSE,FALSE,FALSE,FALSE,FALSE,FALSE,FALSE,FALSE,FALSE,FALSE,FALSE,FALSE,FALSE,FALSE,FALSE,FALSE,FALSE,FALSE,FALSE,FALSE
1915,1.31,1.21,1.8,1.58,2.79,3.06,1.05,1.82,0.96,1.25,2.45,2.37,2.35,2.1,1.75,2.03,0.5,1.24,1.11,0.67,2.76,3.65,FALSE,FALSE,FALSE,FALSE,FALSE,FALSE,FALSE,FALSE,FALSE,FALSE,FALSE,FALSE,FALSE,FALSE,FALSE,FALSE,FALSE,FALSE,FALSE,FALSE,FALSE,FALSE
1916,1.39,0.65,1.44,1.43,3.32,3.3,1.42,2.02,1.26,1.44,2.45,2.04,2.34,1.86,1.6,1.6,0.6,1.15,1.2,0.74,3.54,4.16,FALSE,FALSE,FALSE,FALSE,FALSE,FALSE,FALSE,FALSE,FALSE,FALSE,FALSE,FALSE,FALSE,FALSE,FALSE,FALSE,FALSE,FALSE,FALSE,FALSE,FALSE,TRUE
1917,1,0.63,1.13,1.18,2.89,2.93,1.02,1.88,0.92,1.11,1.7,1.67,2.05,1.49,1.52,1.52,0.55,1.12,1.01,0.81,2.29,2.17,FALSE,FALSE,FALSE,FALSE,FALSE,FALSE,FALSE,FALSE,FALSE,FALSE,FALSE,FALSE,FALSE,FALSE,FALSE,FALSE,FALSE,FALSE,FALSE,FALSE,FALSE,FALSE
1918,0.48,0.45,0.76,0.76,1.98,2.06,0.73,1.04,0.57,0.75,0.88,0.94,1.29,0.91,0.94,0.94,0.36,0.72,0.61,0.46,1.51,1.61,FALSE,FALSE,FALSE,FALSE,FALSE,FALSE,FALSE,FALSE,FALSE,FALSE,FALSE,FALSE,FALSE,FALSE,FALSE,FALSE,FALSE,FALSE,FALSE,FALSE,FALSE,FALSE
1919,0.49,0.38,0.94,0.67,2.85,2.16,0.93,1.28,0.56,0.92,0.9,0.93,1.84,1.44,1.24,1.09,0.48,0.75,0.67,0.5,2,2.44,FALSE,FALSE,FALSE,FALSE,FALSE,FALSE,FALSE,FALSE,FALSE,FALSE,FALSE,FALSE,FALSE,FALSE,FALSE,FALSE,FALSE,FALSE,FALSE,FALSE,FALSE,FALSE
1920,0.51,0.34,1.49,0.95,3.11,1.96,0.84,1.23,0.67,0.99,1.07,1.24,1.44,1.48,1.32,1.23,0.5,0.81,1.02,0.51,1.81,2.07,FALSE,FALSE,FALSE,FALSE,FALSE,FALSE,FALSE,FALSE,FALSE,FALSE,FALSE,FALSE,FALSE,FALSE,FALSE,FALSE,FALSE,FALSE,FALSE,FALSE,FALSE,FALSE
1921,0.56,0.59,1.36,1.12,3.03,1.8,0.89,1.3,0.62,1.16,0.89,1.04,2.04,1.54,1.49,1.35,0.55,0.84,1.32,0.62,2.38,2.11,FALSE,FALSE,FALSE,FALSE,FALSE,FALSE,FALSE,FALSE,FALSE,FALSE,FALSE,FALSE,FALSE,FALSE,FALSE,FALSE,FALSE,FALSE,FALSE,FALSE,FALSE,FALSE
1922,0.53,0.53,1.31,0.81,1.67,1.52,0.79,1.1,0.59,0.76,0.8,0.95,1.55,1.29,1.09,1.04,0.49,0.72,0.99,0.61,1.95,1.33,FALSE,FALSE,FALSE,FALSE,FALSE,FALSE,FALSE,FALSE,FALSE,FALSE,FALSE,FALSE,FALSE,FALSE,FALSE,FALSE,FALSE,FALSE,FALSE,FALSE,FALSE,FALSE
1923,0.54,0.43,1.4,1.04,2.39,1.99,0.96,1.29,0.65,1.18,0.75,1.02,2.14,1.75,1.08,1.13,0.46,0.56,0.89,0.49,2.03,1.91,FALSE,FALSE,FALSE,FALSE,FALSE,FALSE,FALSE,FALSE,FALSE,FALSE,FALSE,FALSE,FALSE,FALSE,FALSE,FALSE,FALSE,FALSE,FALSE,FALSE,FALSE,FALSE
1924,0.65,0.79,1.36,1.22,2.7,2.07,1.09,1.49,0.84,0.99,1.05,1.19,1.84,1.49,1.25,1.16,0.47,0.74,1.27,0.72,1.92,2.15,FALSE,FALSE,FALSE,FALSE,FALSE,FALSE,FALSE,FALSE,FALSE,FALSE,FALSE,FALSE,FALSE,FALSE,FALSE,FALSE,FALSE,FALSE,FALSE,FALSE,FALSE,FALSE
1925,1.02,0.91,1.51,1.27,2.74,1.86,0.99,1.17,0.72,1.21,0.97,1.2,1.98,1.84,1.25,0.95,0.53,0.88,1.18,0.83,2.6,3.14,FALSE,FALSE,FALSE,FALSE,FALSE,FALSE,FALSE,FALSE,FALSE,FALSE,FALSE,FALSE,FALSE,FALSE,FALSE,FALSE,FALSE,FALSE,FALSE,FALSE,FALSE,FALSE
1926,0.92,0.56,1.38,1.25,2.97,2.32,1.1,1.36,0.77,1.05,1.06,1.25,1.77,1.75,1.29,1.33,0.49,0.99,0.91,0.51,2.55,2.7,FALSE,FALSE,FALSE,FALSE,FALSE,FALSE,FALSE,FALSE,FALSE,FALSE,FALSE,FALSE,FALSE,FALSE,FALSE,FALSE,FALSE,FALSE,FALSE,FALSE,FALSE,FALSE
1927,0.64,0.46,1.1,0.95,2.42,1.86,0.7,1.01,0.49,0.93,1.02,1.16,1.65,1.68,1.09,1.08,0.51,0.73,0.71,0.56,1.76,2.31,FALSE,FALSE,FALSE,FALSE,FALSE,FALSE,FALSE,FALSE,FALSE,FALSE,FALSE,FALSE,FALSE,FALSE,FALSE,FALSE,FALSE,FALSE,FALSE,FALSE,FALSE,FALSE
1928,0.64,0.53,1.25,0.92,2.81,2.36,0.99,1.47,0.66,0.83,1.12,1.14,1.59,1.87,1.19,1.12,0.44,1.03,0.8,0.72,2.15,3.06,FALSE,FALSE,FALSE,FALSE,FALSE,FALSE,FALSE,FALSE,FALSE,FALSE,FALSE,FALSE,FALSE,FALSE,FALSE,FALSE,FALSE,FALSE,FALSE,FALSE,FALSE,FALSE
1929,0.73,0.38,1.43,0.98,2.4,1.83,0.83,1.54,0.6,1.14,1.47,1.51,1.56,1.57,0.91,0.82,0.54,0.92,0.91,0.65,1.7,2.41,FALSE,FALSE,FALSE,FALSE,FALSE,FALSE,FALSE,FALSE,FALSE,FALSE,FALSE,FALSE,FALSE,FALSE,FALSE,FALSE,FALSE,FALSE,FALSE,FALSE,FALSE,FALSE
1930,0.54,0.49,1.37,1.13,2.46,2.06,0.98,2.04,0.74,0.99,1.22,1.43,1.8,2.15,1.1,1.24,0.43,0.86,0.8,0.59,2.13,2.8,FALSE,FALSE,FALSE,FALSE,FALSE,FALSE,FALSE,FALSE,FALSE,FALSE,FALSE,FALSE,FALSE,FALSE,FALSE,FALSE,FALSE,FALSE,FALSE,FALSE,FALSE,FALSE
1931,0.71,0.61,1.38,1.39,2.27,2.22,1,2.1,0.73,1.11,1.1,1.29,1.9,1.97,1.54,1.38,0.51,0.83,0.79,0.57,2.35,3.16,FALSE,FALSE,FALSE,FALSE,FALSE,FALSE,FALSE,FALSE,FALSE,FALSE,FALSE,FALSE,FALSE,FALSE,FALSE,FALSE,FALSE,FALSE,FALSE,FALSE,FALSE,FALSE
1932,0.71,0.5,1.3,1.22,1.75,1.51,0.98,1.6,0.81,1.06,1.35,1.54,1.8,2.17,1.48,1.23,0.5,0.54,0.96,0.66,1.91,2.36,FALSE,FALSE,FALSE,FALSE,FALSE,FALSE,FALSE,FALSE,FALSE,FALSE,FALSE,FALSE,FALSE,FALSE,FALSE,FALSE,FALSE,FALSE,FALSE,FALSE,FALSE,FALSE
1933,0.57,0.58,1.77,1.24,1.59,1.88,0.98,1.67,0.79,1.15,1.24,1.6,2.12,2.13,1.37,1.27,0.43,0.53,0.76,0.65,2.03,1.98,FALSE,FALSE,FALSE,FALSE,FALSE,FALSE,FALSE,FALSE,FALSE,FALSE,FALSE,FALSE,FALSE,FALSE,FALSE,FALSE,FALSE,FALSE,FALSE,FALSE,FALSE,FALSE
1934,0.44,0.52,2.07,1.52,2.01,2.34,0.91,1.72,0.92,1.61,1.1,1.79,2.43,2.17,1.57,1.34,0.47,0.54,0.72,0.52,3.05,2.85,FALSE,FALSE,FALSE,FALSE,FALSE,FALSE,FALSE,FALSE,FALSE,FALSE,FALSE,FALSE,FALSE,FALSE,FALSE,FALSE,FALSE,FALSE,FALSE,FALSE,FALSE,FALSE
1935,0.53,0.72,2.11,1.3,2.13,2.12,1.11,1.71,1.27,1.68,1.49,2.27,2.42,2.48,1.62,1.57,0.51,0.63,1.11,0.77,3.36,2.73,FALSE,FALSE,FALSE,FALSE,FALSE,FALSE,FALSE,FALSE,FALSE,FALSE,FALSE,FALSE,FALSE,FALSE,FALSE,FALSE,FALSE,FALSE,FALSE,FALSE,FALSE,FALSE
1936,0.77,0.64,2,1.55,2.1,2.09,1.07,1.72,1.39,1.66,1.18,1.78,2.16,2.3,1.62,1.5,0.61,0.66,1.12,0.75,4.4,2.69,FALSE,FALSE,FALSE,FALSE,FALSE,FALSE,FALSE,FALSE,FALSE,FALSE,FALSE,FALSE,FALSE,FALSE,FALSE,FALSE,FALSE,FALSE,FALSE,FALSE,FALSE,FALSE
1937,0.51,0.51,1.2,1.14,1.52,1.52,0.82,1.28,0.81,1.05,1.14,1.33,1.82,1.39,1.2,1.46,0.61,0.52,0.89,0.6,3.45,2.23,FALSE,FALSE,FALSE,FALSE,FALSE,FALSE,FALSE,FALSE,FALSE,FALSE,FALSE,FALSE,FALSE,FALSE,FALSE,FALSE,FALSE,FALSE,FALSE,FALSE,FALSE,FALSE
1938,0.53,0.62,1.26,1.2,2.13,2.08,0.9,1.59,0.99,1.3,1.27,1.49,1.96,1.74,1.62,1.31,0.71,0.7,0.86,0.85,3.2,2.35,FALSE,FALSE,FALSE,FALSE,FALSE,FALSE,FALSE,FALSE,FALSE,FALSE,FALSE,FALSE,FALSE,FALSE,FALSE,FALSE,FALSE,FALSE,FALSE,FALSE,FALSE,FALSE
1939,0.99,0.59,1.66,1.73,2.6,2.61,1.35,1.84,1.1,1.71,1.71,1.92,2.48,2.25,1.51,1.56,0.85,0.86,0.95,0.96,3.32,2.39,FALSE,FALSE,FALSE,FALSE,FALSE,FALSE,FALSE,FALSE,FALSE,FALSE,FALSE,FALSE,FALSE,FALSE,FALSE,FALSE,FALSE,FALSE,FALSE,FALSE,FALSE,FALSE
1940,0.72,0.51,1.7,1.71,2.05,1.98,0.92,1.6,0.81,1.38,1.36,1.49,1.74,1.65,1.05,1.2,0.65,0.7,0.7,0.68,2.53,2.08,FALSE,FALSE,FALSE,FALSE,FALSE,FALSE,FALSE,FALSE,FALSE,FALSE,FALSE,FALSE,FALSE,FALSE,FALSE,FALSE,FALSE,FALSE,FALSE,FALSE,FALSE,FALSE
1941,0.7,0.44,1.17,1.55,2.67,2,1.09,1.73,0.74,1.44,1.21,1.37,1.79,1.85,1.33,1.03,0.55,0.59,0.53,0.5,3.04,2.08,FALSE,FALSE,FALSE,FALSE,FALSE,FALSE,FALSE,FALSE,FALSE,FALSE,FALSE,FALSE,FALSE,FALSE,FALSE,FALSE,FALSE,FALSE,FALSE,FALSE,FALSE,FALSE
1942,1.1,0.82,1.45,2.12,2.91,2.27,1.19,1.83,0.99,1.55,2.44,1.57,2.04,2.01,1.39,1.18,0.67,0.7,0.73,0.89,2.62,1.92,FALSE,FALSE,FALSE,FALSE,FALSE,FALSE,FALSE,FALSE,FALSE,FALSE,FALSE,FALSE,FALSE,FALSE,FALSE,FALSE,FALSE,FALSE,FALSE,FALSE,FALSE,FALSE
1943,0.8,0.65,1.66,2.1,2.96,2.16,1.31,2.08,0.76,1.88,2.7,1.45,1.4,1.84,1.24,1.09,0.59,0.81,0.73,0.71,2.73,2.06,FALSE,FALSE,FALSE,FALSE,FALSE,FALSE,FALSE,FALSE,FALSE,FALSE,FALSE,FALSE,FALSE,FALSE,FALSE,FALSE,FALSE,FALSE,FALSE,FALSE,FALSE,FALSE
1944,1.04,0.55,1.68,2.04,3.29,2.32,1.35,1.71,0.82,1.51,3.41,1.59,2.14,2.07,1.35,1.17,0.62,0.93,0.88,1.01,3.95,2.23,FALSE,FALSE,FALSE,FALSE,FALSE,FALSE,FALSE,FALSE,FALSE,FALSE,FALSE,FALSE,FALSE,FALSE,FALSE,FALSE,FALSE,FALSE,FALSE,FALSE,FALSE,FALSE
1945,1.73,0.58,1.64,1.25,2.97,2.17,1.45,1.61,0.62,1.52,2.38,1.41,1.81,1.89,1.45,1.2,0.63,0.78,0.8,0.89,3.28,2.14,FALSE,FALSE,FALSE,FALSE,FALSE,FALSE,FALSE,FALSE,FALSE,FALSE,FALSE,FALSE,FALSE,FALSE,FALSE,FALSE,FALSE,FALSE,FALSE,FALSE,FALSE,FALSE
1946,1.68,0.36,1.66,1.28,3.29,2.5,1.41,1.75,0.74,1.5,2.29,1.34,1.87,2.56,1.8,1.22,0.69,0.75,0.78,0.61,2.97,1.96,FALSE,FALSE,FALSE,FALSE,FALSE,FALSE,FALSE,FALSE,FALSE,FALSE,FALSE,FALSE,FALSE,FALSE,FALSE,FALSE,FALSE,FALSE,FALSE,FALSE,FALSE,FALSE
1947,1.65,0.38,1.6,1.28,2.87,1.94,1.66,2.19,0.68,1.53,1.56,1.29,1.61,2.74,1.66,1.62,0.66,0.91,0.9,0.64,3.29,1.99,FALSE,FALSE,FALSE,FALSE,FALSE,FALSE,FALSE,FALSE,FALSE,FALSE,FALSE,FALSE,FALSE,FALSE,FALSE,FALSE,FALSE,FALSE,FALSE,FALSE,FALSE,FALSE
1948,2.75,0.93,1.81,1.36,3.43,2.42,1.77,2.14,0.99,2.04,1.9,1.59,2.46,2.74,2.21,1.65,0.75,0.89,1.07,0.93,3.32,2.23,FALSE,FALSE,FALSE,FALSE,FALSE,FALSE,FALSE,FALSE,FALSE,FALSE,FALSE,FALSE,FALSE,FALSE,FALSE,FALSE,FALSE,FALSE,FALSE,FALSE,FALSE,FALSE
1949,3.46,0.86,1.32,1.24,2.96,2.33,2.1,1.97,0.75,1.19,1.29,1.26,1.83,2.2,1.84,1.29,0.67,0.87,1.22,1.01,3.93,2.38,TRUE,FALSE,FALSE,FALSE,FALSE,FALSE,FALSE,FALSE,FALSE,FALSE,FALSE,FALSE,FALSE,FALSE,FALSE,FALSE,FALSE,FALSE,FALSE,FALSE,FALSE,FALSE
1950,2.63,0.64,1.43,1.34,2.99,2.19,2.17,1.91,1.03,1.8,1.5,1.55,2.38,2.4,2.4,1.79,0.69,0.98,1.22,1.11,3.24,2.21,FALSE,FALSE,FALSE,FALSE,FALSE,FALSE,FALSE,FALSE,FALSE,FALSE,FALSE,FALSE,FALSE,FALSE,FALSE,FALSE,FALSE,FALSE,FALSE,FALSE,FALSE,FALSE
1951,2.58,0.48,1.3,0.91,2.2,1.56,1.62,1.64,0.96,1.02,1.36,1.09,1.29,1.68,1.65,1.36,0.43,0.82,0.99,0.8,2.74,2.05,FALSE,FALSE,FALSE,FALSE,FALSE,FALSE,FALSE,FALSE,FALSE,FALSE,FALSE,FALSE,FALSE,FALSE,FALSE,FALSE,FALSE,FALSE,FALSE,FALSE,FALSE,FALSE
1952,1.6,0.48,1.46,0.69,1.47,1.92,1.5,1.38,1.04,1.44,1.23,1.48,1.72,2.12,1.64,1.36,0.39,0.74,1,0.99,2.73,1.84,FALSE,FALSE,FALSE,FALSE,FALSE,FALSE,FALSE,FALSE,FALSE,FALSE,FALSE,FALSE,FALSE,FALSE,FALSE,FALSE,FALSE,FALSE,FALSE,FALSE,FALSE,FALSE
1953,0.8,0.49,0.92,0.66,1.92,2.01,1.29,1.2,0.47,0.93,0.92,1.01,1.04,1.54,1.4,1.27,0.44,0.7,0.76,0.76,1.94,1.57,FALSE,FALSE,FALSE,FALSE,FALSE,FALSE,FALSE,FALSE,FALSE,FALSE,FALSE,FALSE,FALSE,FALSE,FALSE,FALSE,FALSE,FALSE,FALSE,FALSE,FALSE,FALSE
1954,0.29,0.29,0.87,0.67,2.1,1.94,1.5,1.37,0.74,1.25,0.65,0.59,1.44,1.83,1.55,1,0.5,0.68,0.68,1.22,2.33,1.83,FALSE,FALSE,FALSE,FALSE,FALSE,FALSE,FALSE,FALSE,FALSE,FALSE,FALSE,FALSE,FALSE,FALSE,FALSE,FALSE,FALSE,FALSE,FALSE,FALSE,FALSE,FALSE
1955,0.68,0.4,1.11,0.73,2.98,2.33,1.69,1.3,1.12,0.95,0.93,0.89,1.63,1.47,1.68,1.07,0.57,0.71,0.94,1.48,2.51,1.9,FALSE,FALSE,FALSE,FALSE,FALSE,FALSE,FALSE,FALSE,FALSE,FALSE,FALSE,FALSE,FALSE,FALSE,FALSE,FALSE,FALSE,FALSE,FALSE,FALSE,FALSE,FALSE
1956,0.66,0.43,1.1,0.79,2.82,2.11,1.73,1.28,0.67,1.28,0.87,0.92,1.61,1.79,1.61,1.08,0.54,0.6,0.91,1.29,2.3,2.08,FALSE,FALSE,FALSE,FALSE,FALSE,FALSE,FALSE,FALSE,FALSE,FALSE,FALSE,FALSE,FALSE,FALSE,FALSE,FALSE,FALSE,FALSE,FALSE,FALSE,FALSE,FALSE
1957,0.75,0.24,1.32,1.05,2.62,2.3,1.75,1.45,0.78,1.06,1.02,1.3,1.72,2.01,1.27,1.07,0.41,0.63,0.87,1,3.24,2.37,FALSE,FALSE,FALSE,FALSE,FALSE,FALSE,FALSE,FALSE,FALSE,FALSE,FALSE,FALSE,FALSE,FALSE,FALSE,FALSE,FALSE,FALSE,FALSE,FALSE,FALSE,FALSE
1958,0.57,0.37,1.33,0.96,2.44,2.28,1.47,1.19,0.57,1.1,0.9,1.4,2.04,1.78,1.09,0.88,0.38,0.54,0.74,0.82,2.84,2.06,FALSE,FALSE,FALSE,FALSE,FALSE,FALSE,FALSE,FALSE,FALSE,FALSE,FALSE,FALSE,FALSE,FALSE,FALSE,FALSE,FALSE,FALSE,FALSE,FALSE,FALSE,FALSE
1959,0.68,0.32,1.38,1.01,2.3,2.17,1.38,1.21,0.52,0.99,0.99,1.24,1.5,1.59,1,0.82,0.42,0.54,0.67,0.7,2.3,1.94,FALSE,FALSE,FALSE,FALSE,FALSE,FALSE,FALSE,FALSE,FALSE,FALSE,FALSE,FALSE,FALSE,FALSE,FALSE,FALSE,FALSE,FALSE,FALSE,FALSE,FALSE,FALSE
1960,0.6,0.25,1.26,0.96,1.79,2.22,1.34,1.08,0.45,1.26,0.81,1.13,1.81,1.55,0.81,0.7,0.3,0.47,0.74,0.63,2.68,1.75,FALSE,FALSE,FALSE,FALSE,FALSE,FALSE,FALSE,FALSE,FALSE,FALSE,FALSE,FALSE,FALSE,FALSE,FALSE,FALSE,FALSE,FALSE,FALSE,FALSE,FALSE,FALSE
1961,0.48,0.39,1.28,1.16,2.08,2.16,1.76,1.11,0.48,1.11,1,1.13,1.16,1.54,0.69,0.72,0.35,0.4,0.83,0.73,3.02,2.44,FALSE,FALSE,FALSE,FALSE,FALSE,FALSE,FALSE,FALSE,FALSE,FALSE,FALSE,FALSE,FALSE,FALSE,FALSE,FALSE,FALSE,FALSE,FALSE,FALSE,FALSE,FALSE
1962,0.82,0.41,1.2,1.18,2.22,2.19,1.8,1.14,0.48,1.47,0.91,0.83,2.05,1.45,0.62,0.65,0.3,0.32,0.7,0.68,2.64,2.04,FALSE,FALSE,FALSE,FALSE,FALSE,FALSE,FALSE,FALSE,FALSE,FALSE,FALSE,FALSE,FALSE,FALSE,FALSE,FALSE,FALSE,FALSE,FALSE,FALSE,FALSE,FALSE
1963,1.12,0.54,1.43,1.74,1.76,1.84,2.16,1.5,0.56,1.81,1.88,1.4,2.42,1.84,0.89,0.81,0.4,0.32,0.71,1.15,3.87,2.35,FALSE,FALSE,FALSE,FALSE,FALSE,FALSE,FALSE,FALSE,FALSE,FALSE,FALSE,FALSE,FALSE,FALSE,FALSE,FALSE,FALSE,FALSE,FALSE,FALSE,FALSE,FALSE
1964,0.9,0.39,1.6,1.84,1.67,1.86,2.26,1.71,0.6,2.3,2.58,1.62,3.05,2.29,1.14,0.98,0.45,0.4,1,1.37,3.51,2.13,FALSE,FALSE,FALSE,FALSE,FALSE,FALSE,FALSE,FALSE,FALSE,FALSE,FALSE,FALSE,FALSE,FALSE,FALSE,FALSE,FALSE,FALSE,FALSE,FALSE,FALSE,FALSE
1965,0.61,0.33,1.95,1.62,1.55,1.6,1.94,1.47,0.66,1.88,2.16,1.44,2.21,2.21,1.07,0.96,0.34,0.28,1.03,1.51,4.31,2.3,FALSE,FALSE,FALSE,FALSE,FALSE,FALSE,FALSE,FALSE,FALSE,FALSE,FALSE,FALSE,FALSE,FALSE,FALSE,FALSE,FALSE,FALSE,FALSE,FALSE,FALSE,FALSE
1966,0.92,0.46,1.68,1.47,1.43,1.72,2.1,1.55,0.71,1.98,2.08,1.65,2.85,2.46,0.89,0.59,0.28,0.31,1.03,1.21,4.93,2.35,FALSE,FALSE,FALSE,FALSE,FALSE,FALSE,FALSE,FALSE,FALSE,FALSE,FALSE,FALSE,FALSE,FALSE,FALSE,FALSE,FALSE,FALSE,FALSE,FALSE,TRUE,FALSE
1967,1.26,0.9,1.35,1.13,1.11,1.22,1.87,1.49,0.73,1.62,1.41,1.37,1.79,1.97,0.89,0.46,0.37,0.32,0.69,0.76,2.17,1.52,FALSE,FALSE,FALSE,FALSE,FALSE,FALSE,FALSE,FALSE,FALSE,FALSE,FALSE,FALSE,FALSE,FALSE,FALSE,FALSE,FALSE,FALSE,FALSE,FALSE,FALSE,FALSE
1968,0.74,0.48,1.06,0.84,0.97,1.25,1.64,1.15,0.54,1.27,1.13,1.11,1.42,1.62,0.17,0.19,0.12,0.13,0.46,0.44,1.64,1.06,FALSE,FALSE,FALSE,FALSE,FALSE,FALSE,FALSE,FALSE,FALSE,FALSE,FALSE,FALSE,FALSE,FALSE,FALSE,FALSE,FALSE,FALSE,FALSE,FALSE,FALSE,FALSE
1969,1.21,1.03,1.68,1.34,1.52,2.09,3.1,1.71,0.6,1.49,1.4,1.38,2.48,2.33,0.63,0.44,0.25,0.23,0.68,1.01,2.88,1.59,FALSE,FALSE,FALSE,FALSE,FALSE,FALSE,FALSE,FALSE,FALSE,FALSE,FALSE,FALSE,FALSE,FALSE,FALSE,FALSE,FALSE,FALSE,FALSE,FALSE,FALSE,FALSE
1970,1.18,1.17,1.95,1.54,1.73,2.2,2.91,1.6,0.7,1.44,1.59,1.25,2.5,2.21,0.71,0.68,0.27,0.23,0.67,1.01,2.87,1.67,FALSE,FALSE,FALSE,FALSE,FALSE,FALSE,FALSE,FALSE,FALSE,FALSE,FALSE,FALSE,FALSE,FALSE,FALSE,FALSE,FALSE,FALSE,FALSE,FALSE,FALSE,FALSE
1971,0.7,0.49,1.3,1.05,1.36,1.75,1.91,1.34,0.51,0.78,1.01,1.1,1.97,1.67,0.48,0.67,0.19,0.23,0.33,0.61,1.86,0.98,FALSE,FALSE,FALSE,FALSE,FALSE,FALSE,FALSE,FALSE,FALSE,FALSE,FALSE,FALSE,FALSE,FALSE,FALSE,FALSE,FALSE,FALSE,FALSE,FALSE,FALSE,FALSE
1972,0.43,0.34,0.99,0.79,1.14,1.5,1.62,1.28,0.4,0.6,0.6,0.85,1.61,1.48,0.49,0.35,0.1,0.14,0.39,0.54,1.35,0.86,FALSE,FALSE,FALSE,FALSE,FALSE,FALSE,FALSE,FALSE,FALSE,FALSE,FALSE,FALSE,FALSE,FALSE,FALSE,FALSE,FALSE,FALSE,FALSE,FALSE,FALSE,FALSE
1973,0.69,0.67,1.03,0.87,1.48,1.55,1.59,1.14,0.51,0.69,0.8,1.03,1.76,1.42,0.7,0.58,0.26,0.28,0.43,0.56,1.36,0.95,FALSE,FALSE,FALSE,FALSE,FALSE,FALSE,FALSE,FALSE,FALSE,FALSE,FALSE,FALSE,FALSE,FALSE,FALSE,FALSE,FALSE,FALSE,FALSE,FALSE,FALSE,FALSE
1974,0.44,0.4,1.22,0.77,1.3,1.68,1.74,1.07,0.4,0.68,0.7,0.91,1.77,1.44,0.69,0.56,0.19,0.25,0.4,0.46,0.88,1.01,FALSE,FALSE,FALSE,FALSE,FALSE,FALSE,FALSE,FALSE,FALSE,FALSE,FALSE,FALSE,FALSE,FALSE,FALSE,FALSE,FALSE,FALSE,FALSE,FALSE,FALSE,FALSE
1975,0.48,0.32,1.13,0.77,1.13,1.5,1.76,1.22,0.45,0.77,0.8,0.91,2.01,1.94,0.7,0.64,0.27,0.37,0.29,0.43,1,0.84,FALSE,FALSE,FALSE,FALSE,FALSE,FALSE,FALSE,FALSE,FALSE,FALSE,FALSE,FALSE,FALSE,FALSE,FALSE,FALSE,FALSE,FALSE,FALSE,FALSE,FALSE,FALSE
1976,0.62,0.33,1.15,1.01,1.39,1.92,1.69,1.12,0.49,1.03,0.7,1.27,2.16,1.75,0.76,0.65,0.26,0.27,0.45,0.36,1.13,0.99,FALSE,FALSE,FALSE,FALSE,FALSE,FALSE,FALSE,FALSE,FALSE,FALSE,FALSE,FALSE,FALSE,FALSE,FALSE,FALSE,FALSE,FALSE,FALSE,FALSE,FALSE,FALSE
1977,0.48,0.3,1.15,1.7,1.29,1.7,1.88,1.16,0.58,1.14,0.85,1.3,2.06,2.03,1.06,0.72,0.27,0.32,0.64,0.43,1.29,1.11,FALSE,FALSE,FALSE,FALSE,FALSE,FALSE,FALSE,FALSE,FALSE,FALSE,FALSE,FALSE,FALSE,FALSE,FALSE,FALSE,FALSE,FALSE,FALSE,FALSE,FALSE,FALSE
1978,0.36,0.27,1.48,0.83,1.28,1.75,1.63,1.09,0.5,1.25,0.84,1.27,2.19,2.01,0.78,0.61,0.29,0.24,0.43,0.51,1.78,1.41,FALSE,FALSE,FALSE,FALSE,FALSE,FALSE,FALSE,FALSE,FALSE,FALSE,FALSE,FALSE,FALSE,FALSE,FALSE,FALSE,FALSE,FALSE,FALSE,FALSE,FALSE,FALSE
1979,0.87,0.51,1.27,1.26,1.43,1.94,1.53,1.29,0.79,1.49,1.11,1.51,2.31,2.24,0.92,0.7,0.26,0.28,1.02,0.86,1.44,1.78,FALSE,FALSE,FALSE,FALSE,FALSE,FALSE,FALSE,FALSE,FALSE,FALSE,FALSE,FALSE,FALSE,FALSE,FALSE,FALSE,FALSE,FALSE,FALSE,FALSE,FALSE,FALSE
1980,0.88,0.32,1.32,1.18,1.07,1.48,1.51,1.1,0.49,1.41,1.08,1.33,1.88,1.66,0.64,0.61,0.37,0.29,0.68,0.6,1.18,1.27,FALSE,FALSE,FALSE,FALSE,FALSE,FALSE,FALSE,FALSE,FALSE,FALSE,FALSE,FALSE,FALSE,FALSE,FALSE,FALSE,FALSE,FALSE,FALSE,FALSE,FALSE,FALSE
1981,0.67,0.39,1.07,1.3,0.69,1.3,1.38,1.25,0.51,1.1,0.95,1.41,1.71,1.56,0.77,0.76,0.37,0.42,0.73,0.64,1.96,2.44,FALSE,FALSE,FALSE,FALSE,FALSE,FALSE,FALSE,FALSE,FALSE,FALSE,FALSE,FALSE,FALSE,FALSE,FALSE,FALSE,FALSE,FALSE,FALSE,FALSE,FALSE,FALSE
1982,0.98,0.58,1.15,0.99,1.12,1.67,1.45,1.09,0.56,1.2,1.11,1.57,2.48,1.44,0.59,0.48,0.34,0.35,0.77,0.77,1.24,1.38,FALSE,FALSE,FALSE,FALSE,FALSE,FALSE,FALSE,FALSE,FALSE,FALSE,FALSE,FALSE,FALSE,FALSE,FALSE,FALSE,FALSE,FALSE,FALSE,FALSE,FALSE,FALSE
1983,0.73,0.45,0.86,0.7,1.15,1.76,1.51,0.97,0.48,0.95,0.93,1.12,1.91,1.25,0.57,0.7,0.33,0.33,0.81,0.49,1,1.69,FALSE,FALSE,FALSE,FALSE,FALSE,FALSE,FALSE,FALSE,FALSE,FALSE,FALSE,FALSE,FALSE,FALSE,FALSE,FALSE,FALSE,FALSE,FALSE,FALSE,FALSE,FALSE
