age_CE,HHCLW01A_raw,HHCLW02A_raw,HHCLW03B_raw,HHCLW04B_raw,HHCLW05A_raw,HHCLW06A_raw,HHCLW07A_raw,HHCLW08A_raw,HHCLW09B_raw,HHCLW10B_raw,HHCLW11B_raw,HHCLW12B_raw,HHCLW13A_raw,HHCLW14B_raw,HHCLW15A_raw,HHCLW16B_raw,HHCLW17A_raw,HHCLW18A_raw,HHCLW19A_raw,HHCLW20A_raw,HHCLW01A_raw_outlier_flag,HHCLW02A_raw_outlier_flag,HHCLW03B_raw_outlier_flag,HHCLW04B_raw_outlier_flag,HHCLW05A_raw_outlier_flag,HHCLW06A_raw_outlier_flag,HHCLW07A_raw_outlier_flag,HHCLW08A_raw_outlier_flag,HHCLW09B_raw_outlier_flag,HHCLW10B_raw_outlier_flag,HHCLW11B_raw_outlier_flag,HHCLW12B_raw_outlier_flag,HHCLW13A_raw_outlier_flag,HHCLW14B_raw_outlier_flag,HHCLW15A_raw_outlier_flag,HHCLW16B_raw_outlier_flag,HHCLW17A_raw_outlier_flag,HHCLW18A_raw_outlier_flag,HHCLW19A_raw_outlier_flag,HHCLW20A_raw_outlier_flag
1607,NA,NA,0.73,NA,NA,NA,NA,NA,NA,NA,NA,NA,NA,NA,NA,NA,NA,NA,NA,NA,NA,NA,FALSE,NA,NA,NA,NA,NA,NA,NA,NA,NA,NA,NA,NA,NA,NA,NA,NA,NA
1608,NA,NA,0.49,NA,NA,NA,NA,NA,NA,NA,NA,NA,NA,NA,NA,NA,NA,NA,NA,NA,NA,NA,FALSE,NA,NA,NA,NA,NA,NA,NA,NA,NA,NA,NA,NA,NA,NA,NA,NA,NA
1609,NA,NA,0.64,NA,NA,NA,NA,NA,NA,NA,NA,NA,NA,NA,NA,NA,NA,NA,NA,NA,NA,NA,FALSE,NA,NA,NA,NA,NA,NA,NA,NA,NA,NA,NA,NA,NA,NA,NA,NA,NA
1610,NA,NA,0.68,NA,NA,NA,NA,NA,NA,NA,NA,NA,NA,NA,NA,NA,NA,NA,NA,NA,NA,NA,FALSE,NA,NA,NA,NA,NA,NA,NA,NA,NA,NA,NA,NA,NA,NA,NA,NA,NA
1611,NA,1.15,0.68,NA,NA,NA,NA,NA,NA,NA,NA,NA,NA,NA,NA,NA,NA,NA,NA,NA,NA,FALSE,FALSE,NA,NA,NA,NA,NA,NA,NA,NA,NA,NA,NA,NA,NA,NA,NA,NA,NA
1612,NA,0.8,0.44,NA,NA,NA,NA,NA,NA,NA,NA,NA,NA,NA,NA,NA,NA,NA,NA,NA,NA,FALSE,FALSE,NA,NA,NA,NA,NA,NA,NA,NA,NA,NA,NA,NA,NA,NA,NA,NA,NA
1613,NA,0.84,0.73,NA,NA,NA,NA,NA,NA,NA,NA,NA,NA,NA,NA,NA,NA,NA,NA,NA,NA,FALSE,FALSE,NA,NA,NA,NA,NA,NA,NA,NA,NA,NA,NA,NA,NA,NA,NA,NA,NA
1614,NA,1.19,1.01,NA,NA,NA,NA,NA,NA,NA,NA,NA,NA,NA,NA,NA,NA,NA,NA,NA,NA,FALSE,FALSE,NA,NA,NA,NA,NA,NA,NA,NA,NA,NA,NA,NA,NA,NA,NA,NA,NA
1615,NA,0.85,0.79,NA,NA,NA,NA,NA,NA,NA,NA,NA,NA,NA,NA,NA,NA,NA,NA,NA,NA,FALSE,FALSE,NA,NA,NA,NA,NA,NA,NA,NA,NA,NA,NA,NA,NA,NA,NA,NA,NA
1616,NA,1.02,0.86,NA,NA,NA,NA,NA,NA,NA,NA,NA,NA,NA,NA,NA,NA,NA,NA,NA,NA,FALSE,FALSE,NA,NA,NA,NA,NA,NA,NA,NA,NA,NA,NA,NA,NA,NA,NA,NA,NA
1617,NA,0.99,0.89,NA,NA,NA,NA,NA,NA,NA,NA,NA,NA,NA,NA,NA,NA,NA,NA,NA,NA,FALSE,FALSE,NA,NA,NA,NA,NA,NA,NA,NA,NA,NA,NA,NA,NA,NA,NA,NA,NA
1618,NA,1.22,1.11,NA,NA,NA,NA,NA,NA,NA,NA,NA,NA,NA,NA,NA,NA,NA,NA,NA,NA,FALSE,FALSE,NA,NA,NA,NA,NA,NA,NA,NA,NA,NA,NA,NA,NA,NA,NA,NA,NA
1619,NA,1.12,1.09,NA,NA,NA,NA,NA,NA,NA,NA,NA,NA,NA,NA,NA,NA,NA,NA,NA,NA,FALSE,FALSE,NA,NA,NA,NA,NA,NA,NA,NA,NA,NA,NA,NA,NA,NA,NA,NA,NA
1620,NA,0.93,0.95,NA,NA,NA,NA,NA,NA,NA,NA,NA,NA,NA,NA,NA,NA,NA,NA,NA,NA,FALSE,FALSE,NA,NA,NA,NA,NA,NA,NA,NA,NA,NA,NA,NA,NA,NA,NA,NA,NA
1621,NA,1.15,1.2,NA,NA,NA,NA,NA,NA,NA,NA,NA,NA,NA,NA,NA,NA,NA,NA,NA,NA,FALSE,FALSE,NA,NA,NA,NA,NA,NA,NA,NA,NA,NA,NA,NA,NA,NA,NA,NA,NA
1622,NA,0.97,0.87,NA,NA,NA,NA,NA,NA,NA,NA,NA,NA,NA,NA,NA,NA,NA,NA,NA,NA,FALSE,FALSE,NA,NA,NA,NA,NA,NA,NA,NA,NA,NA,NA,NA,NA,NA,NA,NA,NA
1623,NA,1.14,0.75,NA,NA,NA,NA,NA,NA,NA,NA,NA,NA,NA,NA,NA,NA,NA,NA,NA,NA,FALSE,FALSE,NA,NA,NA,NA,NA,NA,NA,NA,NA,NA,NA,NA,NA,NA,NA,NA,NA
1624,NA,0.87,0.88,NA,NA,NA,NA,NA,NA,NA,NA,NA,NA,NA,NA,NA,NA,NA,NA,NA,NA,FALSE,FALSE,NA,NA,NA,NA,NA,NA,NA,NA,NA,NA,NA,NA,NA,NA,NA,NA,NA
1625,NA,0.93,0.9,NA,NA,NA,NA,NA,NA,NA,NA,NA,NA,NA,NA,NA,NA,NA,NA,NA,NA,FALSE,FALSE,NA,NA,NA,NA,NA,NA,NA,NA,NA,NA,NA,NA,NA,NA,NA,NA,NA
1626,NA,0.86,0.75,NA,NA,NA,NA,NA,NA,NA,NA,NA,NA,NA,NA,NA,NA,NA,NA,NA,NA,FALSE,FALSE,NA,NA,NA,NA,NA,NA,NA,NA,NA,NA,NA,NA,NA,NA,NA,NA,NA
1627,NA,1.06,0.79,NA,NA,NA,NA,NA,NA,NA,NA,NA,NA,NA,NA,NA,NA,NA,NA,NA,NA,FALSE,FALSE,NA,NA,NA,NA,NA,NA,NA,NA,NA,NA,NA,NA,NA,NA,NA,NA,NA
1628,NA,1.2,0.55,NA,NA,NA,NA,NA,NA,NA,NA,NA,NA,NA,NA,NA,NA,NA,NA,NA,NA,FALSE,FALSE,NA,NA,NA,NA,NA,NA,NA,NA,NA,NA,NA,NA,NA,NA,NA,NA,NA
1629,NA,1.17,0.79,NA,NA,NA,NA,NA,NA,NA,NA,NA,NA,NA,NA,NA,NA,NA,NA,NA,NA,FALSE,FALSE,NA,NA,NA,NA,NA,NA,NA,NA,NA,NA,NA,NA,NA,NA,NA,NA,NA
1630,NA,0.85,0.66,NA,NA,NA,NA,NA,NA,NA,NA,NA,NA,NA,NA,NA,NA,NA,NA,NA,NA,FALSE,FALSE,NA,NA,NA,NA,NA,NA,NA,NA,NA,NA,NA,NA,NA,NA,NA,NA,NA
1631,NA,0.9,0.48,NA,NA,NA,NA,NA,NA,NA,NA,NA,NA,NA,NA,NA,NA,NA,NA,NA,NA,FALSE,FALSE,NA,NA,NA,NA,NA,NA,NA,NA,NA,NA,NA,NA,NA,NA,NA,NA,NA
1632,NA,1.54,0.65,NA,NA,NA,NA,NA,NA,NA,NA,NA,NA,NA,NA,NA,NA,NA,NA,1.06,NA,FALSE,FALSE,NA,NA,NA,NA,NA,NA,NA,NA,NA,NA,NA,NA,NA,NA,NA,NA,FALSE
1633,NA,1.33,0.82,NA,NA,NA,NA,NA,NA,NA,NA,NA,NA,NA,NA,NA,NA,NA,NA,0.64,NA,FALSE,FALSE,NA,NA,NA,NA,NA,NA,NA,NA,NA,NA,NA,NA,NA,NA,NA,NA,FALSE
1634,NA,1.78,0.95,NA,NA,NA,NA,NA,NA,NA,NA,NA,NA,NA,NA,NA,NA,NA,NA,1.08,NA,FALSE,FALSE,NA,NA,NA,NA,NA,NA,NA,NA,NA,NA,NA,NA,NA,NA,NA,NA,FALSE
1635,NA,1.1,0.86,NA,NA,NA,NA,NA,NA,NA,NA,NA,NA,NA,NA,NA,NA,NA,NA,0.9,NA,FALSE,FALSE,NA,NA,NA,NA,NA,NA,NA,NA,NA,NA,NA,NA,NA,NA,NA,NA,FALSE
1636,NA,0.94,0.93,NA,NA,NA,NA,NA,NA,NA,NA,NA,NA,NA,NA,NA,NA,NA,NA,0.58,NA,FALSE,FALSE,NA,NA,NA,NA,NA,NA,NA,NA,NA,NA,NA,NA,NA,NA,NA,NA,FALSE
1637,NA,1.16,0.86,NA,NA,NA,NA,NA,NA,NA,NA,NA,NA,NA,NA,NA,NA,NA,NA,0.47,NA,FALSE,FALSE,NA,NA,NA,NA,NA,NA,NA,NA,NA,NA,NA,NA,NA,NA,NA,NA,FALSE
1638,NA,1.25,0.88,NA,NA,NA,NA,NA,NA,NA,NA,NA,NA,NA,NA,NA,NA,NA,NA,0.71,NA,FALSE,FALSE,NA,NA,NA,NA,NA,NA,NA,NA,NA,NA,NA,NA,NA,NA,NA,NA,FALSE
1639,NA,0.86,0.76,NA,NA,NA,NA,NA,NA,NA,NA,NA,NA,NA,NA,NA,NA,NA,NA,0.86,NA,FALSE,FALSE,NA,NA,NA,NA,NA,NA,NA,NA,NA,NA,NA,NA,NA,NA,NA,NA,FALSE
1640,NA,0.73,0.77,NA,NA,NA,NA,NA,NA,NA,NA,NA,NA,NA,NA,NA,NA,NA,NA,0.58,NA,FALSE,FALSE,NA,NA,NA,NA,NA,NA,NA,NA,NA,NA,NA,NA,NA,NA,NA,NA,FALSE
1641,NA,0.33,0.22,NA,NA,NA,NA,NA,NA,NA,NA,NA,NA,NA,NA,NA,NA,NA,NA,0.1,NA,FALSE,FALSE,NA,NA,NA,NA,NA,NA,NA,NA,NA,NA,NA,NA,NA,NA,NA,NA,FALSE
1642,NA,0.8,0.76,NA,NA,NA,NA,NA,NA,NA,NA,NA,NA,NA,NA,NA,NA,NA,NA,0.64,NA,FALSE,FALSE,NA,NA,NA,NA,NA,NA,NA,NA,NA,NA,NA,NA,NA,NA,NA,NA,FALSE
1643,NA,0.93,0.81,NA,NA,NA,NA,NA,NA,NA,NA,NA,NA,NA,NA,NA,NA,NA,NA,0.69,NA,FALSE,FALSE,NA,NA,NA,NA,NA,NA,NA,NA,NA,NA,NA,NA,NA,NA,NA,NA,FALSE
1644,NA,0.96,0.82,NA,NA,NA,NA,NA,NA,NA,NA,NA,NA,NA,NA,NA,NA,NA,NA,0.66,NA,FALSE,FALSE,NA,NA,NA,NA,NA,NA,NA,NA,NA,NA,NA,NA,NA,NA,NA,NA,FALSE
1645,NA,1.09,0.8,NA,NA,NA,NA,NA,NA,NA,NA,NA,NA,NA,NA,NA,NA,NA,NA,0.8,NA,FALSE,FALSE,NA,NA,NA,NA,NA,NA,NA,NA,NA,NA,NA,NA,NA,NA,NA,NA,FALSE
1646,NA,1.13,0.76,NA,NA,NA,NA,NA,NA,NA,NA,NA,NA,NA,NA,NA,NA,NA,NA,0.73,NA,FALSE,FALSE,NA,NA,NA,NA,NA,NA,NA,NA,NA,NA,NA,NA,NA,NA,NA,NA,FALSE
1647,NA,0.95,0.63,NA,NA,NA,NA,NA,NA,NA,NA,NA,NA,NA,NA,NA,NA,NA,NA,0.64,NA,FALSE,FALSE,NA,NA,NA,NA,NA,NA,NA,NA,NA,NA,NA,NA,NA,NA,NA,NA,FALSE
1648,NA,0.81,0.47,NA,NA,NA,NA,NA,NA,NA,NA,NA,NA,NA,NA,NA,NA,NA,NA,0.53,NA,FALSE,FALSE,NA,NA,NA,NA,NA,NA,NA,NA,NA,NA,NA,NA,NA,NA,NA,NA,FALSE
1649,NA,1.09,0.71,NA,NA,NA,NA,NA,NA,NA,NA,NA,NA,NA,NA,NA,NA,NA,NA,0.66,NA,FALSE,FALSE,NA,NA,NA,NA,NA,NA,NA,NA,NA,NA,NA,NA,NA,NA,NA,NA,FALSE
1650,NA,0.83,0.51,NA,NA,NA,NA,NA,NA,NA,NA,NA,NA,NA,NA,NA,NA,NA,NA,0.08,NA,FALSE,FALSE,NA,NA,NA,NA,NA,NA,NA,NA,NA,NA,NA,NA,NA,NA,NA,NA,FALSE
1651,NA,1.14,1.03,NA,NA,NA,NA,NA,NA,NA,NA,NA,NA,NA,NA,1.02,NA,NA,NA,0.42,NA,FALSE,FALSE,NA,NA,NA,NA,NA,NA,NA,NA,NA,NA,NA,NA,FALSE,NA,NA,NA,FALSE
1652,NA,0.86,0.82,NA,NA,NA,NA,NA,NA,NA,NA,NA,NA,NA,NA,0.93,NA,NA,NA,0.68,NA,FALSE,FALSE,NA,NA,NA,NA,NA,NA,NA,NA,NA,NA,NA,NA,FALSE,NA,NA,NA,FALSE
1653,NA,0.68,0.68,NA,NA,NA,NA,NA,NA,NA,NA,NA,NA,NA,NA,0.59,NA,NA,NA,0.35,NA,FALSE,FALSE,NA,NA,NA,NA,NA,NA,NA,NA,NA,NA,NA,NA,FALSE,NA,NA,NA,FALSE
1654,NA,0.84,0.75,NA,NA,NA,NA,NA,NA,NA,NA,NA,NA,NA,NA,0.59,NA,NA,NA,0.5,NA,FALSE,FALSE,NA,NA,NA,NA,NA,NA,NA,NA,NA,NA,NA,NA,FALSE,NA,NA,NA,FALSE
1655,NA,1.08,0.98,NA,NA,NA,NA,NA,NA,NA,NA,NA,NA,NA,NA,0.9,NA,NA,NA,0.63,NA,FALSE,FALSE,NA,NA,NA,NA,NA,NA,NA,NA,NA,NA,NA,NA,FALSE,NA,NA,NA,FALSE
1656,NA,1.04,0.99,NA,NA,NA,NA,NA,NA,NA,NA,NA,NA,NA,NA,0.66,NA,NA,NA,0.52,NA,FALSE,FALSE,NA,NA,NA,NA,NA,NA,NA,NA,NA,NA,NA,NA,FALSE,NA,NA,NA,FALSE
1657,NA,1,1,NA,NA,NA,NA,NA,NA,NA,NA,NA,NA,NA,NA,0.74,NA,NA,NA,0.58,NA,FALSE,FALSE,NA,NA,NA,NA,NA,NA,NA,NA,NA,NA,NA,NA,FALSE,NA,NA,NA,FALSE
1658,NA,1.1,0.89,NA,NA,NA,NA,NA,NA,NA,NA,NA,NA,NA,NA,0.87,NA,NA,NA,0.51,NA,FALSE,FALSE,NA,NA,NA,NA,NA,NA,NA,NA,NA,NA,NA,NA,FALSE,NA,NA,NA,FALSE
1659,NA,1.04,0.82,NA,NA,NA,NA,NA,NA,NA,NA,NA,NA,NA,NA,0.79,NA,NA,NA,0.5,NA,FALSE,FALSE,NA,NA,NA,NA,NA,NA,NA,NA,NA,NA,NA,NA,FALSE,NA,NA,NA,FALSE
1660,NA,1.16,1.04,NA,NA,NA,NA,NA,NA,NA,NA,NA,NA,NA,NA,0.65,NA,NA,NA,0.65,NA,FALSE,FALSE,NA,NA,NA,NA,NA,NA,NA,NA,NA,NA,NA,NA,FALSE,NA,NA,NA,FALSE
1661,NA,1.29,1.2,NA,NA,NA,NA,NA,NA,NA,NA,NA,NA,NA,NA,1.09,NA,NA,NA,0.55,NA,FALSE,FALSE,NA,NA,NA,NA,NA,NA,NA,NA,NA,NA,NA,NA,FALSE,NA,NA,NA,FALSE
1662,NA,0.81,0.74,NA,NA,NA,NA,NA,NA,NA,NA,NA,NA,NA,NA,0.53,NA,NA,NA,0.34,NA,FALSE,FALSE,NA,NA,NA,NA,NA,NA,NA,NA,NA,NA,NA,NA,FALSE,NA,NA,NA,FALSE
1663,NA,0.79,0.84,NA,NA,NA,NA,NA,NA,NA,NA,NA,NA,NA,NA,0.57,NA,NA,NA,0.24,NA,FALSE,FALSE,NA,NA,NA,NA,NA,NA,NA,NA,NA,NA,NA,NA,FALSE,NA,NA,NA,FALSE
1664,NA,0.99,1.02,NA,NA,NA,NA,NA,NA,NA,NA,NA,NA,NA,NA,0.57,NA,NA,NA,0.34,NA,FALSE,FALSE,NA,NA,NA,NA,NA,NA,NA,NA,NA,NA,NA,NA,FALSE,NA,NA,NA,FALSE
1665,NA,1.33,1.15,NA,NA,NA,NA,NA,NA,NA,NA,NA,NA,NA,NA,0.85,NA,NA,NA,0.81,NA,FALSE,FALSE,NA,NA,NA,NA,NA,NA,NA,NA,NA,NA,NA,NA,FALSE,NA,NA,NA,FALSE
1666,NA,1.25,0.87,NA,NA,NA,NA,NA,NA,NA,NA,NA,NA,NA,NA,0.41,NA,NA,NA,0.74,NA,FALSE,FALSE,NA,NA,NA,NA,NA,NA,NA,NA,NA,NA,NA,NA,FALSE,NA,NA,NA,FALSE
1667,NA,2.2,1.31,NA,NA,NA,NA,NA,NA,NA,NA,NA,NA,NA,NA,0.92,NA,NA,NA,1.12,NA,TRUE,FALSE,NA,NA,NA,NA,NA,NA,NA,NA,NA,NA,NA,NA,FALSE,NA,NA,NA,FALSE
1668,NA,1.15,0.55,NA,NA,NA,NA,NA,NA,NA,NA,NA,NA,NA,NA,0.35,NA,NA,NA,0.33,NA,FALSE,FALSE,NA,NA,NA,NA,NA,NA,NA,NA,NA,NA,NA,NA,FALSE,NA,NA,NA,FALSE
1669,NA,1.54,0.63,NA,NA,NA,NA,NA,NA,NA,NA,NA,NA,NA,NA,0.52,NA,NA,NA,0.57,NA,FALSE,FALSE,NA,NA,NA,NA,NA,NA,NA,NA,NA,NA,NA,NA,FALSE,NA,NA,NA,FALSE
1670,NA,1.73,0.91,NA,NA,NA,0.65,NA,NA,NA,NA,NA,NA,NA,NA,1.16,NA,NA,NA,0.81,NA,FALSE,FALSE,NA,NA,NA,FALSE,NA,NA,NA,NA,NA,NA,NA,NA,FALSE,NA,NA,NA,FALSE
1671,NA,1.99,0.93,NA,NA,NA,0.83,NA,NA,NA,NA,NA,NA,NA,NA,1.54,NA,NA,NA,1.05,NA,TRUE,FALSE,NA,NA,NA,FALSE,NA,NA,NA,NA,NA,NA,NA,NA,FALSE,NA,NA,NA,FALSE
1672,NA,1.13,0.6,NA,NA,NA,0.15,NA,NA,NA,NA,NA,NA,NA,NA,0.18,NA,NA,NA,0.35,NA,FALSE,FALSE,NA,NA,NA,FALSE,NA,NA,NA,NA,NA,NA,NA,NA,FALSE,NA,NA,NA,FALSE
1673,NA,1.88,0.93,NA,NA,NA,0.47,NA,NA,NA,NA,NA,NA,NA,NA,0.66,NA,NA,NA,0.71,NA,FALSE,FALSE,NA,NA,NA,FALSE,NA,NA,NA,NA,NA,NA,NA,NA,FALSE,NA,NA,NA,FALSE
1674,NA,1.85,0.88,NA,NA,NA,0.46,NA,NA,NA,NA,NA,NA,NA,NA,0.48,NA,NA,NA,0.69,NA,FALSE,FALSE,NA,NA,NA,FALSE,NA,NA,NA,NA,NA,NA,NA,NA,FALSE,NA,NA,NA,FALSE
1675,NA,2.02,0.78,NA,NA,NA,0.78,NA,NA,NA,NA,NA,NA,NA,NA,0.2,NA,NA,NA,0.59,NA,TRUE,FALSE,NA,NA,NA,FALSE,NA,NA,NA,NA,NA,NA,NA,NA,FALSE,NA,NA,NA,FALSE
1676,NA,1.72,0.77,NA,NA,NA,0.78,NA,NA,NA,NA,NA,NA,NA,NA,0.37,NA,NA,NA,0.51,NA,FALSE,FALSE,NA,NA,NA,FALSE,NA,NA,NA,NA,NA,NA,NA,NA,FALSE,NA,NA,NA,FALSE
1677,NA,2.04,0.95,NA,NA,NA,1.09,NA,NA,NA,NA,NA,NA,NA,NA,0.53,NA,NA,NA,0.7,NA,TRUE,FALSE,NA,NA,NA,FALSE,NA,NA,NA,NA,NA,NA,NA,NA,FALSE,NA,NA,NA,FALSE
1678,NA,1.47,0.72,NA,NA,NA,0.72,NA,NA,NA,NA,NA,NA,NA,NA,0.35,NA,NA,NA,0.57,NA,FALSE,FALSE,NA,NA,NA,FALSE,NA,NA,NA,NA,NA,NA,NA,NA,FALSE,NA,NA,NA,FALSE
1679,NA,1.52,0.88,NA,NA,NA,0.84,NA,NA,NA,NA,NA,NA,NA,NA,0.45,NA,NA,NA,0.42,NA,FALSE,FALSE,NA,NA,NA,FALSE,NA,NA,NA,NA,NA,NA,NA,NA,FALSE,NA,NA,NA,FALSE
1680,NA,1.19,0.77,NA,NA,NA,0.54,NA,NA,NA,NA,NA,NA,NA,NA,0.4,NA,NA,NA,0.39,NA,FALSE,FALSE,NA,NA,NA,FALSE,NA,NA,NA,NA,NA,NA,NA,NA,FALSE,NA,NA,NA,FALSE
1681,NA,1.37,0.82,NA,NA,NA,0.65,NA,NA,NA,NA,NA,NA,NA,NA,0.57,NA,NA,NA,0.3,NA,FALSE,FALSE,NA,NA,NA,FALSE,NA,NA,NA,NA,NA,NA,NA,NA,FALSE,NA,NA,NA,FALSE
1682,NA,1.17,0.91,NA,NA,NA,0.77,NA,NA,NA,NA,NA,NA,NA,NA,0.54,NA,NA,NA,0.37,NA,FALSE,FALSE,NA,NA,NA,FALSE,NA,NA,NA,NA,NA,NA,NA,NA,FALSE,NA,NA,NA,FALSE
1683,NA,1.01,0.9,NA,NA,NA,1.16,NA,NA,NA,NA,NA,NA,NA,NA,0.48,NA,NA,NA,0.44,NA,FALSE,FALSE,NA,NA,NA,FALSE,NA,NA,NA,NA,NA,NA,NA,NA,FALSE,NA,NA,NA,FALSE
1684,NA,0.79,0.66,NA,NA,NA,1.3,NA,NA,NA,NA,NA,NA,NA,NA,0.13,NA,NA,NA,0.33,NA,FALSE,FALSE,NA,NA,NA,FALSE,NA,NA,NA,NA,NA,NA,NA,NA,FALSE,NA,NA,NA,FALSE
1685,NA,0.98,0.82,NA,NA,NA,1.05,NA,NA,NA,NA,NA,NA,NA,NA,0.19,NA,NA,NA,0.32,NA,FALSE,FALSE,NA,NA,NA,FALSE,NA,NA,NA,NA,NA,NA,NA,NA,FALSE,NA,NA,NA,FALSE
1686,NA,1.16,1.03,NA,NA,NA,1.52,NA,NA,NA,NA,NA,NA,NA,NA,0.56,NA,NA,NA,0.54,NA,FALSE,FALSE,NA,NA,NA,FALSE,NA,NA,NA,NA,NA,NA,NA,NA,FALSE,NA,NA,NA,FALSE
1687,NA,1.17,0.91,NA,NA,NA,1.01,NA,NA,NA,NA,NA,NA,NA,NA,0.42,NA,NA,NA,0.46,NA,FALSE,FALSE,NA,NA,NA,FALSE,NA,NA,NA,NA,NA,NA,NA,NA,FALSE,NA,NA,NA,FALSE
1688,NA,0.76,1.02,NA,NA,NA,1.04,NA,NA,NA,NA,NA,NA,NA,NA,0.38,NA,NA,NA,0.32,NA,FALSE,FALSE,NA,NA,NA,FALSE,NA,NA,NA,NA,NA,NA,NA,NA,FALSE,NA,NA,NA,FALSE
1689,NA,0.93,1.17,NA,NA,NA,1.09,NA,NA,NA,NA,NA,NA,NA,NA,0.42,NA,NA,NA,0.41,NA,FALSE,FALSE,NA,NA,NA,FALSE,NA,NA,NA,NA,NA,NA,NA,NA,FALSE,NA,NA,NA,FALSE
1690,NA,0.91,1.21,NA,NA,NA,1.08,NA,NA,NA,NA,NA,NA,NA,NA,0.38,NA,NA,NA,0.42,NA,FALSE,FALSE,NA,NA,NA,FALSE,NA,NA,NA,NA,NA,NA,NA,NA,FALSE,NA,NA,NA,FALSE
1691,NA,0.63,0.91,NA,NA,NA,0.4,NA,NA,NA,NA,NA,NA,NA,NA,0.22,NA,NA,NA,0.16,NA,FALSE,FALSE,NA,NA,NA,FALSE,NA,NA,NA,NA,NA,NA,NA,NA,FALSE,NA,NA,NA,FALSE
1692,NA,0.97,1.17,NA,NA,NA,0.59,NA,NA,NA,NA,NA,NA,1.2,NA,0.43,NA,NA,NA,0.39,NA,FALSE,FALSE,NA,NA,NA,FALSE,NA,NA,NA,NA,NA,NA,FALSE,NA,FALSE,NA,NA,NA,FALSE
1693,NA,0.9,1.14,NA,NA,NA,0.32,NA,NA,NA,NA,NA,NA,1.23,NA,0.29,NA,NA,NA,0.37,NA,FALSE,FALSE,NA,NA,NA,FALSE,NA,NA,NA,NA,NA,NA,FALSE,NA,FALSE,NA,NA,NA,FALSE
1694,NA,0.77,1.08,NA,NA,NA,0.3,NA,NA,NA,NA,NA,NA,1.27,NA,0.38,NA,NA,NA,0.61,NA,FALSE,FALSE,NA,NA,NA,FALSE,NA,NA,NA,NA,NA,NA,FALSE,NA,FALSE,NA,NA,NA,FALSE
1695,NA,1,1.67,NA,NA,NA,0.38,NA,NA,NA,NA,NA,NA,1.27,NA,0.44,NA,NA,NA,0.68,NA,FALSE,TRUE,NA,NA,NA,FALSE,NA,NA,NA,NA,NA,NA,FALSE,NA,FALSE,NA,NA,NA,FALSE
1696,NA,0.42,1.24,NA,NA,NA,0.04,NA,NA,NA,NA,NA,NA,0.43,NA,0.08,NA,NA,NA,0.44,NA,FALSE,FALSE,NA,NA,NA,FALSE,NA,NA,NA,NA,NA,NA,FALSE,NA,FALSE,NA,NA,NA,FALSE
1697,NA,0.46,0.75,NA,NA,NA,0.07,NA,NA,NA,NA,NA,NA,0.48,NA,0.04,NA,NA,NA,0.22,NA,FALSE,FALSE,NA,NA,NA,FALSE,NA,NA,NA,NA,NA,NA,FALSE,NA,FALSE,NA,NA,NA,FALSE
1698,NA,0.43,0.75,NA,NA,NA,0.19,NA,NA,NA,0.49,NA,NA,1.25,NA,0.22,0.65,NA,NA,0.29,NA,FALSE,FALSE,NA,NA,NA,FALSE,NA,NA,NA,FALSE,NA,NA,FALSE,NA,FALSE,FALSE,NA,NA,FALSE
1699,NA,0.58,1.16,NA,NA,NA,0.44,NA,NA,NA,0.39,NA,NA,1.29,NA,0,1.13,NA,NA,0.16,NA,FALSE,FALSE,NA,NA,NA,FALSE,NA,NA,NA,FALSE,NA,NA,FALSE,NA,FALSE,FALSE,NA,NA,FALSE
1700,NA,0.46,0.92,0.09,NA,NA,0.37,NA,NA,NA,0.32,NA,NA,0.93,NA,0.25,0.81,NA,NA,0.26,NA,FALSE,FALSE,FALSE,NA,NA,FALSE,NA,NA,NA,FALSE,NA,NA,FALSE,NA,FALSE,FALSE,NA,NA,FALSE
1701,NA,0.18,0.52,0.11,NA,NA,0.19,NA,NA,NA,0.21,NA,NA,0.8,NA,0,0.44,NA,NA,0.21,NA,FALSE,FALSE,FALSE,NA,NA,FALSE,NA,NA,NA,FALSE,NA,NA,FALSE,NA,FALSE,FALSE,NA,NA,FALSE
1702,NA,0.27,0.43,0.13,NA,NA,0.48,NA,NA,NA,0.29,NA,NA,1.27,NA,0.1,0.6,NA,NA,0.26,NA,FALSE,FALSE,FALSE,NA,NA,FALSE,NA,NA,NA,FALSE,NA,NA,FALSE,NA,FALSE,FALSE,NA,NA,FALSE
1703,NA,0.38,0.42,0.14,NA,NA,0.73,NA,NA,NA,0.31,NA,NA,1.64,NA,0.11,0.52,NA,NA,0.41,NA,FALSE,FALSE,FALSE,NA,NA,FALSE,NA,NA,NA,FALSE,NA,NA,FALSE,NA,FALSE,FALSE,NA,NA,FALSE
1704,NA,0.29,0.23,0.12,NA,NA,0.37,NA,NA,NA,0.26,NA,NA,1.5,NA,0.11,0.49,NA,NA,0.63,NA,FALSE,FALSE,FALSE,NA,NA,FALSE,NA,NA,NA,FALSE,NA,NA,FALSE,NA,FALSE,FALSE,NA,NA,FALSE
1705,NA,0.39,0.28,0.18,NA,NA,0.96,NA,NA,NA,0.34,NA,NA,1.77,NA,0.05,0.64,NA,NA,0.91,NA,FALSE,FALSE,FALSE,NA,NA,FALSE,NA,NA,NA,FALSE,NA,NA,FALSE,NA,FALSE,FALSE,NA,NA,FALSE
1706,NA,0.41,0.27,0.11,NA,NA,1.44,NA,NA,NA,0.33,NA,NA,1.3,NA,0.16,0.55,NA,NA,0.77,NA,FALSE,FALSE,FALSE,NA,NA,FALSE,NA,NA,NA,FALSE,NA,NA,FALSE,NA,FALSE,FALSE,NA,NA,FALSE
1707,NA,0.28,0.33,0.05,NA,NA,0.46,NA,NA,NA,0.13,NA,NA,0.67,NA,0.1,0.15,NA,NA,0.58,NA,FALSE,FALSE,FALSE,NA,NA,FALSE,NA,NA,NA,FALSE,NA,NA,FALSE,NA,FALSE,FALSE,NA,NA,FALSE
1708,NA,0.49,0.5,0.1,NA,NA,1.42,NA,NA,NA,0.44,NA,NA,1.55,NA,0.07,0.74,NA,NA,0.63,NA,FALSE,FALSE,FALSE,NA,NA,FALSE,NA,NA,NA,FALSE,NA,NA,FALSE,NA,FALSE,FALSE,NA,NA,FALSE
1709,NA,0.34,0.22,0.07,NA,NA,0.67,NA,NA,NA,0.23,NA,NA,0.97,NA,0.02,0.29,NA,NA,0.46,NA,FALSE,FALSE,FALSE,NA,NA,FALSE,NA,NA,NA,FALSE,NA,NA,FALSE,NA,FALSE,FALSE,NA,NA,FALSE
1710,NA,0.6,0.71,0.11,NA,NA,0.96,NA,NA,NA,0.45,NA,NA,1.51,NA,0.22,0.61,NA,NA,0.58,NA,FALSE,FALSE,FALSE,NA,NA,FALSE,NA,NA,NA,FALSE,NA,NA,FALSE,NA,FALSE,FALSE,NA,NA,FALSE
1711,NA,0.56,0.58,0.23,NA,NA,0.71,NA,NA,NA,0.49,NA,NA,1.2,NA,0.13,0.65,NA,NA,0.6,NA,FALSE,FALSE,FALSE,NA,NA,FALSE,NA,NA,NA,FALSE,NA,NA,FALSE,NA,FALSE,FALSE,NA,NA,FALSE
1712,NA,0.75,0.73,0.38,NA,NA,1.12,NA,NA,NA,0.69,NA,NA,1.28,NA,0.4,0.83,NA,NA,0.64,NA,FALSE,FALSE,FALSE,NA,NA,FALSE,NA,NA,NA,FALSE,NA,NA,FALSE,NA,FALSE,FALSE,NA,NA,FALSE
1713,NA,0.99,0.68,0.6,NA,NA,0.94,NA,NA,NA,0.65,NA,NA,1.29,NA,0.4,0.85,NA,NA,0.62,NA,FALSE,FALSE,FALSE,NA,NA,FALSE,NA,NA,NA,FALSE,NA,NA,FALSE,NA,FALSE,FALSE,NA,NA,FALSE
1714,NA,0.65,0.84,0.53,NA,NA,1.17,NA,NA,NA,0.62,NA,NA,1.23,NA,0.56,0.93,NA,NA,0.7,NA,FALSE,FALSE,FALSE,NA,NA,FALSE,NA,NA,NA,FALSE,NA,NA,FALSE,NA,FALSE,FALSE,NA,NA,FALSE
1715,NA,0.78,0.4,0.31,NA,NA,0.26,NA,NA,NA,0.21,NA,NA,0.88,NA,0.2,0.54,NA,NA,0.48,NA,FALSE,FALSE,FALSE,NA,NA,FALSE,NA,NA,NA,FALSE,NA,NA,FALSE,NA,FALSE,FALSE,NA,NA,FALSE
1716,NA,1.07,1.02,0.48,NA,NA,0.55,NA,NA,NA,0.42,NA,NA,1.29,NA,0.27,1.17,NA,NA,0.83,NA,FALSE,FALSE,FALSE,NA,NA,FALSE,NA,NA,NA,FALSE,NA,NA,FALSE,NA,FALSE,FALSE,NA,NA,FALSE
1717,NA,0.99,1.19,0.48,NA,NA,0.86,NA,NA,NA,0.61,NA,NA,1.28,NA,0.5,1.3,NA,NA,1.01,NA,FALSE,FALSE,FALSE,NA,NA,FALSE,NA,NA,NA,FALSE,NA,NA,FALSE,NA,FALSE,FALSE,NA,NA,FALSE
1718,NA,0.87,1.19,0.53,1.47,NA,0.7,NA,NA,NA,0.52,NA,NA,1.08,NA,0.51,1.06,NA,NA,0.83,NA,FALSE,FALSE,FALSE,FALSE,NA,FALSE,NA,NA,NA,FALSE,NA,NA,FALSE,NA,FALSE,FALSE,NA,NA,FALSE
1719,NA,0.89,1.15,0.46,1.35,NA,0.72,NA,NA,NA,0.74,NA,NA,1.09,NA,0.54,0.92,NA,NA,0.89,NA,FALSE,FALSE,FALSE,FALSE,NA,FALSE,NA,NA,NA,FALSE,NA,NA,FALSE,NA,FALSE,FALSE,NA,NA,FALSE
1720,NA,1.46,1.2,0.49,1.27,NA,0.83,NA,NA,NA,0.72,NA,NA,1.25,NA,0.55,0.99,NA,NA,1.05,NA,FALSE,FALSE,FALSE,FALSE,NA,FALSE,NA,NA,NA,FALSE,NA,NA,FALSE,NA,FALSE,FALSE,NA,NA,FALSE
1721,NA,1.42,1.33,0.47,1.1,NA,0.62,NA,NA,NA,0.7,NA,NA,1.06,NA,0.38,0.93,NA,NA,0.65,NA,FALSE,FALSE,FALSE,FALSE,NA,FALSE,NA,NA,NA,FALSE,NA,NA,FALSE,NA,FALSE,FALSE,NA,NA,FALSE
1722,NA,1.18,1.04,0.6,1.2,NA,0.5,NA,NA,NA,0.76,NA,NA,0.68,NA,0.4,0.88,NA,NA,0.71,NA,FALSE,FALSE,FALSE,FALSE,NA,FALSE,NA,NA,NA,FALSE,NA,NA,FALSE,NA,FALSE,FALSE,NA,NA,FALSE
1723,NA,1.34,0.86,0.48,0.99,NA,0.38,NA,NA,NA,0.69,NA,NA,1.3,NA,0.51,0.76,NA,NA,0.82,NA,FALSE,FALSE,FALSE,FALSE,NA,FALSE,NA,NA,NA,FALSE,NA,NA,FALSE,NA,FALSE,FALSE,NA,NA,FALSE
1724,NA,0.96,0.91,0.64,1.03,NA,0.59,NA,NA,NA,0.8,NA,NA,0.98,NA,0.42,0.9,NA,NA,0.82,NA,FALSE,FALSE,FALSE,FALSE,NA,FALSE,NA,NA,NA,FALSE,NA,NA,FALSE,NA,FALSE,FALSE,NA,NA,FALSE
1725,NA,0.84,0.58,0.45,0.92,NA,0.45,NA,NA,NA,0.39,NA,NA,1.07,NA,0.43,0.84,NA,NA,0.59,NA,FALSE,FALSE,FALSE,FALSE,NA,FALSE,NA,NA,NA,FALSE,NA,NA,FALSE,NA,FALSE,FALSE,NA,NA,FALSE
1726,NA,1.47,0.75,0.85,1.51,NA,0.8,NA,NA,NA,0.74,NA,NA,1.15,NA,0.5,1.18,NA,NA,0.83,NA,FALSE,FALSE,FALSE,FALSE,NA,FALSE,NA,NA,NA,FALSE,NA,NA,FALSE,NA,FALSE,FALSE,NA,NA,FALSE
1727,NA,1.25,0.68,0.86,1.34,NA,0.61,NA,NA,NA,0.41,NA,NA,0.97,NA,0.3,1.12,NA,NA,1.02,NA,FALSE,FALSE,FALSE,FALSE,NA,FALSE,NA,NA,NA,FALSE,NA,NA,FALSE,NA,FALSE,FALSE,NA,NA,FALSE
1728,NA,1.55,0.81,0.96,1.73,NA,1.51,NA,NA,NA,0.69,NA,NA,1.6,NA,0.49,1.59,NA,NA,1.28,NA,FALSE,FALSE,FALSE,FALSE,NA,FALSE,NA,NA,NA,FALSE,NA,NA,FALSE,NA,FALSE,FALSE,NA,NA,FALSE
1729,NA,1.37,0.9,1.13,1.52,NA,1.45,NA,NA,NA,0.72,NA,NA,1.45,NA,0.35,1.32,NA,NA,1.11,NA,FALSE,FALSE,FALSE,FALSE,NA,FALSE,NA,NA,NA,FALSE,NA,NA,FALSE,NA,FALSE,FALSE,NA,NA,FALSE
1730,NA,1.12,0.69,0.78,1.13,NA,0.41,NA,NA,NA,0.51,NA,NA,0.89,NA,0.1,0.92,NA,NA,0.65,NA,FALSE,FALSE,FALSE,FALSE,NA,FALSE,NA,NA,NA,FALSE,NA,NA,FALSE,NA,FALSE,FALSE,NA,NA,FALSE
1731,NA,1.61,0.81,1.06,1.59,NA,1.16,NA,NA,NA,1,NA,NA,1.33,NA,0.3,1.62,NA,NA,0.98,NA,FALSE,FALSE,FALSE,FALSE,NA,FALSE,NA,NA,NA,FALSE,NA,NA,FALSE,NA,FALSE,FALSE,NA,NA,FALSE
1732,NA,1.57,0.74,1.11,1.69,NA,0.86,NA,NA,NA,0.84,NA,NA,1.11,NA,0.29,1.2,NA,NA,0.93,NA,FALSE,FALSE,FALSE,FALSE,NA,FALSE,NA,NA,NA,FALSE,NA,NA,FALSE,NA,FALSE,FALSE,NA,NA,FALSE
1733,NA,1.54,0.83,1.05,1.68,NA,0.79,NA,NA,NA,0.84,NA,NA,1.44,NA,0.37,1.13,NA,NA,0.98,NA,FALSE,FALSE,FALSE,FALSE,NA,FALSE,NA,NA,NA,FALSE,NA,NA,FALSE,NA,FALSE,FALSE,NA,NA,FALSE
1734,NA,1.19,0.75,0.91,1.42,NA,0.76,NA,NA,NA,0.62,0.88,NA,1.22,NA,0.39,0.95,NA,NA,0.95,NA,FALSE,FALSE,FALSE,FALSE,NA,FALSE,NA,NA,NA,FALSE,FALSE,NA,FALSE,NA,FALSE,FALSE,NA,NA,FALSE
1735,NA,1.49,0.9,0.87,1.58,NA,1.05,NA,NA,NA,0.91,0.91,NA,1.29,NA,0.53,1.05,NA,NA,1.21,NA,FALSE,FALSE,FALSE,FALSE,NA,FALSE,NA,NA,NA,FALSE,FALSE,NA,FALSE,NA,FALSE,FALSE,NA,NA,FALSE
1736,NA,1.45,0.91,0.87,1.18,NA,0.9,NA,NA,NA,1.02,0.79,NA,1.32,1.46,0.51,1.2,NA,NA,1.18,NA,FALSE,FALSE,FALSE,FALSE,NA,FALSE,NA,NA,NA,FALSE,FALSE,NA,FALSE,FALSE,FALSE,FALSE,NA,NA,FALSE
1737,NA,1.52,0.86,0.91,1.48,NA,0.54,NA,NA,NA,1.01,0.74,NA,1.09,1.08,0.38,1.09,NA,NA,0.98,NA,FALSE,FALSE,FALSE,FALSE,NA,FALSE,NA,NA,NA,FALSE,FALSE,NA,FALSE,FALSE,FALSE,FALSE,NA,NA,FALSE
1738,NA,1.48,0.85,0.96,1.26,NA,0.31,NA,NA,NA,0.64,0.44,NA,1.03,0.73,0.31,0.94,1.89,NA,0.85,NA,FALSE,FALSE,FALSE,FALSE,NA,FALSE,NA,NA,NA,FALSE,FALSE,NA,FALSE,FALSE,FALSE,FALSE,FALSE,NA,FALSE
1739,NA,1.39,1.06,1.03,1.53,NA,0.7,NA,NA,NA,0.92,0.6,NA,1.63,1.19,0.4,1.14,1.43,NA,1.06,NA,FALSE,FALSE,FALSE,FALSE,NA,FALSE,NA,NA,NA,FALSE,FALSE,NA,FALSE,FALSE,FALSE,FALSE,FALSE,NA,FALSE
1740,NA,1.03,0.8,1.05,1.24,NA,0.63,NA,NA,NA,0.79,0.64,NA,1.76,1.18,0.38,1.2,1.43,NA,1.01,NA,FALSE,FALSE,FALSE,FALSE,NA,FALSE,NA,NA,NA,FALSE,FALSE,NA,FALSE,FALSE,FALSE,FALSE,FALSE,NA,FALSE
1741,NA,1.14,0.97,1.2,1.05,NA,0.72,NA,NA,NA,0.98,1.21,NA,1.75,1.7,0.51,1.56,2.05,NA,1.13,NA,FALSE,FALSE,FALSE,FALSE,NA,FALSE,NA,NA,NA,FALSE,FALSE,NA,FALSE,FALSE,FALSE,FALSE,FALSE,NA,FALSE
1742,NA,0.73,0.43,0.53,0.74,NA,0.02,NA,NA,NA,0.38,0.41,NA,1.06,0.32,0.15,1.36,0.87,NA,0.38,NA,FALSE,FALSE,FALSE,FALSE,NA,FALSE,NA,NA,NA,FALSE,FALSE,NA,FALSE,FALSE,FALSE,FALSE,FALSE,NA,FALSE
1743,NA,1,0.71,0.88,1.26,NA,1.35,NA,NA,NA,0.95,1.94,NA,1.65,1.12,0.44,3.02,1.07,NA,1.01,NA,FALSE,FALSE,FALSE,FALSE,NA,FALSE,NA,NA,NA,FALSE,TRUE,NA,FALSE,FALSE,FALSE,TRUE,FALSE,NA,FALSE
1744,NA,0.61,0.63,0.82,1.11,NA,1.36,NA,NA,NA,0.81,2.11,NA,1.25,1.19,0.31,1.91,1.59,NA,0.85,NA,FALSE,FALSE,FALSE,FALSE,NA,FALSE,NA,NA,NA,FALSE,TRUE,NA,FALSE,FALSE,FALSE,FALSE,FALSE,NA,FALSE
1745,NA,0.84,0.68,0.82,1.39,NA,0.76,NA,NA,NA,0.58,1.82,NA,1.37,1.36,0.31,2.09,1.87,NA,0.75,NA,FALSE,FALSE,FALSE,FALSE,NA,FALSE,NA,NA,NA,FALSE,FALSE,NA,FALSE,FALSE,FALSE,FALSE,FALSE,NA,FALSE
1746,NA,0.87,0.73,0.73,1.49,NA,0.63,NA,NA,NA,0.64,1.3,NA,1.44,1.44,0.44,1.4,1.51,NA,0.96,NA,FALSE,FALSE,FALSE,FALSE,NA,FALSE,NA,NA,NA,FALSE,FALSE,NA,FALSE,FALSE,FALSE,FALSE,FALSE,NA,FALSE
1747,NA,0.96,0.76,0.7,1.67,NA,0.8,NA,NA,NA,0.57,1.08,NA,1.49,1.87,0.34,1.44,1.81,NA,1.14,NA,FALSE,FALSE,FALSE,FALSE,NA,FALSE,NA,NA,NA,FALSE,FALSE,NA,FALSE,TRUE,FALSE,FALSE,FALSE,NA,FALSE
1748,NA,0.75,0.83,0.9,1.83,NA,1.05,NA,NA,NA,0.77,0.65,NA,1.38,1.76,0.38,1.14,1.35,NA,1.17,NA,FALSE,FALSE,FALSE,FALSE,NA,FALSE,NA,NA,NA,FALSE,FALSE,NA,FALSE,FALSE,FALSE,FALSE,FALSE,NA,FALSE
1749,NA,0.67,0.63,0.84,1.58,NA,0.9,NA,NA,NA,0.64,0.45,NA,1.25,1.16,0.33,0.99,1.04,NA,0.91,NA,FALSE,FALSE,FALSE,FALSE,NA,FALSE,NA,NA,NA,FALSE,FALSE,NA,FALSE,FALSE,FALSE,FALSE,FALSE,NA,FALSE
1750,NA,0.82,0.77,0.79,1.91,NA,0.72,NA,NA,NA,0.58,0.48,NA,1.52,1.48,0.42,1.18,1.26,NA,0.94,NA,FALSE,FALSE,FALSE,FALSE,NA,FALSE,NA,NA,NA,FALSE,FALSE,NA,FALSE,FALSE,FALSE,FALSE,FALSE,NA,FALSE
1751,NA,0.88,0.82,0.68,1.73,NA,0.75,NA,NA,NA,0.58,0.58,NA,1.26,1.28,0.35,0.97,1.14,NA,0.92,NA,FALSE,FALSE,FALSE,FALSE,NA,FALSE,NA,NA,NA,FALSE,FALSE,NA,FALSE,FALSE,FALSE,FALSE,FALSE,NA,FALSE
1752,NA,0.67,0.5,0.43,1.12,NA,0.1,NA,NA,NA,0.15,0.07,NA,0.34,0.14,0.07,0.49,0.35,NA,0.2,NA,FALSE,FALSE,FALSE,FALSE,NA,FALSE,NA,NA,NA,FALSE,FALSE,NA,FALSE,FALSE,FALSE,FALSE,FALSE,NA,FALSE
1753,NA,0.49,0.37,0.19,0.81,NA,0.11,NA,NA,NA,0.22,0.2,NA,1.02,0.78,0.12,0.75,0.56,NA,0.17,NA,FALSE,FALSE,FALSE,FALSE,NA,FALSE,NA,NA,NA,FALSE,FALSE,NA,FALSE,FALSE,FALSE,FALSE,FALSE,NA,FALSE
1754,NA,0.42,0.59,0.38,1.02,NA,0.15,NA,NA,NA,0.33,0.44,NA,0.6,0.35,0.08,0.64,0.32,NA,0.3,NA,FALSE,FALSE,FALSE,FALSE,NA,FALSE,NA,NA,NA,FALSE,FALSE,NA,FALSE,FALSE,FALSE,FALSE,FALSE,NA,FALSE
1755,NA,0.56,0.72,0.28,1.94,NA,0.55,NA,NA,NA,0.36,1.04,NA,1.17,0.93,0.05,1.04,0.63,NA,0.44,NA,FALSE,FALSE,FALSE,FALSE,NA,FALSE,NA,NA,NA,FALSE,FALSE,NA,FALSE,FALSE,FALSE,FALSE,FALSE,NA,FALSE
1756,NA,0.79,0.85,0.28,2.29,NA,0.65,NA,NA,NA,0.55,0.99,NA,0.75,1.32,0.1,1.45,0.9,NA,0.64,NA,FALSE,FALSE,FALSE,TRUE,NA,FALSE,NA,NA,NA,FALSE,FALSE,NA,FALSE,FALSE,FALSE,FALSE,FALSE,NA,FALSE
1757,NA,0.72,0.74,0.27,1.55,NA,0.63,NA,NA,NA,0.57,0.62,NA,0.39,0.97,0.08,0.99,0.84,NA,0.61,NA,FALSE,FALSE,FALSE,FALSE,NA,FALSE,NA,NA,NA,FALSE,FALSE,NA,FALSE,FALSE,FALSE,FALSE,FALSE,NA,FALSE
1758,NA,0.72,0.68,0.18,1.52,NA,0.51,NA,NA,NA,0.64,0.8,NA,0.73,0.95,0.11,1.26,1.09,NA,1.13,NA,FALSE,FALSE,FALSE,FALSE,NA,FALSE,NA,NA,NA,FALSE,FALSE,NA,FALSE,FALSE,FALSE,FALSE,FALSE,NA,FALSE
1759,NA,0.85,0.87,0.34,1.36,NA,0.48,NA,NA,NA,0.58,0.59,NA,1.17,0.94,0.12,0.94,1.06,NA,0.93,NA,FALSE,FALSE,FALSE,FALSE,NA,FALSE,NA,NA,NA,FALSE,FALSE,NA,FALSE,FALSE,FALSE,FALSE,FALSE,NA,FALSE
1760,NA,0.62,0.83,0.24,1.14,NA,0.37,1.03,0.13,NA,0.65,0.54,NA,0.85,1.09,0.19,0.9,0.8,0.38,0.84,NA,FALSE,FALSE,FALSE,FALSE,NA,FALSE,FALSE,FALSE,NA,FALSE,FALSE,NA,FALSE,FALSE,FALSE,FALSE,FALSE,FALSE,FALSE
1761,NA,0.86,0.93,0.21,1.31,NA,0.53,1.3,0.14,NA,0.66,0.69,NA,1.1,1.36,0.17,0.83,1,0.46,0.96,NA,FALSE,FALSE,FALSE,FALSE,NA,FALSE,FALSE,FALSE,NA,FALSE,FALSE,NA,FALSE,FALSE,FALSE,FALSE,FALSE,FALSE,FALSE
1762,NA,0.78,0.79,0.29,1.08,NA,0.41,1.09,0.15,NA,0.88,0.78,NA,1.32,1.2,0.36,0.66,1.28,0.43,0.93,NA,FALSE,FALSE,FALSE,FALSE,NA,FALSE,FALSE,FALSE,NA,FALSE,FALSE,NA,FALSE,FALSE,FALSE,FALSE,FALSE,FALSE,FALSE
1763,NA,0.64,0.78,0.45,1.17,NA,0.6,1.31,0.1,NA,0.6,0.85,NA,1.22,1.07,0.33,0.63,1.38,0.47,1.03,NA,FALSE,FALSE,FALSE,FALSE,NA,FALSE,FALSE,FALSE,NA,FALSE,FALSE,NA,FALSE,FALSE,FALSE,FALSE,FALSE,FALSE,FALSE
1764,NA,0.86,0.96,0.47,1.2,NA,1.16,1.88,0.33,NA,0.91,1.24,NA,1.66,1.6,0.5,0.9,1.86,0.84,1.28,NA,FALSE,FALSE,FALSE,FALSE,NA,FALSE,FALSE,FALSE,NA,FALSE,FALSE,NA,FALSE,FALSE,FALSE,FALSE,FALSE,FALSE,FALSE
1765,NA,0.75,0.78,0.47,1.32,NA,0.75,1.61,0.42,NA,0.87,1,NA,1.14,1.28,0.49,0.73,1.74,0.77,1.25,NA,FALSE,FALSE,FALSE,FALSE,NA,FALSE,FALSE,FALSE,NA,FALSE,FALSE,NA,FALSE,FALSE,FALSE,FALSE,FALSE,FALSE,FALSE
1766,NA,0.66,0.73,0.47,1.24,NA,0.53,1.06,0.05,NA,0.64,0.92,NA,1.01,1.08,0.62,0.63,1.43,0.59,1.03,NA,FALSE,FALSE,FALSE,FALSE,NA,FALSE,FALSE,FALSE,NA,FALSE,FALSE,NA,FALSE,FALSE,FALSE,FALSE,FALSE,FALSE,FALSE
1767,NA,1.09,1.04,0.9,1.47,NA,0.95,1.4,0.4,NA,1.13,1.27,NA,1.49,1.37,0.83,0.81,1.62,0.88,1.32,NA,FALSE,FALSE,FALSE,FALSE,NA,FALSE,FALSE,FALSE,NA,FALSE,FALSE,NA,FALSE,FALSE,FALSE,FALSE,FALSE,FALSE,FALSE
1768,NA,1.06,0.95,0.76,1.19,NA,0.4,0.89,0.2,NA,0.81,0.98,NA,1.53,1.85,0.6,1.59,2.16,0.88,1.39,NA,FALSE,FALSE,FALSE,FALSE,NA,FALSE,FALSE,FALSE,NA,FALSE,FALSE,NA,FALSE,TRUE,FALSE,FALSE,FALSE,FALSE,FALSE
1769,NA,1.04,1.14,1.23,1.15,NA,0.6,1.4,0.11,NA,1.15,1.18,NA,1.7,1.75,0.77,1.54,2.01,1.17,1.52,NA,FALSE,FALSE,FALSE,FALSE,NA,FALSE,FALSE,FALSE,NA,FALSE,FALSE,NA,FALSE,FALSE,FALSE,FALSE,FALSE,FALSE,FALSE
1770,NA,1.03,1.16,1.29,1.38,NA,0.47,2.47,0.31,NA,1.14,1.11,NA,1.88,2.08,0.9,1.55,1.7,1.28,1.15,NA,FALSE,FALSE,FALSE,FALSE,NA,FALSE,TRUE,FALSE,NA,FALSE,FALSE,NA,FALSE,TRUE,FALSE,FALSE,FALSE,FALSE,FALSE
1771,NA,1.18,1.19,1.65,1.37,NA,0.62,1.58,0.34,NA,1.2,1.05,NA,1.42,1.83,0.92,1.18,1.62,1.22,1.23,NA,FALSE,FALSE,FALSE,FALSE,NA,FALSE,FALSE,FALSE,NA,FALSE,FALSE,NA,FALSE,TRUE,FALSE,FALSE,FALSE,FALSE,FALSE
1772,NA,1.06,0.92,1.05,1.1,NA,0.37,1.46,0.26,NA,0.81,0.78,NA,1.16,1.59,0.62,0.62,1.5,0.82,0.77,NA,FALSE,FALSE,FALSE,FALSE,NA,FALSE,FALSE,FALSE,NA,FALSE,FALSE,NA,FALSE,FALSE,FALSE,FALSE,FALSE,FALSE,FALSE
1773,NA,1.36,1.19,1.46,1.32,NA,0.41,1.53,0.19,NA,1.15,0.86,NA,1.25,1.75,0.77,0.89,1.42,1.09,1.24,NA,FALSE,FALSE,FALSE,FALSE,NA,FALSE,FALSE,FALSE,NA,FALSE,FALSE,NA,FALSE,FALSE,FALSE,FALSE,FALSE,FALSE,FALSE
1774,NA,1.02,0.98,1.1,0.91,NA,0.41,1.42,0.19,NA,1.13,0.87,NA,1.29,1.34,0.94,0.75,1.28,0.72,1.01,NA,FALSE,FALSE,FALSE,FALSE,NA,FALSE,FALSE,FALSE,NA,FALSE,FALSE,NA,FALSE,FALSE,FALSE,FALSE,FALSE,FALSE,FALSE
1775,NA,0.82,0.73,0.82,0.61,NA,0.51,1.09,0.07,NA,0.69,0.69,NA,0.86,0.75,0.52,0.49,0.96,0.37,0.89,NA,FALSE,FALSE,FALSE,FALSE,NA,FALSE,FALSE,FALSE,NA,FALSE,FALSE,NA,FALSE,FALSE,FALSE,FALSE,FALSE,FALSE,FALSE
1776,NA,1.27,1.33,1.3,1.11,NA,0.84,2.76,0.4,NA,1.21,0.91,NA,1.26,1.35,0.78,1.03,1.73,1.1,1.05,NA,FALSE,FALSE,FALSE,FALSE,NA,FALSE,TRUE,FALSE,NA,FALSE,FALSE,NA,FALSE,FALSE,FALSE,FALSE,FALSE,FALSE,FALSE
1777,NA,1.22,1.47,1.32,1.13,NA,0.61,2.09,0.68,NA,1.01,0.92,NA,1.05,1.28,0.78,1.04,1.62,1.2,0.96,NA,FALSE,FALSE,FALSE,FALSE,NA,FALSE,FALSE,FALSE,NA,FALSE,FALSE,NA,FALSE,FALSE,FALSE,FALSE,FALSE,FALSE,FALSE
1778,NA,1.14,1.21,1.2,1.12,NA,0.6,1.6,0.89,1.04,1.22,1.23,NA,0.94,1.27,0.83,0.96,1.75,1.14,1,NA,FALSE,FALSE,FALSE,FALSE,NA,FALSE,FALSE,FALSE,FALSE,FALSE,FALSE,NA,FALSE,FALSE,FALSE,FALSE,FALSE,FALSE,FALSE
1779,NA,1.07,1.25,1.03,1.21,NA,0.58,1.72,0.36,1.12,0.91,1.45,1.28,1.25,1.35,0.88,0.75,1.55,1.12,1.13,NA,FALSE,FALSE,FALSE,FALSE,NA,FALSE,FALSE,FALSE,FALSE,FALSE,FALSE,FALSE,FALSE,FALSE,FALSE,FALSE,FALSE,FALSE,FALSE
1780,NA,1.36,1.4,1.16,1.17,NA,0.44,1.87,0.54,1.04,0.95,1.37,0.99,1.21,1.31,0.89,0.65,1.47,1.07,1,NA,FALSE,FALSE,FALSE,FALSE,NA,FALSE,FALSE,FALSE,FALSE,FALSE,FALSE,FALSE,FALSE,FALSE,FALSE,FALSE,FALSE,FALSE,FALSE
1781,NA,1.12,0.97,0.94,1.13,NA,0.34,1.7,0.32,0.97,0.94,1.26,0.93,1.08,0.92,0.78,0.66,1.47,0.79,0.81,NA,FALSE,FALSE,FALSE,FALSE,NA,FALSE,FALSE,FALSE,FALSE,FALSE,FALSE,FALSE,FALSE,FALSE,FALSE,FALSE,FALSE,FALSE,FALSE
1782,NA,0.99,1.05,0.88,0.83,NA,0.43,2.19,0.64,1.24,0.87,1.28,0.92,0.94,0.75,0.76,0.67,1.81,0.98,0.82,NA,FALSE,FALSE,FALSE,FALSE,NA,FALSE,FALSE,FALSE,FALSE,FALSE,FALSE,FALSE,FALSE,FALSE,FALSE,FALSE,FALSE,FALSE,FALSE
1783,1,1.02,1.16,1.17,1.14,NA,0.38,2.38,0.48,1.34,1.11,1.22,1.17,1.12,0.76,0.94,0.84,1.71,0.96,0.77,FALSE,FALSE,FALSE,FALSE,FALSE,NA,FALSE,TRUE,FALSE,FALSE,FALSE,FALSE,FALSE,FALSE,FALSE,FALSE,FALSE,FALSE,FALSE,FALSE
1784,0.94,1,0.73,1.18,0.92,NA,0.41,1.4,0.52,0.96,0.89,0.96,1.07,0.81,0.53,0.83,0.68,1.41,0.67,0.79,FALSE,FALSE,FALSE,FALSE,FALSE,NA,FALSE,FALSE,FALSE,FALSE,FALSE,FALSE,FALSE,FALSE,FALSE,FALSE,FALSE,FALSE,FALSE,FALSE
1785,0.54,0.84,0.61,0.84,0.77,NA,0.21,0.98,0.24,0.82,0.55,0.8,1.02,0.61,0.54,0.55,0.39,1.43,0.11,0.68,FALSE,FALSE,FALSE,FALSE,FALSE,NA,FALSE,FALSE,FALSE,FALSE,FALSE,FALSE,FALSE,FALSE,FALSE,FALSE,FALSE,FALSE,FALSE,FALSE
1786,0.88,0.95,0.86,1.06,0.92,NA,0.49,1.07,0.23,1.13,0.99,1.11,1.33,1.28,0.81,0.74,0.82,1.41,0.76,1.03,FALSE,FALSE,FALSE,FALSE,FALSE,NA,FALSE,FALSE,FALSE,FALSE,FALSE,FALSE,FALSE,FALSE,FALSE,FALSE,FALSE,FALSE,FALSE,FALSE
1787,0.68,0.96,0.96,0.92,0.61,2.46,0.4,1.01,0.39,1,0.88,0.94,0.78,1.31,0.58,0.75,0.76,1.29,0.9,0.9,FALSE,FALSE,FALSE,FALSE,FALSE,FALSE,FALSE,FALSE,FALSE,FALSE,FALSE,FALSE,FALSE,FALSE,FALSE,FALSE,FALSE,FALSE,FALSE,FALSE
1788,0.93,1.15,1.21,1.32,0.78,1.68,0.56,1.1,0.89,1.22,0.89,1.1,1.35,1.3,0.79,1.13,1.18,1.35,1.4,1.05,FALSE,FALSE,FALSE,FALSE,FALSE,FALSE,FALSE,FALSE,FALSE,FALSE,FALSE,FALSE,FALSE,FALSE,FALSE,FALSE,FALSE,FALSE,FALSE,FALSE
1789,0.28,0.77,0.81,0.83,0.7,0.82,0.3,0.93,0.19,0.77,0.54,0.82,1.04,0.97,0.5,0.64,0.44,0.93,0.73,0.73,FALSE,FALSE,FALSE,FALSE,FALSE,FALSE,FALSE,FALSE,FALSE,FALSE,FALSE,FALSE,FALSE,FALSE,FALSE,FALSE,FALSE,FALSE,FALSE,FALSE
1790,0.32,1.13,1.12,0.85,1.12,1.55,0.6,1.04,0.41,0.86,0.71,0.86,1.82,0.87,0.68,0.96,0.89,1.15,0.59,1.13,FALSE,FALSE,FALSE,FALSE,FALSE,FALSE,FALSE,FALSE,FALSE,FALSE,FALSE,FALSE,FALSE,FALSE,FALSE,FALSE,FALSE,FALSE,FALSE,FALSE
1791,0.76,1.61,1.33,1.2,1.52,2.14,0.55,2.18,1.23,1.54,0.94,1.23,1.86,1.52,1.03,1.06,1.64,1.59,1.96,1.2,FALSE,FALSE,FALSE,FALSE,FALSE,FALSE,FALSE,FALSE,FALSE,FALSE,FALSE,FALSE,FALSE,FALSE,FALSE,FALSE,FALSE,FALSE,FALSE,FALSE
1792,0.87,1.19,1.11,1.26,1.17,1.81,0.48,1.67,0.85,1.12,0.93,0.9,1.67,0.9,0.94,0.95,0.99,1.14,1.43,1.11,FALSE,FALSE,FALSE,FALSE,FALSE,FALSE,FALSE,FALSE,FALSE,FALSE,FALSE,FALSE,FALSE,FALSE,FALSE,FALSE,FALSE,FALSE,FALSE,FALSE
1793,1.04,1.49,1.17,1.44,0.96,1.85,0.41,1.31,1.03,0.94,1.37,0.81,1.61,1.01,1.01,1.01,0.96,1.11,1.49,1.18,FALSE,FALSE,FALSE,FALSE,FALSE,FALSE,FALSE,FALSE,FALSE,FALSE,FALSE,FALSE,FALSE,FALSE,FALSE,FALSE,FALSE,FALSE,FALSE,FALSE
1794,1.22,1.46,1.11,1.51,0.85,1.59,0.42,1.45,1.21,0.83,1.66,0.88,1.95,0.97,1.08,1.06,1.02,1.22,1.26,1.21,FALSE,FALSE,FALSE,FALSE,FALSE,FALSE,FALSE,FALSE,FALSE,FALSE,FALSE,FALSE,FALSE,FALSE,FALSE,FALSE,FALSE,FALSE,FALSE,FALSE
1795,0.88,1.3,0.82,1.47,0.76,1.24,0.25,1.43,0.78,0.57,1.11,0.64,1.28,1,0.84,0.65,0.77,0.94,1.03,0.8,FALSE,FALSE,FALSE,FALSE,FALSE,FALSE,FALSE,FALSE,FALSE,FALSE,FALSE,FALSE,FALSE,FALSE,FALSE,FALSE,FALSE,FALSE,FALSE,FALSE
1796,0.96,1.17,0.9,1.19,0.66,0.75,0.25,1.18,0.82,0.71,0.79,0.64,1.36,0.7,0.8,0.52,0.71,0.81,0.9,0.8,FALSE,FALSE,FALSE,FALSE,FALSE,FALSE,FALSE,FALSE,FALSE,FALSE,FALSE,FALSE,FALSE,FALSE,FALSE,FALSE,FALSE,FALSE,FALSE,FALSE
1797,1.01,1.44,0.9,1.34,0.84,0.93,0.4,1.17,0.95,0.84,0.84,0.87,1.29,0.68,0.79,0.6,0.8,1,0.92,0.92,FALSE,FALSE,FALSE,FALSE,FALSE,FALSE,FALSE,FALSE,FALSE,FALSE,FALSE,FALSE,FALSE,FALSE,FALSE,FALSE,FALSE,FALSE,FALSE,FALSE
1798,1.04,1.93,1.21,1.43,0.84,1.25,0.46,1.89,1.15,1.24,0.83,0.97,1.67,1.25,1.17,0.86,0.87,1.18,1.44,0.99,FALSE,FALSE,FALSE,FALSE,FALSE,FALSE,FALSE,FALSE,FALSE,FALSE,FALSE,FALSE,FALSE,FALSE,FALSE,FALSE,FALSE,FALSE,FALSE,FALSE
1799,0.99,1.23,1.04,1.31,0.69,1.25,0.51,1.59,1.29,0.99,0.96,0.9,1.2,0.9,1.19,0.75,0.98,1.04,1.65,1.11,FALSE,FALSE,FALSE,FALSE,FALSE,FALSE,FALSE,FALSE,FALSE,FALSE,FALSE,FALSE,FALSE,FALSE,FALSE,FALSE,FALSE,FALSE,FALSE,FALSE
1800,1.49,1.34,0.86,1.53,0.92,1.29,0.53,1.65,1.64,0.95,1.28,0.71,1.15,1.1,1.21,0.94,1.33,1.19,1.87,1.01,FALSE,FALSE,FALSE,FALSE,FALSE,FALSE,FALSE,FALSE,FALSE,FALSE,FALSE,FALSE,FALSE,FALSE,FALSE,FALSE,FALSE,FALSE,FALSE,FALSE
1801,0.39,0.77,0.07,0.78,0.46,0.78,0.04,0.33,0.33,0.22,0.54,0.18,0.39,0.38,0.58,0.19,0.58,0.6,0.39,0.49,FALSE,FALSE,FALSE,FALSE,FALSE,FALSE,FALSE,FALSE,FALSE,FALSE,FALSE,FALSE,FALSE,FALSE,FALSE,FALSE,FALSE,FALSE,FALSE,FALSE
1802,0.62,0.97,0.34,0.82,0.55,1.86,0.38,1.01,0.77,0.66,0.46,0.39,1.01,1.16,0.82,0.49,1.11,0.96,0.74,0.65,FALSE,FALSE,FALSE,FALSE,FALSE,FALSE,FALSE,FALSE,FALSE,FALSE,FALSE,FALSE,FALSE,FALSE,FALSE,FALSE,FALSE,FALSE,FALSE,FALSE
1803,0.88,1.34,0.48,1.05,0.83,1.87,0.41,1.19,0.98,0.94,0.51,0.43,0.95,0.97,0.62,0.64,1.05,1.33,0.79,0.88,FALSE,FALSE,FALSE,FALSE,FALSE,FALSE,FALSE,FALSE,FALSE,FALSE,FALSE,FALSE,FALSE,FALSE,FALSE,FALSE,FALSE,FALSE,FALSE,FALSE
1804,1.02,1.23,0.58,1.37,0.79,1.36,0.4,0.96,0.98,1.03,0.8,0.52,0.92,0.93,0.65,0.68,1.24,1.15,1.17,0.99,FALSE,FALSE,FALSE,FALSE,FALSE,FALSE,FALSE,FALSE,FALSE,FALSE,FALSE,FALSE,FALSE,FALSE,FALSE,FALSE,FALSE,FALSE,FALSE,FALSE
1805,0.83,1.28,0.56,1.16,0.93,1.07,0.48,0.85,1.23,0.87,0.64,0.53,1.08,1.1,0.63,0.59,1.03,1,0.77,0.96,FALSE,FALSE,FALSE,FALSE,FALSE,FALSE,FALSE,FALSE,FALSE,FALSE,FALSE,FALSE,FALSE,FALSE,FALSE,FALSE,FALSE,FALSE,FALSE,FALSE
1806,0.83,1.2,0.62,0.81,0.82,0.91,0.45,1.09,1.17,0.87,0.55,0.53,1,0.78,0.59,0.43,0.87,1.32,0.9,0.97,FALSE,FALSE,FALSE,FALSE,FALSE,FALSE,FALSE,FALSE,FALSE,FALSE,FALSE,FALSE,FALSE,FALSE,FALSE,FALSE,FALSE,FALSE,FALSE,FALSE
1807,1,1.36,0.65,1.11,0.83,1.02,0.59,0.8,1.61,0.9,0.58,0.54,0.99,0.89,0.61,0.49,0.97,1.38,0.84,0.94,FALSE,FALSE,FALSE,FALSE,FALSE,FALSE,FALSE,FALSE,FALSE,FALSE,FALSE,FALSE,FALSE,FALSE,FALSE,FALSE,FALSE,FALSE,FALSE,FALSE
1808,0.62,1.03,0.41,0.62,0.71,0.99,0.55,0.84,1.2,0.94,0.6,0.59,1.11,0.92,0.56,0.41,0.93,1.05,0.9,1.01,FALSE,FALSE,FALSE,FALSE,FALSE,FALSE,FALSE,FALSE,FALSE,FALSE,FALSE,FALSE,FALSE,FALSE,FALSE,FALSE,FALSE,FALSE,FALSE,FALSE
1809,0.77,0.98,0.38,0.72,0.86,1.21,0.65,0.63,0.92,0.74,0.4,0.4,1.05,0.54,0.49,0.25,0.78,0.58,0.3,0.66,FALSE,FALSE,FALSE,FALSE,FALSE,FALSE,FALSE,FALSE,FALSE,FALSE,FALSE,FALSE,FALSE,FALSE,FALSE,FALSE,FALSE,FALSE,FALSE,FALSE
1810,0.24,0.74,0.11,0.23,0.39,0.5,0.12,0.19,0.14,0.44,0.04,0.12,0.17,0.52,0.08,0.06,0.51,0.13,0.11,0.39,FALSE,FALSE,FALSE,FALSE,FALSE,FALSE,FALSE,FALSE,FALSE,FALSE,FALSE,FALSE,FALSE,FALSE,FALSE,FALSE,FALSE,FALSE,FALSE,FALSE
1811,0.59,0.92,0.52,0.75,1.15,0.65,0.31,0.59,0.41,0.83,0.57,0.48,0.71,0.72,0.26,0.37,0.66,0.44,0.33,0.61,FALSE,FALSE,FALSE,FALSE,FALSE,FALSE,FALSE,FALSE,FALSE,FALSE,FALSE,FALSE,FALSE,FALSE,FALSE,FALSE,FALSE,FALSE,FALSE,FALSE
1812,1.27,1.1,0.79,1.04,1.64,1.65,0.7,1.12,1.25,1.24,0.68,0.42,1.5,1.35,0.86,0.56,2.09,0.81,0.88,0.4,FALSE,FALSE,FALSE,FALSE,FALSE,FALSE,FALSE,FALSE,FALSE,FALSE,FALSE,FALSE,FALSE,FALSE,FALSE,FALSE,FALSE,FALSE,FALSE,FALSE
1813,1.01,0.69,0.37,1.09,0.84,1.45,0.83,0.94,1.16,0.68,0.61,0.62,2.13,1.05,0.8,0.37,0.89,0.58,0.71,0.61,FALSE,FALSE,FALSE,FALSE,FALSE,FALSE,FALSE,FALSE,FALSE,FALSE,FALSE,FALSE,FALSE,FALSE,FALSE,FALSE,FALSE,FALSE,FALSE,FALSE
1814,1.54,0.98,1.01,1.6,1.41,1.31,1.29,1.02,1.1,0.99,1,0.86,3.18,1.51,1.05,0.54,1.37,0.85,0.94,0.93,FALSE,FALSE,FALSE,FALSE,FALSE,FALSE,FALSE,FALSE,FALSE,FALSE,FALSE,FALSE,FALSE,FALSE,FALSE,FALSE,FALSE,FALSE,FALSE,FALSE
1815,1.49,0.8,0.95,1.34,1.02,1.11,1.42,0.78,1.2,0.55,0.95,0.9,2.43,1.14,1.06,0.46,1.13,0.99,0.88,1.13,FALSE,FALSE,FALSE,FALSE,FALSE,FALSE,FALSE,FALSE,FALSE,FALSE,FALSE,FALSE,FALSE,FALSE,FALSE,FALSE,FALSE,FALSE,FALSE,FALSE
1816,1.61,0.98,1.51,1.54,1.02,1.39,1.33,1.04,1.28,1.17,1.34,1.03,1.77,1.23,1.3,0.6,1.42,1.2,0.9,1.14,FALSE,FALSE,FALSE,FALSE,FALSE,FALSE,FALSE,FALSE,FALSE,FALSE,FALSE,FALSE,FALSE,FALSE,FALSE,FALSE,FALSE,FALSE,FALSE,FALSE
1817,1.44,0.9,1.02,1.34,0.8,1.3,1.4,0.99,1.25,1.09,1.38,0.94,2.27,1.35,1.06,0.67,1.4,1.15,0.83,1,FALSE,FALSE,FALSE,FALSE,FALSE,FALSE,FALSE,FALSE,FALSE,FALSE,FALSE,FALSE,FALSE,FALSE,FALSE,FALSE,FALSE,FALSE,FALSE,FALSE
1818,1.19,0.9,1,1.42,0.85,1.19,1.19,0.92,0.69,0.8,1.01,0.77,1.94,1.17,0.68,0.44,1.01,1.08,0.58,1.14,FALSE,FALSE,FALSE,FALSE,FALSE,FALSE,FALSE,FALSE,FALSE,FALSE,FALSE,FALSE,FALSE,FALSE,FALSE,FALSE,FALSE,FALSE,FALSE,FALSE
1819,0.94,0.65,0.64,1.08,0.55,0.88,0.9,0.55,0.48,0.43,0.76,0.37,1.52,1.05,0.72,0.21,0.72,0.77,0.28,0.88,FALSE,FALSE,FALSE,FALSE,FALSE,FALSE,FALSE,FALSE,FALSE,FALSE,FALSE,FALSE,FALSE,FALSE,FALSE,FALSE,FALSE,FALSE,FALSE,FALSE
1820,1.2,0.55,0.71,1.19,0.61,1.15,0.82,0.89,0.92,0.59,0.83,0.55,1.48,1.02,0.67,0.22,0.69,0.56,0.3,0.87,FALSE,FALSE,FALSE,FALSE,FALSE,FALSE,FALSE,FALSE,FALSE,FALSE,FALSE,FALSE,FALSE,FALSE,FALSE,FALSE,FALSE,FALSE,FALSE,FALSE
1821,1.53,0.69,0.93,1.27,0.98,1.72,0.76,1.3,0.9,0.77,1.04,0.74,1.58,1.22,0.55,0.56,0.83,0.84,0.64,0.91,FALSE,FALSE,FALSE,FALSE,FALSE,FALSE,FALSE,FALSE,FALSE,FALSE,FALSE,FALSE,FALSE,FALSE,FALSE,FALSE,FALSE,FALSE,FALSE,FALSE
1822,1.24,0.86,1.31,1.06,0.8,1.23,1.04,1.51,1.14,0.83,1.24,0.84,1.81,1.1,0.68,0.56,0.69,0.86,0.77,0.94,FALSE,FALSE,FALSE,FALSE,FALSE,FALSE,FALSE,FALSE,FALSE,FALSE,FALSE,FALSE,FALSE,FALSE,FALSE,FALSE,FALSE,FALSE,FALSE,FALSE
1823,1.49,0.73,0.96,1.46,0.46,1.07,0.99,1.54,1.19,0.79,1.89,0.94,2.18,0.87,0.96,0.51,0.75,0.72,0.97,1.01,FALSE,FALSE,FALSE,FALSE,FALSE,FALSE,FALSE,FALSE,FALSE,FALSE,FALSE,FALSE,FALSE,FALSE,FALSE,FALSE,FALSE,FALSE,FALSE,FALSE
1824,1.7,0.8,1.22,1.59,0.43,1.09,0.93,1.77,1.08,0.59,1.42,0.79,2.08,0.85,0.91,0.65,0.84,0.99,1.01,1.18,FALSE,FALSE,FALSE,FALSE,FALSE,FALSE,FALSE,FALSE,FALSE,FALSE,FALSE,FALSE,FALSE,FALSE,FALSE,FALSE,FALSE,FALSE,FALSE,FALSE
1825,2.01,1.07,1.31,1.81,0.53,0.88,1.11,1.59,1.24,0.69,1.5,0.81,2.3,0.91,1.07,0.69,0.85,1.19,1.17,1.15,FALSE,FALSE,FALSE,FALSE,FALSE,FALSE,FALSE,FALSE,FALSE,FALSE,FALSE,FALSE,FALSE,FALSE,FALSE,FALSE,FALSE,FALSE,FALSE,FALSE
1826,2.05,0.88,1.36,1.92,0.57,0.95,1.02,1.56,1.37,0.91,1.69,0.84,1.66,1.27,1.13,0.64,0.93,1.14,1.22,1.03,FALSE,FALSE,FALSE,FALSE,FALSE,FALSE,FALSE,FALSE,FALSE,FALSE,FALSE,FALSE,FALSE,FALSE,FALSE,FALSE,FALSE,FALSE,FALSE,FALSE
1827,2.29,0.93,1.21,1.64,0.38,0.99,0.94,1.14,1.44,1.25,1.5,1.17,1.82,1.07,1,0.53,0.88,1.25,1.19,1.03,FALSE,FALSE,FALSE,FALSE,FALSE,FALSE,FALSE,FALSE,FALSE,FALSE,FALSE,FALSE,FALSE,FALSE,FALSE,FALSE,FALSE,FALSE,FALSE,FALSE
1828,2.76,0.94,1.26,1.62,0.49,1.02,0.67,1.04,0.68,1.22,1.54,0.97,2.13,1.17,1.06,0.69,1.5,1.46,1.31,1.45,FALSE,FALSE,FALSE,FALSE,FALSE,FALSE,FALSE,FALSE,FALSE,FALSE,FALSE,FALSE,FALSE,FALSE,FALSE,FALSE,FALSE,FALSE,FALSE,FALSE
1829,2.52,1,1.43,1.74,0.56,1.54,0.55,1.33,0.84,1.12,1.48,0.76,2.03,1.21,1.01,0.76,1.43,1.33,1.4,1.35,FALSE,FALSE,FALSE,FALSE,FALSE,FALSE,FALSE,FALSE,FALSE,FALSE,FALSE,FALSE,FALSE,FALSE,FALSE,FALSE,FALSE,FALSE,FALSE,FALSE
1830,2.45,0.77,1.26,1.35,0.51,1.3,0.61,0.99,0.49,0.92,1.14,0.62,1.28,1.01,0.96,0.43,0.86,0.96,1.15,0.68,FALSE,FALSE,FALSE,FALSE,FALSE,FALSE,FALSE,FALSE,FALSE,FALSE,FALSE,FALSE,FALSE,FALSE,FALSE,FALSE,FALSE,FALSE,FALSE,FALSE
1831,2.37,0.85,1.17,1.47,0.51,1.65,0.92,1.13,0.99,1.16,1.21,0.87,1.87,1.1,0.98,0.66,1.2,0.8,1.23,1.1,FALSE,FALSE,FALSE,FALSE,FALSE,FALSE,FALSE,FALSE,FALSE,FALSE,FALSE,FALSE,FALSE,FALSE,FALSE,FALSE,FALSE,FALSE,FALSE,FALSE
1832,2.42,0.73,0.89,1.03,0.44,1.37,0.58,1.19,0.56,1.07,1.94,0.65,1.82,1.32,0.79,0.62,1.02,1.14,1.55,0.95,FALSE,FALSE,FALSE,FALSE,FALSE,FALSE,FALSE,FALSE,FALSE,FALSE,FALSE,FALSE,FALSE,FALSE,FALSE,FALSE,FALSE,FALSE,FALSE,FALSE
1833,2.4,0.85,1.26,1.13,0.51,2.09,0.71,1.41,0.63,1.1,1.74,0.69,1.81,1.18,1.01,0.8,0.89,1.07,1.75,1.2,FALSE,FALSE,FALSE,FALSE,FALSE,FALSE,FALSE,FALSE,FALSE,FALSE,FALSE,FALSE,FALSE,FALSE,FALSE,FALSE,FALSE,FALSE,FALSE,FALSE
1834,2.65,0.86,1.35,1.53,0.56,2.35,0.65,1.61,0.76,1.07,2,0.94,2.03,1.26,0.92,0.94,0.86,1.17,2.67,1.16,FALSE,FALSE,FALSE,FALSE,FALSE,FALSE,FALSE,FALSE,FALSE,FALSE,FALSE,FALSE,FALSE,FALSE,FALSE,FALSE,FALSE,FALSE,TRUE,FALSE
1835,2.26,0.8,0.99,1.27,0.4,1.37,0.51,1.11,0.68,0.67,1.52,0.62,1.28,0.92,0.84,0.7,0.65,0.9,1.28,0.99,FALSE,FALSE,FALSE,FALSE,FALSE,FALSE,FALSE,FALSE,FALSE,FALSE,FALSE,FALSE,FALSE,FALSE,FALSE,FALSE,FALSE,FALSE,FALSE,FALSE
1836,2.18,0.56,0.85,1.28,0.29,1.55,0.66,0.79,0.86,0.64,1.22,0.55,1.28,0.93,0.69,0.49,0.61,0.99,1.29,1.04,FALSE,FALSE,FALSE,FALSE,FALSE,FALSE,FALSE,FALSE,FALSE,FALSE,FALSE,FALSE,FALSE,FALSE,FALSE,FALSE,FALSE,FALSE,FALSE,FALSE
1837,2.85,1.03,1.36,2.12,0.48,2.23,0.98,1.43,1.24,1.03,1.67,0.86,2.11,1.54,0.95,1,1.1,1.42,1.67,1.6,FALSE,FALSE,FALSE,FALSE,FALSE,FALSE,FALSE,FALSE,FALSE,FALSE,FALSE,FALSE,FALSE,FALSE,FALSE,FALSE,FALSE,FALSE,FALSE,FALSE
1838,2.45,0.67,0.96,1.55,0.47,2.48,0.91,1.15,0.79,0.81,1.1,0.44,2.15,1.61,1.04,1.08,1.5,1.43,1.48,1.13,FALSE,FALSE,FALSE,FALSE,FALSE,FALSE,FALSE,FALSE,FALSE,FALSE,FALSE,FALSE,FALSE,FALSE,FALSE,FALSE,FALSE,FALSE,FALSE,FALSE
1839,3.33,0.87,1.46,1.82,0.51,3.72,0.7,1.61,1.18,1.42,1.61,0.89,2.88,1.64,1.04,1.57,1.2,1.88,2.14,1.28,FALSE,FALSE,FALSE,FALSE,FALSE,TRUE,FALSE,FALSE,FALSE,FALSE,FALSE,FALSE,FALSE,FALSE,FALSE,FALSE,FALSE,FALSE,FALSE,FALSE
1840,1.88,0.5,0.71,0.82,0.37,1.5,0.43,0.99,0.44,0.71,0.89,0.46,1.31,1,0.63,0.26,0.54,0.78,0.93,0.65,FALSE,FALSE,FALSE,FALSE,FALSE,FALSE,FALSE,FALSE,FALSE,FALSE,FALSE,FALSE,FALSE,FALSE,FALSE,FALSE,FALSE,FALSE,FALSE,FALSE
1841,2.83,0.74,1.18,1.45,0.59,1.87,0.61,1.36,1.09,1.03,1.36,0.85,2.3,1.22,0.9,0.96,0.89,1.22,1.4,0.93,FALSE,FALSE,FALSE,FALSE,FALSE,FALSE,FALSE,FALSE,FALSE,FALSE,FALSE,FALSE,FALSE,FALSE,FALSE,FALSE,FALSE,FALSE,FALSE,FALSE
1842,1.89,0.62,0.92,0.96,0.54,1.11,0.55,0.9,0.95,0.86,0.86,0.76,1.83,1.15,0.8,0.93,0.73,0.8,1.13,0.89,FALSE,FALSE,FALSE,FALSE,FALSE,FALSE,FALSE,FALSE,FALSE,FALSE,FALSE,FALSE,FALSE,FALSE,FALSE,FALSE,FALSE,FALSE,FALSE,FALSE
1843,2.6,0.85,0.97,1.19,0.72,1.47,0.52,1.05,0.96,0.93,1.66,1.02,2.56,1.16,0.92,1.16,0.96,0.95,1.35,1.14,FALSE,FALSE,FALSE,FALSE,FALSE,FALSE,FALSE,FALSE,FALSE,FALSE,FALSE,FALSE,FALSE,FALSE,FALSE,FALSE,FALSE,FALSE,FALSE,FALSE
1844,2.22,0.73,1.1,1.25,0.5,1.19,0.32,1.05,0.68,0.55,1.2,0.9,1.96,1.09,0.7,0.88,0.89,0.91,1.04,0.82,FALSE,FALSE,FALSE,FALSE,FALSE,FALSE,FALSE,FALSE,FALSE,FALSE,FALSE,FALSE,FALSE,FALSE,FALSE,FALSE,FALSE,FALSE,FALSE,FALSE
1845,1.52,0.47,0.52,1.07,0.28,0.78,0.38,0.6,0.51,0.17,0.96,0.56,1.75,0.72,0.5,0.34,0.72,0.58,0.77,0.76,FALSE,FALSE,FALSE,FALSE,FALSE,FALSE,FALSE,FALSE,FALSE,FALSE,FALSE,FALSE,FALSE,FALSE,FALSE,FALSE,FALSE,FALSE,FALSE,FALSE
1846,2.45,0.82,1.11,1.66,0.39,1.39,0.45,1.28,1.12,0.75,1.3,1.23,2.96,1.16,0.92,1.4,1.19,1.2,1.44,1,FALSE,FALSE,FALSE,FALSE,FALSE,FALSE,FALSE,FALSE,FALSE,FALSE,FALSE,FALSE,FALSE,FALSE,FALSE,FALSE,FALSE,FALSE,FALSE,FALSE
1847,1.55,0.48,0.38,0.69,0.32,1.01,0.33,0.91,0.67,0.6,0.54,0.63,1.52,0.42,0.65,0.68,0.61,0.51,0.66,0.44,FALSE,FALSE,FALSE,FALSE,FALSE,FALSE,FALSE,FALSE,FALSE,FALSE,FALSE,FALSE,FALSE,FALSE,FALSE,FALSE,FALSE,FALSE,FALSE,FALSE
1848,1.42,0.72,0.44,1.05,0.28,0.72,0.47,1.06,1.26,0.7,1.2,0.8,1.99,1.07,0.86,0.98,1.3,1.09,1,0.82,FALSE,FALSE,FALSE,FALSE,FALSE,FALSE,FALSE,FALSE,FALSE,FALSE,FALSE,FALSE,FALSE,FALSE,FALSE,FALSE,FALSE,FALSE,FALSE,FALSE
1849,1.33,0.52,0.36,0.82,0.2,0.52,0.45,1.06,1.01,0.56,0.92,0.75,1.47,1.08,0.43,0.99,1.18,1.01,1.02,0.67,FALSE,FALSE,FALSE,FALSE,FALSE,FALSE,FALSE,FALSE,FALSE,FALSE,FALSE,FALSE,FALSE,FALSE,FALSE,FALSE,FALSE,FALSE,FALSE,FALSE
1850,1.67,0.6,0.36,1.12,0.3,0.87,0.56,1.36,1.06,0.81,1,0.89,1.45,1,0.53,1.14,1.4,0.82,1.09,0.81,FALSE,FALSE,FALSE,FALSE,FALSE,FALSE,FALSE,FALSE,FALSE,FALSE,FALSE,FALSE,FALSE,FALSE,FALSE,FALSE,FALSE,FALSE,FALSE,FALSE
1851,1.83,0.59,0.64,1.2,0.42,1.13,0.67,1.62,1.34,1.01,1.33,1.04,2.05,0.94,0.67,1.43,1.39,1.18,1.28,0.95,FALSE,FALSE,FALSE,FALSE,FALSE,FALSE,FALSE,FALSE,FALSE,FALSE,FALSE,FALSE,FALSE,FALSE,FALSE,FALSE,FALSE,FALSE,FALSE,FALSE
1852,1.86,0.69,0.66,1.25,0.38,1.39,0.49,1.58,1.14,0.77,0.98,1.01,2.02,0.92,0.66,1.51,1.03,1.24,1.32,0.78,FALSE,FALSE,FALSE,FALSE,FALSE,FALSE,FALSE,FALSE,FALSE,FALSE,FALSE,FALSE,FALSE,FALSE,FALSE,FALSE,FALSE,FALSE,FALSE,FALSE
1853,1.26,0.54,0.57,0.98,0.47,0.81,0.69,1.12,0.86,0.67,0.65,0.66,1.46,0.71,0.62,0.76,0.77,0.82,0.78,0.74,FALSE,FALSE,FALSE,FALSE,FALSE,FALSE,FALSE,FALSE,FALSE,FALSE,FALSE,FALSE,FALSE,FALSE,FALSE,FALSE,FALSE,FALSE,FALSE,FALSE
1854,2.28,0.66,0.76,1.66,0.5,1.9,1.1,1.85,1.37,0.82,0.95,0.97,1.9,1.27,0.85,1.94,1.32,1.19,1.51,1.07,FALSE,FALSE,FALSE,FALSE,FALSE,FALSE,FALSE,FALSE,FALSE,FALSE,FALSE,FALSE,FALSE,FALSE,FALSE,FALSE,FALSE,FALSE,FALSE,FALSE
1855,2.24,0.61,0.85,1.61,0.49,2.36,0.83,1.51,1.58,0.79,0.95,1.02,2.36,0.97,0.75,1.9,1.21,1.44,1.59,0.98,FALSE,FALSE,FALSE,FALSE,FALSE,FALSE,FALSE,FALSE,FALSE,FALSE,FALSE,FALSE,FALSE,FALSE,FALSE,FALSE,FALSE,FALSE,FALSE,FALSE
1856,1.72,0.52,0.62,1.57,0.5,1.53,0.75,0.98,1.23,0.56,1.02,0.74,1.92,0.86,0.66,1.34,0.92,1.42,1.43,0.98,FALSE,FALSE,FALSE,FALSE,FALSE,FALSE,FALSE,FALSE,FALSE,FALSE,FALSE,FALSE,FALSE,FALSE,FALSE,FALSE,FALSE,FALSE,FALSE,FALSE
1857,1.82,0.8,0.83,1.52,0.58,1.38,0.92,0.85,1.35,0.69,1.08,0.86,1.88,0.87,0.99,1.02,1.37,1.7,1.78,1.18,FALSE,FALSE,FALSE,FALSE,FALSE,FALSE,FALSE,FALSE,FALSE,FALSE,FALSE,FALSE,FALSE,FALSE,FALSE,FALSE,FALSE,FALSE,FALSE,FALSE
1858,1.94,0.86,0.81,1.78,0.56,1.28,0.94,1.1,1.67,0.79,1.52,0.94,2.08,1.06,1.28,1.42,1.62,1.58,1.58,1.3,FALSE,FALSE,FALSE,FALSE,FALSE,FALSE,FALSE,FALSE,FALSE,FALSE,FALSE,FALSE,FALSE,FALSE,FALSE,FALSE,FALSE,FALSE,FALSE,FALSE
1859,1.68,0.79,1.01,1.23,0.77,1.45,0.74,0.97,1.62,0.69,1.43,1.1,1.33,0.77,0.82,1.15,1.37,1.19,1.08,1.04,FALSE,FALSE,FALSE,FALSE,FALSE,FALSE,FALSE,FALSE,FALSE,FALSE,FALSE,FALSE,FALSE,FALSE,FALSE,FALSE,FALSE,FALSE,FALSE,FALSE
1860,2.01,0.66,1.03,1.43,0.72,1.66,0.67,1.08,1.79,0.77,1.64,1.36,1.9,0.87,0.89,1.65,1.83,1.65,1.32,1.21,FALSE,FALSE,FALSE,FALSE,FALSE,FALSE,FALSE,FALSE,FALSE,FALSE,FALSE,FALSE,FALSE,FALSE,FALSE,FALSE,FALSE,FALSE,FALSE,FALSE
1861,1.83,0.56,0.7,1.07,0.75,1.06,0.72,0.79,1.22,0.39,1.62,0.8,1.73,0.64,0.92,0.96,1.53,1.6,1.17,1.05,FALSE,FALSE,FALSE,FALSE,FALSE,FALSE,FALSE,FALSE,FALSE,FALSE,FALSE,FALSE,FALSE,FALSE,FALSE,FALSE,FALSE,FALSE,FALSE,FALSE
1862,1.25,0.54,0.41,1.02,1,0.59,0.49,0.56,0.83,0.24,1.46,0.43,1.3,0.41,0.79,0.49,0.82,0.63,0.52,0.85,FALSE,FALSE,FALSE,FALSE,FALSE,FALSE,FALSE,FALSE,FALSE,FALSE,FALSE,FALSE,FALSE,FALSE,FALSE,FALSE,FALSE,FALSE,FALSE,FALSE
1863,2.42,1.06,1.13,1.82,1.59,1.13,1.07,1.23,1.83,1.18,2.68,2.11,3.65,1.48,1.2,1.86,1.98,0.82,2.46,1.51,FALSE,FALSE,FALSE,FALSE,FALSE,FALSE,FALSE,FALSE,FALSE,FALSE,TRUE,TRUE,TRUE,FALSE,FALSE,FALSE,FALSE,FALSE,TRUE,FALSE
1864,2.27,0.65,0.74,1.94,1.17,0.8,0.86,0.97,1.8,0.63,1.98,2.03,3.2,0.79,0.79,1.56,1.98,0.7,1.81,1.22,FALSE,FALSE,FALSE,FALSE,FALSE,FALSE,FALSE,FALSE,FALSE,FALSE,FALSE,TRUE,FALSE,FALSE,FALSE,FALSE,FALSE,FALSE,FALSE,FALSE
1865,2.27,0.79,0.79,1.53,0.88,0.72,0.86,0.85,1.73,0.55,1.76,1.4,3.18,0.89,1.13,1.7,2.45,0.8,1.59,1.11,FALSE,FALSE,FALSE,FALSE,FALSE,FALSE,FALSE,FALSE,FALSE,FALSE,FALSE,FALSE,FALSE,FALSE,FALSE,FALSE,TRUE,FALSE,FALSE,FALSE
1866,2.01,0.5,0.35,0.97,0.67,0.46,0.68,0.5,0.92,0.33,1.18,1.01,1.86,0.8,0.85,0.55,2.06,0.72,1.14,0.66,FALSE,FALSE,FALSE,FALSE,FALSE,FALSE,FALSE,FALSE,FALSE,FALSE,FALSE,FALSE,FALSE,FALSE,FALSE,FALSE,FALSE,FALSE,FALSE,FALSE
1867,2.35,0.77,0.81,1.56,0.84,0.56,1.1,0.69,1.49,0.6,1.78,1.06,2.41,0.72,0.91,1,2.61,0.69,1.4,1.17,FALSE,FALSE,FALSE,FALSE,FALSE,FALSE,FALSE,FALSE,FALSE,FALSE,FALSE,FALSE,FALSE,FALSE,FALSE,FALSE,TRUE,FALSE,FALSE,FALSE
1868,2.62,0.55,0.87,1.59,0.59,0.54,0.84,0.79,1.04,0.52,2.35,1.14,2.31,0.91,0.9,0.82,2.36,0.88,1.2,1.03,FALSE,FALSE,FALSE,FALSE,FALSE,FALSE,FALSE,FALSE,FALSE,FALSE,FALSE,FALSE,FALSE,FALSE,FALSE,FALSE,TRUE,FALSE,FALSE,FALSE
1869,2.45,0.61,0.84,1.38,0.53,0.91,0.96,1.16,1.99,0.56,1.84,1.04,2.89,0.97,1,1.51,1.83,0.88,1.2,1.12,FALSE,FALSE,FALSE,FALSE,FALSE,FALSE,FALSE,FALSE,FALSE,FALSE,FALSE,FALSE,FALSE,FALSE,FALSE,FALSE,FALSE,FALSE,FALSE,FALSE
1870,2.02,0.75,0.82,1.35,0.51,0.69,0.8,0.91,1.5,0.48,1.34,0.86,2.36,0.96,0.79,1.5,1.66,0.8,1.04,0.87,FALSE,FALSE,FALSE,FALSE,FALSE,FALSE,FALSE,FALSE,FALSE,FALSE,FALSE,FALSE,FALSE,FALSE,FALSE,FALSE,FALSE,FALSE,FALSE,FALSE
1871,1.53,0.89,0.77,1.35,0.46,0.64,1.15,0.81,1.71,0.56,1.11,0.87,1.85,0.83,0.85,1.22,1.79,0.78,0.9,0.7,FALSE,FALSE,FALSE,FALSE,FALSE,FALSE,FALSE,FALSE,FALSE,FALSE,FALSE,FALSE,FALSE,FALSE,FALSE,FALSE,FALSE,FALSE,FALSE,FALSE
1872,1.92,0.92,0.71,1.53,0.52,0.82,0.96,0.81,1.85,0.55,1.35,1.07,1.63,0.86,0.73,1.41,1.73,0.82,0.98,0.7,FALSE,FALSE,FALSE,FALSE,FALSE,FALSE,FALSE,FALSE,FALSE,FALSE,FALSE,FALSE,FALSE,FALSE,FALSE,FALSE,FALSE,FALSE,FALSE,FALSE
1873,2.02,0.93,0.66,1.41,0.58,1.04,0.87,0.83,2.39,0.52,1.74,1.15,1.75,0.95,0.71,1.41,1.64,0.74,0.94,0.99,FALSE,FALSE,FALSE,FALSE,FALSE,FALSE,FALSE,FALSE,FALSE,FALSE,FALSE,FALSE,FALSE,FALSE,FALSE,FALSE,FALSE,FALSE,FALSE,FALSE
1874,2.4,0.91,0.86,1.37,0.46,1.33,1.15,1.42,2.8,0.68,1.65,1.15,2.07,0.95,1.04,1.74,1.91,1.12,0.99,1.15,FALSE,FALSE,FALSE,FALSE,FALSE,FALSE,FALSE,FALSE,FALSE,FALSE,FALSE,FALSE,FALSE,FALSE,FALSE,FALSE,FALSE,FALSE,FALSE,FALSE
1875,2.37,0.94,0.79,1.45,0.55,1.47,1.03,1.51,2.74,0.74,1.98,1.11,2.35,1.1,1.06,1.95,2.33,1.39,1.04,1.12,FALSE,FALSE,FALSE,FALSE,FALSE,FALSE,FALSE,FALSE,FALSE,FALSE,FALSE,FALSE,FALSE,FALSE,FALSE,FALSE,TRUE,FALSE,FALSE,FALSE
1876,1.36,0.59,0.41,0.98,0.53,0.82,0.65,0.72,1.71,0.32,0.98,0.66,1.43,0.36,0.71,0.91,1.27,0.44,0.69,0.64,FALSE,FALSE,FALSE,FALSE,FALSE,FALSE,FALSE,FALSE,FALSE,FALSE,FALSE,FALSE,FALSE,FALSE,FALSE,FALSE,FALSE,FALSE,FALSE,FALSE
1877,2.47,0.97,0.89,1.97,0.97,1.53,1.07,1.33,3.27,0.8,1.83,1.3,3.31,0.91,1,1.97,2.14,1.5,1.3,0.9,FALSE,FALSE,FALSE,FALSE,FALSE,FALSE,FALSE,FALSE,TRUE,FALSE,FALSE,FALSE,FALSE,FALSE,FALSE,FALSE,FALSE,FALSE,FALSE,FALSE
1878,2.22,0.91,0.69,1.72,0.87,1,0.95,0.99,1.87,0.69,1.57,0.96,2.43,0.75,0.88,1.78,1.88,1.67,1.14,0.93,FALSE,FALSE,FALSE,FALSE,FALSE,FALSE,FALSE,FALSE,FALSE,FALSE,FALSE,FALSE,FALSE,FALSE,FALSE,FALSE,FALSE,FALSE,FALSE,FALSE
1879,2.15,0.94,0.77,1.79,0.89,0.92,1.06,1.11,1.99,0.72,2.23,1.13,2.72,0.94,1.08,1.51,1.61,1.59,1.17,1.18,FALSE,FALSE,FALSE,FALSE,FALSE,FALSE,FALSE,FALSE,FALSE,FALSE,FALSE,FALSE,FALSE,FALSE,FALSE,FALSE,FALSE,FALSE,FALSE,FALSE
1880,1.39,0.78,0.51,1.05,0.79,1,0.94,0.55,0.93,0.41,1.04,0.59,1.45,0.66,0.87,1,1.27,1.25,0.78,0.99,FALSE,FALSE,FALSE,FALSE,FALSE,FALSE,FALSE,FALSE,FALSE,FALSE,FALSE,FALSE,FALSE,FALSE,FALSE,FALSE,FALSE,FALSE,FALSE,FALSE
1881,2.1,1.14,0.77,2.07,1.57,1.26,0.92,0.78,1.5,0.67,1.53,0.99,2.28,1.09,1.09,1.29,1.21,1.72,1.54,1.26,FALSE,FALSE,FALSE,FALSE,FALSE,FALSE,FALSE,FALSE,FALSE,FALSE,FALSE,FALSE,FALSE,FALSE,FALSE,FALSE,FALSE,FALSE,FALSE,FALSE
1882,1.26,0.84,0.59,0.7,1.07,0.73,0.58,0.45,0.87,0.37,1.12,0.94,1.67,0.81,1.07,0.8,1.42,0.91,1.05,0.8,FALSE,FALSE,FALSE,FALSE,FALSE,FALSE,FALSE,FALSE,FALSE,FALSE,FALSE,FALSE,FALSE,FALSE,FALSE,FALSE,FALSE,FALSE,FALSE,FALSE
1883,1.97,0.88,0.47,0.59,0.81,1.09,0.57,0.64,1.25,0.41,1.61,1,1.89,0.63,1,0.79,1.79,1.12,1.17,0.81,FALSE,FALSE,FALSE,FALSE,FALSE,FALSE,FALSE,FALSE,FALSE,FALSE,FALSE,FALSE,FALSE,FALSE,FALSE,FALSE,FALSE,FALSE,FALSE,FALSE
1884,1.84,0.85,0.37,1.04,1.24,0.94,0.67,0.66,0.99,0.4,1.35,0.95,2.09,0.63,1.09,1.2,1.54,1.06,1.4,1.19,FALSE,FALSE,FALSE,FALSE,FALSE,FALSE,FALSE,FALSE,FALSE,FALSE,FALSE,FALSE,FALSE,FALSE,FALSE,FALSE,FALSE,FALSE,FALSE,FALSE
1885,2.08,1.09,0.56,1.45,1.38,1.08,0.53,0.59,1.36,0.63,1.55,0.95,2.23,1.05,1.46,1.58,1.69,1.35,1.63,1.31,FALSE,FALSE,FALSE,FALSE,FALSE,FALSE,FALSE,FALSE,FALSE,FALSE,FALSE,FALSE,FALSE,FALSE,FALSE,FALSE,FALSE,FALSE,FALSE,FALSE
1886,1.91,0.86,0.67,1.24,0.84,0.68,0.52,0.56,1.4,0.56,1.31,0.83,2.18,0.96,1.05,1.27,1.3,1.11,1.26,0.78,FALSE,FALSE,FALSE,FALSE,FALSE,FALSE,FALSE,FALSE,FALSE,FALSE,FALSE,FALSE,FALSE,FALSE,FALSE,FALSE,FALSE,FALSE,FALSE,FALSE
1887,2.08,0.94,0.51,1.11,0.65,0.69,0.53,0.44,1.52,0.54,1.39,1.01,1.95,0.8,0.96,0.82,1.39,0.82,0.87,0.85,FALSE,FALSE,FALSE,FALSE,FALSE,FALSE,FALSE,FALSE,FALSE,FALSE,FALSE,FALSE,FALSE,FALSE,FALSE,FALSE,FALSE,FALSE,FALSE,FALSE
1888,2.43,1.25,0.75,1.57,0.76,0.96,0.71,0.69,2.18,0.72,1.69,1.38,2.79,1.22,1.14,1.57,1.42,1.1,1.38,1.2,FALSE,FALSE,FALSE,FALSE,FALSE,FALSE,FALSE,FALSE,FALSE,FALSE,FALSE,FALSE,FALSE,FALSE,FALSE,FALSE,FALSE,FALSE,FALSE,FALSE
1889,2.6,1.08,0.9,1.33,0.71,0.76,0.62,0.77,2.05,0.72,2.05,1.11,2.49,0.96,0.98,1.52,1.11,0.94,1.1,0.68,FALSE,FALSE,FALSE,FALSE,FALSE,FALSE,FALSE,FALSE,FALSE,FALSE,FALSE,FALSE,FALSE,FALSE,FALSE,FALSE,FALSE,FALSE,FALSE,FALSE
1890,1.91,0.87,0.71,1,0.79,0.66,0.59,0.6,1.28,0.76,1.33,0.97,1.74,0.94,0.79,1.16,0.93,0.91,0.83,0.66,FALSE,FALSE,FALSE,FALSE,FALSE,FALSE,FALSE,FALSE,FALSE,FALSE,FALSE,FALSE,FALSE,FALSE,FALSE,FALSE,FALSE,FALSE,FALSE,FALSE
1891,1.97,0.87,0.71,1.38,0.93,0.85,0.74,0.64,1.63,0.76,1.6,1.07,1.99,0.96,0.84,1.34,1.01,1.02,1.01,0.93,FALSE,FALSE,FALSE,FALSE,FALSE,FALSE,FALSE,FALSE,FALSE,FALSE,FALSE,FALSE,FALSE,FALSE,FALSE,FALSE,FALSE,FALSE,FALSE,FALSE
1892,1.67,0.75,0.72,1.28,1.06,1.06,0.86,0.7,1.33,0.85,1.38,1.2,2.05,0.87,0.81,1.14,0.82,1.23,1.01,0.95,FALSE,FALSE,FALSE,FALSE,FALSE,FALSE,FALSE,FALSE,FALSE,FALSE,FALSE,FALSE,FALSE,FALSE,FALSE,FALSE,FALSE,FALSE,FALSE,FALSE
1893,1.54,0.7,0.55,1.14,0.87,0.84,0.83,0.69,1.13,0.69,1.27,0.95,1.68,0.86,0.73,0.97,0.81,1.12,0.94,1.01,FALSE,FALSE,FALSE,FALSE,FALSE,FALSE,FALSE,FALSE,FALSE,FALSE,FALSE,FALSE,FALSE,FALSE,FALSE,FALSE,FALSE,FALSE,FALSE,FALSE
1894,1.42,0.63,0.53,1.1,1.35,0.81,0.97,0.41,0.88,0.53,0.48,0.68,1.45,0.61,0.75,0.63,0.59,0.91,0.74,0.96,FALSE,FALSE,FALSE,FALSE,FALSE,FALSE,FALSE,FALSE,FALSE,FALSE,FALSE,FALSE,FALSE,FALSE,FALSE,FALSE,FALSE,FALSE,FALSE,FALSE
1895,2.05,1.01,0.91,1.57,1.14,1.23,1.55,1.12,1.64,0.9,1.74,1.25,2.25,1.17,1.17,1.45,1.73,1.48,1.25,1.37,FALSE,FALSE,FALSE,FALSE,FALSE,FALSE,FALSE,FALSE,FALSE,FALSE,FALSE,FALSE,FALSE,FALSE,FALSE,FALSE,FALSE,FALSE,FALSE,FALSE
1896,1.25,0.54,0.54,0.75,0.62,0.66,1.07,0.78,1.02,0.37,1.1,0.67,0.96,0.54,0.82,0.87,1.02,0.88,1.02,0.94,FALSE,FALSE,FALSE,FALSE,FALSE,FALSE,FALSE,FALSE,FALSE,FALSE,FALSE,FALSE,FALSE,FALSE,FALSE,FALSE,FALSE,FALSE,FALSE,FALSE
1897,1.85,0.68,0.65,1.17,1.37,0.96,1.38,0.95,1.36,0.84,1.14,1.06,1.74,0.98,0.98,1.44,1.33,1.35,1.57,1.24,FALSE,FALSE,FALSE,FALSE,FALSE,FALSE,FALSE,FALSE,FALSE,FALSE,FALSE,FALSE,FALSE,FALSE,FALSE,FALSE,FALSE,FALSE,FALSE,FALSE
1898,1.78,0.64,0.77,1.31,1.37,0.99,1.12,0.96,1.52,0.75,1.47,0.88,2.12,1.12,1.2,1.72,1.39,1.35,1.49,1.35,FALSE,FALSE,FALSE,FALSE,FALSE,FALSE,FALSE,FALSE,FALSE,FALSE,FALSE,FALSE,FALSE,FALSE,FALSE,FALSE,FALSE,FALSE,FALSE,FALSE
1899,0.76,0.27,0.32,0.66,1.05,0.43,0.45,0.26,0.6,0.29,0.59,0.35,0.58,0.37,0.69,0.39,0.62,0.46,0.51,0.64,FALSE,FALSE,FALSE,FALSE,FALSE,FALSE,FALSE,FALSE,FALSE,FALSE,FALSE,FALSE,FALSE,FALSE,FALSE,FALSE,FALSE,FALSE,FALSE,FALSE
1900,2.02,0.78,0.74,1.57,1.59,1.07,1.16,0.94,1.54,1.05,1.38,0.85,2.41,1.21,1.1,1.37,1.36,1.2,1.37,1.06,FALSE,FALSE,FALSE,FALSE,FALSE,FALSE,FALSE,FALSE,FALSE,FALSE,FALSE,FALSE,FALSE,FALSE,FALSE,FALSE,FALSE,FALSE,FALSE,FALSE
1901,2.2,0.75,0.63,1.4,1.47,1.06,1.03,0.89,1.38,1.14,1.48,1.23,2.15,1.14,1.14,1.56,1.47,1.23,1.13,0.94,FALSE,FALSE,FALSE,FALSE,FALSE,FALSE,FALSE,FALSE,FALSE,FALSE,FALSE,FALSE,FALSE,FALSE,FALSE,FALSE,FALSE,FALSE,FALSE,FALSE
1902,1.94,0.49,0.71,1.23,1.24,1.09,0.86,0.87,1.63,1.13,1.9,1.04,2.29,1.08,0.92,1.45,1.12,1.5,1.04,0.82,FALSE,FALSE,FALSE,FALSE,FALSE,FALSE,FALSE,FALSE,FALSE,FALSE,FALSE,FALSE,FALSE,FALSE,FALSE,FALSE,FALSE,FALSE,FALSE,FALSE
1903,2,0.52,0.58,1.43,0.97,1.21,1.08,0.75,1.53,1.27,2.24,1.03,2.22,1.23,0.86,1.23,1.2,1.25,1.32,0.84,FALSE,FALSE,FALSE,FALSE,FALSE,FALSE,FALSE,FALSE,FALSE,FALSE,FALSE,FALSE,FALSE,FALSE,FALSE,FALSE,FALSE,FALSE,FALSE,FALSE
1904,1.96,0.64,0.72,1.79,1.93,1.01,1.35,0.69,1.69,1.23,2.9,1.18,2.59,1.37,1.3,1.51,1.26,1.44,1.37,0.98,FALSE,FALSE,FALSE,FALSE,FALSE,FALSE,FALSE,FALSE,FALSE,FALSE,TRUE,FALSE,FALSE,FALSE,FALSE,FALSE,FALSE,FALSE,FALSE,FALSE
1905,2.12,0.73,0.8,1.62,1.34,1.66,1.32,0.96,2.19,1.36,2.7,1.23,2.74,1.25,1.43,1.82,1.21,1.58,1.44,0.97,FALSE,FALSE,FALSE,FALSE,FALSE,FALSE,FALSE,FALSE,FALSE,FALSE,TRUE,FALSE,FALSE,FALSE,FALSE,FALSE,FALSE,FALSE,FALSE,FALSE
1906,2.19,0.5,0.57,1.1,0.92,1.12,1.09,0.75,1.54,1.03,1.58,0.94,2.13,0.87,0.93,1.5,1.07,0.99,1.04,0.75,FALSE,FALSE,FALSE,FALSE,FALSE,FALSE,FALSE,FALSE,FALSE,FALSE,FALSE,FALSE,FALSE,FALSE,FALSE,FALSE,FALSE,FALSE,FALSE,FALSE
1907,1.98,0.54,0.62,1.2,1.06,1.14,0.97,0.61,1.54,0.98,1.17,0.79,1.69,0.72,0.89,1.2,1,1.15,1.04,0.83,FALSE,FALSE,FALSE,FALSE,FALSE,FALSE,FALSE,FALSE,FALSE,FALSE,FALSE,FALSE,FALSE,FALSE,FALSE,FALSE,FALSE,FALSE,FALSE,FALSE
1908,1.78,0.75,0.75,0.96,1.09,1,1.13,0.88,2.01,1.21,1.22,1.01,2.31,1.01,0.78,1.79,1.16,1.27,1.07,0.8,FALSE,FALSE,FALSE,FALSE,FALSE,FALSE,FALSE,FALSE,FALSE,FALSE,FALSE,FALSE,FALSE,FALSE,FALSE,FALSE,FALSE,FALSE,FALSE,FALSE
1909,1.63,0.47,0.54,0.95,1.13,1.03,1.2,0.87,1.44,1.31,1.02,0.75,1.86,0.72,0.9,1.21,0.94,1.17,1,0.55,FALSE,FALSE,FALSE,FALSE,FALSE,FALSE,FALSE,FALSE,FALSE,FALSE,FALSE,FALSE,FALSE,FALSE,FALSE,FALSE,FALSE,FALSE,FALSE,FALSE
1910,2.17,0.54,0.84,1.32,1.18,1.27,1.76,1.15,2.57,1.49,1.45,1.27,2.71,1.01,0.99,1.7,1.38,1.19,1.55,0.82,FALSE,FALSE,FALSE,FALSE,FALSE,FALSE,FALSE,FALSE,FALSE,FALSE,FALSE,FALSE,FALSE,FALSE,FALSE,FALSE,FALSE,FALSE,FALSE,FALSE
1911,1.64,0.43,0.77,0.91,1.19,0.86,1.17,1.08,1.84,1.18,1.15,1.01,2.25,0.66,0.9,1.36,1.04,1.02,0.95,0.56,FALSE,FALSE,FALSE,FALSE,FALSE,FALSE,FALSE,FALSE,FALSE,FALSE,FALSE,FALSE,FALSE,FALSE,FALSE,FALSE,FALSE,FALSE,FALSE,FALSE
1912,1.64,0.52,0.76,0.91,0.83,1.03,1.39,0.74,1.58,0.98,1.25,1,1.83,0.83,0.8,1.12,1.08,0.99,1.03,0.6,FALSE,FALSE,FALSE,FALSE,FALSE,FALSE,FALSE,FALSE,FALSE,FALSE,FALSE,FALSE,FALSE,FALSE,FALSE,FALSE,FALSE,FALSE,FALSE,FALSE
1913,1.6,0.66,0.96,1.06,1.05,1.33,1.62,0.87,1.5,1.31,1.69,0.99,2.1,0.98,0.95,1.24,1.4,1.28,1.29,0.77,FALSE,FALSE,FALSE,FALSE,FALSE,FALSE,FALSE,FALSE,FALSE,FALSE,FALSE,FALSE,FALSE,FALSE,FALSE,FALSE,FALSE,FALSE,FALSE,FALSE
1914,2.19,0.86,1,1.36,1.16,1.95,1.87,1.21,2.03,1.58,1.94,1.18,2.51,1.12,1.15,1.56,1.57,1.92,1.63,0.77,FALSE,FALSE,FALSE,FALSE,FALSE,FALSE,FALSE,FALSE,FALSE,FALSE,FALSE,FALSE,FALSE,FALSE,FALSE,FALSE,FALSE,FALSE,FALSE,FALSE
1915,2.24,0.73,0.88,1.31,1.23,1.91,1.44,0.98,2,1.42,1.43,1.12,2.38,0.81,1.06,1.15,1.31,1.59,1.36,0.78,FALSE,FALSE,FALSE,FALSE,FALSE,FALSE,FALSE,FALSE,FALSE,FALSE,FALSE,FALSE,FALSE,FALSE,FALSE,FALSE,FALSE,FALSE,FALSE,FALSE
1916,1.3,0.36,0.32,0.76,0.79,1.12,0.81,0.36,0.69,0.66,0.75,0.44,1.07,0.23,0.8,0.37,1.07,1.13,0.71,0.56,FALSE,FALSE,FALSE,FALSE,FALSE,FALSE,FALSE,FALSE,FALSE,FALSE,FALSE,FALSE,FALSE,FALSE,FALSE,FALSE,FALSE,FALSE,FALSE,FALSE
1917,1.67,0.71,0.76,0.76,0.66,1.2,1.37,0.69,1.85,1.12,1.08,1.02,1.4,0.72,0.89,0.84,1.19,1.25,0.95,0.7,FALSE,FALSE,FALSE,FALSE,FALSE,FALSE,FALSE,FALSE,FALSE,FALSE,FALSE,FALSE,FALSE,FALSE,FALSE,FALSE,FALSE,FALSE,FALSE,FALSE
1918,1.56,0.62,0.71,0.65,0.6,1.03,1.01,0.81,1.77,0.76,0.89,0.65,1.21,0.55,0.75,1,0.66,0.86,0.93,0.46,FALSE,FALSE,FALSE,FALSE,FALSE,FALSE,FALSE,FALSE,FALSE,FALSE,FALSE,FALSE,FALSE,FALSE,FALSE,FALSE,FALSE,FALSE,FALSE,FALSE
1919,1.7,0.59,0.85,0.76,0.69,0.94,1,0.68,1.63,0.84,1.19,0.83,1.38,0.64,0.75,0.91,0.88,1.02,1.06,0.71,FALSE,FALSE,FALSE,FALSE,FALSE,FALSE,FALSE,FALSE,FALSE,FALSE,FALSE,FALSE,FALSE,FALSE,FALSE,FALSE,FALSE,FALSE,FALSE,FALSE
1920,1.73,0.64,0.74,0.74,0.87,1.01,1.24,0.71,1.49,0.86,1.37,0.83,1.31,0.66,0.79,1.15,0.95,1.3,1,0.75,FALSE,FALSE,FALSE,FALSE,FALSE,FALSE,FALSE,FALSE,FALSE,FALSE,FALSE,FALSE,FALSE,FALSE,FALSE,FALSE,FALSE,FALSE,FALSE,FALSE
1921,1.75,0.61,0.64,0.68,0.8,0.86,1.16,0.44,1.37,0.74,1.23,0.96,1.21,0.75,0.72,0.8,0.83,1.24,0.76,0.74,FALSE,FALSE,FALSE,FALSE,FALSE,FALSE,FALSE,FALSE,FALSE,FALSE,FALSE,FALSE,FALSE,FALSE,FALSE,FALSE,FALSE,FALSE,FALSE,FALSE
1922,1.53,0.84,0.82,0.91,0.8,1,1.32,0.77,1.79,1.12,1.28,1.07,1.47,1.1,0.87,1.2,0.94,1.23,1,0.75,FALSE,FALSE,FALSE,FALSE,FALSE,FALSE,FALSE,FALSE,FALSE,FALSE,FALSE,FALSE,FALSE,FALSE,FALSE,FALSE,FALSE,FALSE,FALSE,FALSE
1923,1.52,0.76,0.81,0.83,0.98,1.03,1.05,0.73,1.42,1.02,1.4,0.93,1.29,0.78,0.67,1.26,0.76,1.05,1.07,0.7,FALSE,FALSE,FALSE,FALSE,FALSE,FALSE,FALSE,FALSE,FALSE,FALSE,FALSE,FALSE,FALSE,FALSE,FALSE,FALSE,FALSE,FALSE,FALSE,FALSE
1924,1.88,0.83,0.97,1.03,0.91,1.46,1.1,0.83,1.88,1.44,1.63,1.18,1.72,0.89,0.88,1.53,0.91,1.31,1.29,0.79,FALSE,FALSE,FALSE,FALSE,FALSE,FALSE,FALSE,FALSE,FALSE,FALSE,FALSE,FALSE,FALSE,FALSE,FALSE,FALSE,FALSE,FALSE,FALSE,FALSE
1925,1.87,0.72,0.73,0.59,0.61,1,0.9,0.57,1.69,1.03,1.82,0.74,1.34,0.71,0.83,1.28,0.89,1.12,0.87,0.58,FALSE,FALSE,FALSE,FALSE,FALSE,FALSE,FALSE,FALSE,FALSE,FALSE,FALSE,FALSE,FALSE,FALSE,FALSE,FALSE,FALSE,FALSE,FALSE,FALSE
1926,2.11,0.66,0.94,1.09,1.04,1.8,0.93,0.75,1.84,1.3,1.52,0.93,1.74,0.91,0.96,1.59,0.89,1.56,1.29,0.74,FALSE,FALSE,FALSE,FALSE,FALSE,FALSE,FALSE,FALSE,FALSE,FALSE,FALSE,FALSE,FALSE,FALSE,FALSE,FALSE,FALSE,FALSE,FALSE,FALSE
1927,1.13,0.45,0.67,0.62,0.61,1.01,0.97,0.64,1.45,1,1.21,0.64,1.24,0.53,0.78,1.07,0.81,0.92,0.99,0.62,FALSE,FALSE,FALSE,FALSE,FALSE,FALSE,FALSE,FALSE,FALSE,FALSE,FALSE,FALSE,FALSE,FALSE,FALSE,FALSE,FALSE,FALSE,FALSE,FALSE
1928,1.36,0.54,0.87,0.72,0.7,1.45,1.27,0.7,1.62,1.07,1.33,0.81,1.51,0.7,0.87,1.2,0.76,1.13,1.21,0.83,FALSE,FALSE,FALSE,FALSE,FALSE,FALSE,FALSE,FALSE,FALSE,FALSE,FALSE,FALSE,FALSE,FALSE,FALSE,FALSE,FALSE,FALSE,FALSE,FALSE
1929,1.23,0.6,0.93,0.78,0.7,1.6,1.15,0.86,1.84,1.02,1.5,0.78,1.5,0.61,0.76,1.2,0.79,1.05,1.12,0.78,FALSE,FALSE,FALSE,FALSE,FALSE,FALSE,FALSE,FALSE,FALSE,FALSE,FALSE,FALSE,FALSE,FALSE,FALSE,FALSE,FALSE,FALSE,FALSE,FALSE
1930,1.41,0.58,0.84,0.87,0.73,1.69,0.98,0.71,1.88,1.19,1.39,0.9,1.53,0.7,0.76,1.14,0.84,0.82,1.19,0.66,FALSE,FALSE,FALSE,FALSE,FALSE,FALSE,FALSE,FALSE,FALSE,FALSE,FALSE,FALSE,FALSE,FALSE,FALSE,FALSE,FALSE,FALSE,FALSE,FALSE
1931,1.82,0.62,1.11,1.13,1,1.69,1.08,0.64,1.95,1.19,1.32,1.23,1.89,0.86,0.83,1.27,0.83,1.08,1.41,0.58,FALSE,FALSE,FALSE,FALSE,FALSE,FALSE,FALSE,FALSE,FALSE,FALSE,FALSE,FALSE,FALSE,FALSE,FALSE,FALSE,FALSE,FALSE,FALSE,FALSE
1932,1.52,0.52,0.78,0.91,0.71,1.41,1.09,0.46,1.37,0.86,1.13,0.75,1.39,0.42,0.81,0.86,0.75,0.81,1.15,0.67,FALSE,FALSE,FALSE,FALSE,FALSE,FALSE,FALSE,FALSE,FALSE,FALSE,FALSE,FALSE,FALSE,FALSE,FALSE,FALSE,FALSE,FALSE,FALSE,FALSE
1933,1.75,0.57,0.69,0.84,0.61,1.09,1.05,0.46,1.76,1.06,1.31,0.83,1.67,0.55,0.63,1.51,0.85,0.73,1.1,0.74,FALSE,FALSE,FALSE,FALSE,FALSE,FALSE,FALSE,FALSE,FALSE,FALSE,FALSE,FALSE,FALSE,FALSE,FALSE,FALSE,FALSE,FALSE,FALSE,FALSE
1934,2.4,0.7,0.98,1.73,1.28,2,1.39,0.75,1.96,1.25,1.76,1.07,2.06,0.91,0.92,1.74,0.85,1.24,1.79,0.8,FALSE,FALSE,FALSE,FALSE,FALSE,FALSE,FALSE,FALSE,FALSE,FALSE,FALSE,FALSE,FALSE,FALSE,FALSE,FALSE,FALSE,FALSE,FALSE,FALSE
1935,1.51,0.59,0.82,1.18,1.07,1.61,1.28,0.61,1.35,1.33,1.8,0.92,1.49,0.75,0.59,1.33,0.75,0.83,0.9,0.58,FALSE,FALSE,FALSE,FALSE,FALSE,FALSE,FALSE,FALSE,FALSE,FALSE,FALSE,FALSE,FALSE,FALSE,FALSE,FALSE,FALSE,FALSE,FALSE,FALSE
1936,1.86,0.68,0.95,1.44,0.96,2.12,1.68,0.78,2.26,1.34,2.13,1.12,1.84,0.81,0.89,1.69,0.95,0.82,1.13,0.61,FALSE,FALSE,FALSE,FALSE,FALSE,FALSE,FALSE,FALSE,FALSE,FALSE,FALSE,FALSE,FALSE,FALSE,FALSE,FALSE,FALSE,FALSE,FALSE,FALSE
1937,1.19,0.58,0.8,0.83,0.68,1.44,0.87,0.62,1.62,1.11,1.16,0.81,1.62,0.54,0.65,1.35,0.8,0.76,0.85,0.4,FALSE,FALSE,FALSE,FALSE,FALSE,FALSE,FALSE,FALSE,FALSE,FALSE,FALSE,FALSE,FALSE,FALSE,FALSE,FALSE,FALSE,FALSE,FALSE,FALSE
1938,1.32,0.59,1,1.24,0.8,1.83,1.26,0.78,1.86,1.22,1.25,0.87,1.58,0.8,0.62,1.5,0.67,0.76,1.18,0.5,FALSE,FALSE,FALSE,FALSE,FALSE,FALSE,FALSE,FALSE,FALSE,FALSE,FALSE,FALSE,FALSE,FALSE,FALSE,FALSE,FALSE,FALSE,FALSE,FALSE
1939,1.73,0.69,1.05,1.24,1.01,2.04,1.62,0.91,2.51,1.36,1.59,1.15,2.12,0.83,0.87,1.92,0.97,1.2,1.58,0.75,FALSE,FALSE,FALSE,FALSE,FALSE,FALSE,FALSE,FALSE,FALSE,FALSE,FALSE,FALSE,FALSE,FALSE,FALSE,FALSE,FALSE,FALSE,FALSE,FALSE
1940,1.42,0.58,0.77,1.19,0.71,1.54,1.26,0.91,2.08,1.62,1.49,0.94,1.84,0.72,0.71,1.55,0.79,1.02,1.43,0.61,FALSE,FALSE,FALSE,FALSE,FALSE,FALSE,FALSE,FALSE,FALSE,FALSE,FALSE,FALSE,FALSE,FALSE,FALSE,FALSE,FALSE,FALSE,FALSE,FALSE
1941,1.75,0.67,0.94,1.11,0.82,1.28,1.01,0.7,1.61,1.38,1.24,0.96,1.47,0.88,0.93,1.63,0.83,1.17,1.24,0.84,FALSE,FALSE,FALSE,FALSE,FALSE,FALSE,FALSE,FALSE,FALSE,FALSE,FALSE,FALSE,FALSE,FALSE,FALSE,FALSE,FALSE,FALSE,FALSE,FALSE
1942,1.47,0.52,0.79,0.88,0.74,1.5,1.09,0.88,2.27,0.98,1.22,0.83,1.72,0.81,0.77,1.5,1.08,0.99,1.12,0.95,FALSE,FALSE,FALSE,FALSE,FALSE,FALSE,FALSE,FALSE,FALSE,FALSE,FALSE,FALSE,FALSE,FALSE,FALSE,FALSE,FALSE,FALSE,FALSE,FALSE
1943,1.05,0.33,0.78,0.7,0.63,1.22,0.87,0.5,1.39,0.82,1.14,0.38,1.12,0.61,0.7,1.03,0.79,0.62,0.99,0.68,FALSE,FALSE,FALSE,FALSE,FALSE,FALSE,FALSE,FALSE,FALSE,FALSE,FALSE,FALSE,FALSE,FALSE,FALSE,FALSE,FALSE,FALSE,FALSE,FALSE
1944,1.63,0.47,0.91,0.74,0.62,1.63,1.22,0.97,2.79,1.32,1.44,0.87,2.32,0.76,0.81,1.76,0.88,1.08,1.37,0.8,FALSE,FALSE,FALSE,FALSE,FALSE,FALSE,FALSE,FALSE,FALSE,FALSE,FALSE,FALSE,FALSE,FALSE,FALSE,FALSE,FALSE,FALSE,FALSE,FALSE
1945,1.18,0.59,0.91,0.76,0.7,1.3,1.06,0.99,2.96,1.12,1.6,1.03,2.05,0.64,0.9,1.89,0.85,1.24,1.35,0.89,FALSE,FALSE,FALSE,FALSE,FALSE,FALSE,FALSE,FALSE,FALSE,FALSE,FALSE,FALSE,FALSE,FALSE,FALSE,FALSE,FALSE,FALSE,FALSE,FALSE
1946,1.45,0.43,0.93,0.94,0.85,1.04,0.88,0.57,1.97,1.05,1.63,0.86,1.62,0.76,0.88,1.57,0.88,0.91,1.02,0.95,FALSE,FALSE,FALSE,FALSE,FALSE,FALSE,FALSE,FALSE,FALSE,FALSE,FALSE,FALSE,FALSE,FALSE,FALSE,FALSE,FALSE,FALSE,FALSE,FALSE
1947,1.89,0.54,1.04,0.85,0.85,1.28,1.26,0.7,1.82,0.97,1.49,0.88,1.56,0.87,1.03,1.45,1.13,1.3,1.17,0.89,FALSE,FALSE,FALSE,FALSE,FALSE,FALSE,FALSE,FALSE,FALSE,FALSE,FALSE,FALSE,FALSE,FALSE,FALSE,FALSE,FALSE,FALSE,FALSE,FALSE
1948,1.31,0.4,0.98,0.71,0.61,1.1,1.14,0.63,1.82,1.04,1.45,0.98,1.37,0.66,0.79,1.38,0.86,1.21,1.18,0.83,FALSE,FALSE,FALSE,FALSE,FALSE,FALSE,FALSE,FALSE,FALSE,FALSE,FALSE,FALSE,FALSE,FALSE,FALSE,FALSE,FALSE,FALSE,FALSE,FALSE
1949,1.41,0.33,0.93,0.86,0.72,1.32,1,0.68,1.54,0.89,1.31,1.05,1.47,0.86,0.94,1.32,0.83,1.22,0.98,0.77,FALSE,FALSE,FALSE,FALSE,FALSE,FALSE,FALSE,FALSE,FALSE,FALSE,FALSE,FALSE,FALSE,FALSE,FALSE,FALSE,FALSE,FALSE,FALSE,FALSE
1950,1.32,0.46,0.82,0.54,0.62,1.05,0.93,0.68,1.48,0.89,1.28,0.92,1.11,0.68,0.95,1.22,0.86,1.17,1.01,0.77,FALSE,FALSE,FALSE,FALSE,FALSE,FALSE,FALSE,FALSE,FALSE,FALSE,FALSE,FALSE,FALSE,FALSE,FALSE,FALSE,FALSE,FALSE,FALSE,FALSE
1951,1.3,0.44,0.78,0.43,0.62,0.82,0.83,0.49,1.79,0.75,2.18,0.95,1.3,0.63,0.66,1.1,0.72,1.45,0.94,0.6,FALSE,FALSE,FALSE,FALSE,FALSE,FALSE,FALSE,FALSE,FALSE,FALSE,FALSE,FALSE,FALSE,FALSE,FALSE,FALSE,FALSE,FALSE,FALSE,FALSE
1952,1.3,0.31,0.72,0.38,0.58,0.47,0.78,0.34,1.54,0.64,1.26,0.8,1.18,0.59,0.48,0.82,0.66,1.41,0.86,0.49,FALSE,FALSE,FALSE,FALSE,FALSE,FALSE,FALSE,FALSE,FALSE,FALSE,FALSE,FALSE,FALSE,FALSE,FALSE,FALSE,FALSE,FALSE,FALSE,FALSE
1953,1.26,0.27,0.64,0.45,0.45,0.42,0.61,0.3,1.31,0.52,1.09,0.57,1.26,0.42,0.62,0.86,0.64,1.34,0.78,0.62,FALSE,FALSE,FALSE,FALSE,FALSE,FALSE,FALSE,FALSE,FALSE,FALSE,FALSE,FALSE,FALSE,FALSE,FALSE,FALSE,FALSE,FALSE,FALSE,FALSE
1954,1.72,0.51,0.97,0.72,0.6,0.81,1.01,0.28,2.06,0.69,1.93,1.08,1.5,0.95,0.95,1.25,0.73,1.49,1.11,0.76,FALSE,FALSE,FALSE,FALSE,FALSE,FALSE,FALSE,FALSE,FALSE,FALSE,FALSE,FALSE,FALSE,FALSE,FALSE,FALSE,FALSE,FALSE,FALSE,FALSE
1955,1.76,0.59,1.12,0.59,0.59,1.15,1.24,0.35,1.84,0.87,2.35,2.16,1.82,1.16,1.02,1.78,0.87,1.62,1.07,0.72,FALSE,FALSE,FALSE,FALSE,FALSE,FALSE,FALSE,FALSE,FALSE,FALSE,FALSE,TRUE,FALSE,FALSE,FALSE,FALSE,FALSE,FALSE,FALSE,FALSE
1956,1.33,0.42,1.05,0.55,0.6,0.88,1.17,0.36,1.46,0.64,1.91,1.68,1.24,1.01,0.83,0.94,0.57,0.86,0.83,0.61,FALSE,FALSE,FALSE,FALSE,FALSE,FALSE,FALSE,FALSE,FALSE,FALSE,FALSE,FALSE,FALSE,FALSE,FALSE,FALSE,FALSE,FALSE,FALSE,FALSE
1957,2.02,0.46,1.25,0.57,0.62,1.07,1.43,0.35,1.33,0.79,2.3,1.48,1.55,0.9,1.06,1.07,0.65,1.36,1.11,0.66,FALSE,FALSE,FALSE,FALSE,FALSE,FALSE,FALSE,FALSE,FALSE,FALSE,FALSE,FALSE,FALSE,FALSE,FALSE,FALSE,FALSE,FALSE,FALSE,FALSE
1958,1.94,0.58,1.07,0.45,0.49,1.04,1.55,0.45,1.7,0.91,1.82,1.64,2.23,0.87,1.06,1.22,1.21,1.66,1.11,0.7,FALSE,FALSE,FALSE,FALSE,FALSE,FALSE,FALSE,FALSE,FALSE,FALSE,FALSE,FALSE,FALSE,FALSE,FALSE,FALSE,FALSE,FALSE,FALSE,FALSE
1959,1.53,0.42,0.96,0.41,0.49,0.92,1.12,0.52,1.62,0.69,1.25,1.18,1.59,0.73,0.83,1.2,0.92,1.52,1.12,0.55,FALSE,FALSE,FALSE,FALSE,FALSE,FALSE,FALSE,FALSE,FALSE,FALSE,FALSE,FALSE,FALSE,FALSE,FALSE,FALSE,FALSE,FALSE,FALSE,FALSE
1960,1.59,0.39,0.76,0.38,0.46,0.67,1.06,0.38,1.52,0.72,1.13,0.96,2.02,0.59,0.63,1.01,0.61,1.55,1.16,0.73,FALSE,FALSE,FALSE,FALSE,FALSE,FALSE,FALSE,FALSE,FALSE,FALSE,FALSE,FALSE,FALSE,FALSE,FALSE,FALSE,FALSE,FALSE,FALSE,FALSE
1961,1.37,0.45,0.67,0.36,0.47,0.57,0.94,0.43,1.42,0.7,0.97,0.79,1.67,0.58,0.64,0.85,0.65,1.37,1.08,0.62,FALSE,FALSE,FALSE,FALSE,FALSE,FALSE,FALSE,FALSE,FALSE,FALSE,FALSE,FALSE,FALSE,FALSE,FALSE,FALSE,FALSE,FALSE,FALSE,FALSE
1962,1.57,0.35,1,0.38,0.54,0.68,1,0.48,1.41,0.67,1.02,0.75,1.24,0.58,0.62,0.55,0.79,1.21,0.93,0.5,FALSE,FALSE,FALSE,FALSE,FALSE,FALSE,FALSE,FALSE,FALSE,FALSE,FALSE,FALSE,FALSE,FALSE,FALSE,FALSE,FALSE,FALSE,FALSE,FALSE
1963,2.3,0.41,1.17,0.58,0.64,0.98,1.62,0.52,1.81,0.94,2.07,1.21,1.87,0.89,0.79,1.05,1,1.49,1.15,0.56,FALSE,FALSE,FALSE,FALSE,FALSE,FALSE,FALSE,FALSE,FALSE,FALSE,FALSE,FALSE,FALSE,FALSE,FALSE,FALSE,FALSE,FALSE,FALSE,FALSE
1964,1.82,0.48,1.01,0.58,0.6,1,1.42,0.48,1.95,1.01,1.91,1.35,1.85,0.99,1.09,1.09,1.25,1.5,1.04,0.77,FALSE,FALSE,FALSE,FALSE,FALSE,FALSE,FALSE,FALSE,FALSE,FALSE,FALSE,FALSE,FALSE,FALSE,FALSE,FALSE,FALSE,FALSE,FALSE,FALSE
1965,1.78,0.5,0.83,0.62,0.56,1.24,1.49,0.56,1.69,0.95,1.51,1.47,1.59,1,1.17,0.8,0.89,1.27,0.82,0.69,FALSE,FALSE,FALSE,FALSE,FALSE,FALSE,FALSE,FALSE,FALSE,FALSE,FALSE,FALSE,FALSE,FALSE,FALSE,FALSE,FALSE,FALSE,FALSE,FALSE
1966,1.99,0.89,0.89,0.81,0.62,1.48,2.01,0.57,2.53,1.06,1.93,1.72,1.98,1.21,1.38,0.88,1.52,1.42,1.35,0.93,FALSE,FALSE,FALSE,FALSE,FALSE,FALSE,TRUE,FALSE,FALSE,FALSE,FALSE,FALSE,FALSE,FALSE,FALSE,FALSE,FALSE,FALSE,FALSE,FALSE
1967,1.59,0.76,0.96,0.55,0.47,1.04,1.52,0.44,2.23,0.91,1.63,1.31,1.55,0.87,1.12,1.16,1.23,1.44,1.03,0.72,FALSE,FALSE,FALSE,FALSE,FALSE,FALSE,FALSE,FALSE,FALSE,FALSE,FALSE,FALSE,FALSE,FALSE,FALSE,FALSE,FALSE,FALSE,FALSE,FALSE
1968,1.52,0.4,0.46,0.41,0.42,0.89,0.87,0.38,1.65,0.74,1.13,0.87,1.17,0.36,0.6,1.03,0.71,0.95,0.8,0.64,FALSE,FALSE,FALSE,FALSE,FALSE,FALSE,FALSE,FALSE,FALSE,FALSE,FALSE,FALSE,FALSE,FALSE,FALSE,FALSE,FALSE,FALSE,FALSE,FALSE
1969,1.61,0.6,0.72,0.88,0.67,1.07,1.3,0.61,1.79,0.84,1.34,1.14,1.42,0.63,0.92,1.27,0.94,1.31,1.09,1.03,FALSE,FALSE,FALSE,FALSE,FALSE,FALSE,FALSE,FALSE,FALSE,FALSE,FALSE,FALSE,FALSE,FALSE,FALSE,FALSE,FALSE,FALSE,FALSE,FALSE
1970,1.54,0.74,0.71,0.66,0.54,1.17,1.23,0.53,1.73,1.16,1.02,1.14,1.28,0.36,0.75,1.29,0.81,1.27,0.96,0.75,FALSE,FALSE,FALSE,FALSE,FALSE,FALSE,FALSE,FALSE,FALSE,FALSE,FALSE,FALSE,FALSE,FALSE,FALSE,FALSE,FALSE,FALSE,FALSE,FALSE
1971,1.16,0.45,0.54,0.61,0.44,0.93,0.92,0.32,1.27,0.73,1.04,0.96,0.83,0.3,0.63,0.75,0.6,0.59,0.59,0.54,FALSE,FALSE,FALSE,FALSE,FALSE,FALSE,FALSE,FALSE,FALSE,FALSE,FALSE,FALSE,FALSE,FALSE,FALSE,FALSE,FALSE,FALSE,FALSE,FALSE
1972,1.29,0.54,0.69,0.45,0.35,1,1.14,0.31,1.18,0.42,1.35,0.92,0.93,0.35,0.71,0.76,0.66,0.77,0.66,0.75,FALSE,FALSE,FALSE,FALSE,FALSE,FALSE,FALSE,FALSE,FALSE,FALSE,FALSE,FALSE,FALSE,FALSE,FALSE,FALSE,FALSE,FALSE,FALSE,FALSE
1973,1.67,0.64,0.88,0.74,0.22,1.38,1.53,0.52,1.94,1.03,1.96,1.45,1.5,0.63,0.93,1.45,1.07,1.49,1.17,0.78,FALSE,FALSE,FALSE,FALSE,FALSE,FALSE,FALSE,FALSE,FALSE,FALSE,FALSE,FALSE,FALSE,FALSE,FALSE,FALSE,FALSE,FALSE,FALSE,FALSE
1974,1,0.47,0.66,0.3,0.15,0.64,0.83,0.37,0.97,0.51,1.26,0.79,0.52,0.55,0.64,0.62,0.82,0.72,0.7,0.55,FALSE,FALSE,FALSE,FALSE,FALSE,FALSE,FALSE,FALSE,FALSE,FALSE,FALSE,FALSE,FALSE,FALSE,FALSE,FALSE,FALSE,FALSE,FALSE,FALSE
1975,1.26,0.58,0.86,0.39,0.21,0.98,1.15,0.43,1.16,0.58,1.52,0.92,0.88,0.73,0.84,0.8,1.12,0.99,0.99,0.71,FALSE,FALSE,FALSE,FALSE,FALSE,FALSE,FALSE,FALSE,FALSE,FALSE,FALSE,FALSE,FALSE,FALSE,FALSE,FALSE,FALSE,FALSE,FALSE,FALSE
1976,1.34,0.33,0.77,0.34,0.23,0.73,1.18,0.31,0.77,0.46,1.54,0.98,0.69,0.62,0.81,0.81,1,0.65,0.97,0.62,FALSE,FALSE,FALSE,FALSE,FALSE,FALSE,FALSE,FALSE,FALSE,FALSE,FALSE,FALSE,FALSE,FALSE,FALSE,FALSE,FALSE,FALSE,FALSE,FALSE
1977,1.82,0.41,1.09,0.59,0.2,1.39,1.67,0.77,2.13,1.07,2.07,1.36,1.7,0.79,1.32,1.58,1.47,1.52,1.52,0.67,FALSE,FALSE,FALSE,FALSE,FALSE,FALSE,FALSE,FALSE,FALSE,FALSE,FALSE,FALSE,FALSE,FALSE,FALSE,FALSE,FALSE,FALSE,FALSE,FALSE
1978,1.29,0.36,1.01,0.43,0.28,0.82,1.5,0.46,1.25,0.93,1.62,1.07,1.18,0.76,0.88,1.3,0.99,1.26,1.31,0.43,FALSE,FALSE,FALSE,FALSE,FALSE,FALSE,FALSE,FALSE,FALSE,FALSE,FALSE,FALSE,FALSE,FALSE,FALSE,FALSE,FALSE,FALSE,FALSE,FALSE
1979,1.29,0.3,0.92,0.44,0.2,0.86,1.41,0.42,1.14,0.75,1.72,0.98,1.41,0.82,0.85,1.35,0.99,1.13,1.17,0.43,FALSE,FALSE,FALSE,FALSE,FALSE,FALSE,FALSE,FALSE,FALSE,FALSE,FALSE,FALSE,FALSE,FALSE,FALSE,FALSE,FALSE,FALSE,FALSE,FALSE
1980,1.31,0.25,0.93,0.44,0.24,0.91,1.3,0.39,1.2,0.67,1.62,0.96,1.18,0.68,0.94,1.37,0.91,1.03,1.08,0.56,FALSE,FALSE,FALSE,FALSE,FALSE,FALSE,FALSE,FALSE,FALSE,FALSE,FALSE,FALSE,FALSE,FALSE,FALSE,FALSE,FALSE,FALSE,FALSE,FALSE
1981,1.2,0.23,0.46,0.43,0.23,1.24,1.29,0.34,1.11,0.81,1.33,1.08,1.34,0.51,0.75,1.21,0.6,1.23,1.39,0.44,FALSE,FALSE,FALSE,FALSE,FALSE,FALSE,FALSE,FALSE,FALSE,FALSE,FALSE,FALSE,FALSE,FALSE,FALSE,FALSE,FALSE,FALSE,FALSE,FALSE
1982,1.15,0.34,0.46,0.36,0.33,0.72,0.92,0.3,0.69,0.59,1.08,0.76,0.86,0.59,0.59,0.59,0.59,0.46,1.01,0.28,FALSE,FALSE,FALSE,FALSE,FALSE,FALSE,FALSE,FALSE,FALSE,FALSE,FALSE,FALSE,FALSE,FALSE,FALSE,FALSE,FALSE,FALSE,FALSE,FALSE
1983,0.94,0.33,0.47,0.4,0.44,0.6,1.38,0.28,0.84,0.44,1.22,1.04,0.55,0.5,0.72,0.4,0.66,0.53,0.94,0.31,FALSE,FALSE,FALSE,FALSE,FALSE,FALSE,FALSE,FALSE,FALSE,FALSE,FALSE,FALSE,FALSE,FALSE,FALSE,FALSE,FALSE,FALSE,FALSE,FALSE
1984,1.07,0.42,0.55,0.48,0.36,0.95,1.76,0.36,1.36,0.69,1.52,1.52,1.06,0.53,0.96,0.81,1.09,0.85,1.23,0.39,FALSE,FALSE,FALSE,FALSE,FALSE,FALSE,FALSE,FALSE,FALSE,FALSE,FALSE,FALSE,FALSE,FALSE,FALSE,FALSE,FALSE,FALSE,FALSE,FALSE
1985,0.61,0.26,0.44,0.6,0.24,1.13,1.53,0.47,1.2,0.43,1.45,0.93,1.09,0.55,0.88,0.97,0.82,0.74,1.04,0.56,FALSE,FALSE,FALSE,FALSE,FALSE,FALSE,FALSE,FALSE,FALSE,FALSE,FALSE,FALSE,FALSE,FALSE,FALSE,FALSE,FALSE,FALSE,FALSE,FALSE
1986,0.27,0.23,0.5,0.52,0.3,1.09,1.42,0.47,0.97,0.55,0.88,0.92,1.07,0.5,0.67,0.63,0.89,1.03,1.04,0.4,FALSE,FALSE,FALSE,FALSE,FALSE,FALSE,FALSE,FALSE,FALSE,FALSE,FALSE,FALSE,FALSE,FALSE,FALSE,FALSE,FALSE,FALSE,FALSE,FALSE
1987,0.55,0.35,0.68,0.51,0.37,1.11,1.36,0.43,1.3,0.67,0.94,0.88,1.52,0.66,0.9,0.95,0.92,0.91,1.16,0.59,FALSE,FALSE,FALSE,FALSE,FALSE,FALSE,FALSE,FALSE,FALSE,FALSE,FALSE,FALSE,FALSE,FALSE,FALSE,FALSE,FALSE,FALSE,FALSE,FALSE
1988,0.5,0.16,0.55,0.47,0.23,0.79,1.09,0.37,1.15,0.5,0.9,0.85,1.22,0.62,0.81,0.86,0.68,0.73,1,0.48,FALSE,FALSE,FALSE,FALSE,FALSE,FALSE,FALSE,FALSE,FALSE,FALSE,FALSE,FALSE,FALSE,FALSE,FALSE,FALSE,FALSE,FALSE,FALSE,FALSE
1989,0.67,0.16,0.73,0.43,0.22,0.81,0.94,0.28,0.84,0.52,0.89,0.92,0.97,0.6,0.89,0.59,0.74,0.48,0.69,0.56,FALSE,FALSE,FALSE,FALSE,FALSE,FALSE,FALSE,FALSE,FALSE,FALSE,FALSE,FALSE,FALSE,FALSE,FALSE,FALSE,FALSE,FALSE,FALSE,FALSE
1990,0.85,0.23,0.86,0.61,0.37,1.19,1.26,0.44,1.56,0.75,1.26,1.57,1.25,0.79,0.97,1.22,0.81,0.94,1.22,0.79,FALSE,FALSE,FALSE,FALSE,FALSE,FALSE,FALSE,FALSE,FALSE,FALSE,FALSE,FALSE,FALSE,FALSE,FALSE,FALSE,FALSE,FALSE,FALSE,FALSE
1991,0.39,0.09,0.4,0.23,0.18,0.68,0.78,0.22,0.79,0.51,0.56,0.76,0.36,0.32,0.54,0.8,0.41,0.64,0.66,0.5,FALSE,FALSE,FALSE,FALSE,FALSE,FALSE,FALSE,FALSE,FALSE,FALSE,FALSE,FALSE,FALSE,FALSE,FALSE,FALSE,FALSE,FALSE,FALSE,FALSE
1992,0.55,0.12,0.58,0.33,0.21,0.89,0.74,0.23,0.93,0.88,0.72,1.26,0.52,0.56,0.67,0.73,0.63,0.64,0.83,0.54,FALSE,FALSE,FALSE,FALSE,FALSE,FALSE,FALSE,FALSE,FALSE,FALSE,FALSE,FALSE,FALSE,FALSE,FALSE,FALSE,FALSE,FALSE,FALSE,FALSE
