age_CE,773011_raw,773012_raw,773021_raw,773022_raw,773031_raw,773032_raw,773041_raw,773042_raw,773051_raw,773052_raw,773061_raw,773062_raw,773071_raw,773072_raw,773081_raw,773082_raw,773091_raw,773092_raw,773101_raw,773102_raw,773111_raw,773112_raw,773121_raw,773122_raw,773131_raw,773132_raw,773141_raw,773142_raw,773011_raw_outlier_flag,773012_raw_outlier_flag,773021_raw_outlier_flag,773022_raw_outlier_flag,773031_raw_outlier_flag,773032_raw_outlier_flag,773041_raw_outlier_flag,773042_raw_outlier_flag,773051_raw_outlier_flag,773052_raw_outlier_flag,773061_raw_outlier_flag,773062_raw_outlier_flag,773071_raw_outlier_flag,773072_raw_outlier_flag,773081_raw_outlier_flag,773082_raw_outlier_flag,773091_raw_outlier_flag,773092_raw_outlier_flag,773101_raw_outlier_flag,773102_raw_outlier_flag,773111_raw_outlier_flag,773112_raw_outlier_flag,773121_raw_outlier_flag,773122_raw_outlier_flag,773131_raw_outlier_flag,773132_raw_outlier_flag,773141_raw_outlier_flag,773142_raw_outlier_flag
1672,NA,NA,NA,NA,NA,NA,NA,NA,NA,NA,NA,NA,NA,3.69,NA,NA,NA,NA,NA,NA,NA,NA,NA,NA,NA,NA,NA,NA,NA,NA,NA,NA,NA,NA,NA,NA,NA,NA,NA,NA,NA,FALSE,NA,NA,NA,NA,NA,NA,NA,NA,NA,NA,NA,NA,NA,NA
1673,NA,NA,NA,NA,NA,NA,NA,NA,NA,NA,NA,NA,NA,3.82,NA,NA,NA,NA,NA,NA,NA,NA,NA,NA,NA,NA,NA,NA,NA,NA,NA,NA,NA,NA,NA,NA,NA,NA,NA,NA,NA,FALSE,NA,NA,NA,NA,NA,NA,NA,NA,NA,NA,NA,NA,NA,NA
1674,NA,NA,NA,NA,NA,NA,NA,NA,NA,NA,NA,NA,NA,3.55,NA,NA,NA,NA,NA,NA,NA,NA,NA,NA,NA,NA,NA,NA,NA,NA,NA,NA,NA,NA,NA,NA,NA,NA,NA,NA,NA,FALSE,NA,NA,NA,NA,NA,NA,NA,NA,NA,NA,NA,NA,NA,NA
1675,NA,NA,NA,NA,NA,NA,NA,NA,NA,NA,NA,NA,NA,3.68,NA,NA,NA,NA,NA,NA,NA,NA,NA,NA,NA,NA,NA,NA,NA,NA,NA,NA,NA,NA,NA,NA,NA,NA,NA,NA,NA,FALSE,NA,NA,NA,NA,NA,NA,NA,NA,NA,NA,NA,NA,NA,NA
1676,NA,NA,NA,NA,NA,NA,NA,NA,NA,NA,NA,NA,NA,3.57,NA,NA,NA,NA,NA,NA,NA,NA,NA,NA,NA,NA,NA,NA,NA,NA,NA,NA,NA,NA,NA,NA,NA,NA,NA,NA,NA,FALSE,NA,NA,NA,NA,NA,NA,NA,NA,NA,NA,NA,NA,NA,NA
1677,NA,NA,NA,NA,NA,NA,NA,NA,NA,NA,NA,NA,NA,3.05,NA,NA,NA,NA,NA,NA,NA,NA,NA,NA,NA,NA,NA,NA,NA,NA,NA,NA,NA,NA,NA,NA,NA,NA,NA,NA,NA,FALSE,NA,NA,NA,NA,NA,NA,NA,NA,NA,NA,NA,NA,NA,NA
1678,NA,NA,NA,NA,NA,NA,NA,NA,NA,NA,NA,NA,NA,4.41,NA,NA,NA,NA,NA,NA,NA,NA,NA,NA,NA,NA,NA,NA,NA,NA,NA,NA,NA,NA,NA,NA,NA,NA,NA,NA,NA,TRUE,NA,NA,NA,NA,NA,NA,NA,NA,NA,NA,NA,NA,NA,NA
1679,NA,NA,NA,NA,NA,NA,NA,NA,NA,NA,NA,NA,NA,3.04,NA,NA,NA,NA,NA,NA,2.76,NA,NA,NA,NA,NA,NA,NA,NA,NA,NA,NA,NA,NA,NA,NA,NA,NA,NA,NA,NA,FALSE,NA,NA,NA,NA,NA,NA,FALSE,NA,NA,NA,NA,NA,NA,NA
1680,NA,NA,NA,NA,NA,NA,NA,NA,NA,NA,NA,NA,NA,2.72,NA,NA,NA,NA,NA,NA,3.51,NA,NA,NA,NA,NA,NA,NA,NA,NA,NA,NA,NA,NA,NA,NA,NA,NA,NA,NA,NA,FALSE,NA,NA,NA,NA,NA,NA,FALSE,NA,NA,NA,NA,NA,NA,NA
1681,NA,NA,NA,NA,NA,NA,NA,NA,NA,NA,NA,NA,3.9,3.5,NA,NA,NA,NA,NA,NA,5.92,NA,NA,NA,NA,NA,NA,NA,NA,NA,NA,NA,NA,NA,NA,NA,NA,NA,NA,NA,TRUE,FALSE,NA,NA,NA,NA,NA,NA,TRUE,NA,NA,NA,NA,NA,NA,NA
1682,NA,NA,NA,NA,NA,NA,NA,NA,NA,NA,NA,NA,3.17,2.94,NA,NA,NA,NA,NA,NA,2.31,NA,NA,NA,NA,NA,NA,NA,NA,NA,NA,NA,NA,NA,NA,NA,NA,NA,NA,NA,FALSE,FALSE,NA,NA,NA,NA,NA,NA,FALSE,NA,NA,NA,NA,NA,NA,NA
1683,NA,NA,NA,NA,NA,NA,NA,NA,NA,NA,NA,NA,3.43,3.73,NA,NA,NA,NA,NA,NA,3.13,NA,NA,2.72,NA,NA,NA,NA,NA,NA,NA,NA,NA,NA,NA,NA,NA,NA,NA,NA,FALSE,FALSE,NA,NA,NA,NA,NA,NA,FALSE,NA,NA,FALSE,NA,NA,NA,NA
1684,NA,NA,NA,NA,NA,NA,NA,NA,NA,NA,NA,NA,2.99,2.42,NA,NA,NA,NA,NA,NA,3.65,NA,NA,3.01,NA,NA,NA,NA,NA,NA,NA,NA,NA,NA,NA,NA,NA,NA,NA,NA,FALSE,FALSE,NA,NA,NA,NA,NA,NA,TRUE,NA,NA,FALSE,NA,NA,NA,NA
1685,NA,NA,NA,NA,NA,NA,NA,NA,NA,NA,NA,NA,3.61,3.48,NA,NA,NA,NA,NA,NA,2.36,NA,NA,3.11,NA,NA,NA,NA,NA,NA,NA,NA,NA,NA,NA,NA,NA,NA,NA,NA,FALSE,FALSE,NA,NA,NA,NA,NA,NA,FALSE,NA,NA,FALSE,NA,NA,NA,NA
1686,NA,NA,NA,NA,NA,NA,NA,NA,NA,NA,NA,NA,3.5,3.13,NA,NA,NA,NA,NA,NA,3.13,NA,NA,3.05,NA,NA,NA,NA,NA,NA,NA,NA,NA,NA,NA,NA,NA,NA,NA,NA,FALSE,FALSE,NA,NA,NA,NA,NA,NA,FALSE,NA,NA,FALSE,NA,NA,NA,NA
1687,NA,NA,NA,NA,NA,NA,NA,NA,NA,NA,NA,NA,3.15,3.96,NA,NA,NA,NA,3.32,NA,2.86,NA,NA,2.78,NA,NA,NA,NA,NA,NA,NA,NA,NA,NA,NA,NA,NA,NA,NA,NA,FALSE,FALSE,NA,NA,NA,NA,FALSE,NA,FALSE,NA,NA,FALSE,NA,NA,NA,NA
1688,NA,NA,NA,NA,NA,NA,NA,NA,NA,NA,NA,NA,2.81,2.47,NA,NA,NA,NA,3.37,NA,3.2,2.44,NA,2.25,NA,NA,NA,NA,NA,NA,NA,NA,NA,NA,NA,NA,NA,NA,NA,NA,FALSE,FALSE,NA,NA,NA,NA,FALSE,NA,FALSE,FALSE,NA,FALSE,NA,NA,NA,NA
1689,NA,NA,NA,NA,NA,NA,NA,NA,NA,NA,NA,NA,3.01,3.09,NA,NA,NA,NA,3.06,NA,2.97,2.79,2.86,2.84,NA,NA,NA,NA,NA,NA,NA,NA,NA,NA,NA,NA,NA,NA,NA,NA,FALSE,FALSE,NA,NA,NA,NA,FALSE,NA,FALSE,FALSE,FALSE,FALSE,NA,NA,NA,NA
1690,NA,NA,NA,NA,NA,NA,NA,NA,NA,NA,NA,NA,3,3.1,NA,NA,NA,NA,3.56,NA,3.83,2.97,2.9,3.31,NA,2.21,NA,NA,NA,NA,NA,NA,NA,NA,NA,NA,NA,NA,NA,NA,FALSE,FALSE,NA,NA,NA,NA,FALSE,NA,TRUE,FALSE,FALSE,FALSE,NA,FALSE,NA,NA
1691,NA,NA,NA,NA,NA,NA,NA,NA,NA,NA,NA,NA,2.35,2.95,NA,NA,NA,NA,3.22,3.74,3.11,2.84,2.78,2.65,NA,2.11,NA,NA,NA,NA,NA,NA,NA,NA,NA,NA,NA,NA,NA,NA,FALSE,FALSE,NA,NA,NA,NA,FALSE,TRUE,FALSE,FALSE,FALSE,FALSE,NA,FALSE,NA,NA
1692,NA,NA,NA,NA,NA,NA,NA,NA,NA,NA,NA,NA,3.19,3.84,NA,NA,NA,NA,4.31,4.91,5.29,3.65,3.38,4.04,NA,2.33,NA,NA,NA,NA,NA,NA,NA,NA,NA,NA,NA,NA,NA,NA,FALSE,FALSE,NA,NA,NA,NA,TRUE,TRUE,TRUE,TRUE,TRUE,TRUE,NA,FALSE,NA,NA
1693,NA,NA,NA,NA,NA,NA,NA,NA,NA,NA,NA,NA,3.62,3.69,NA,NA,NA,NA,3.22,4.79,3.32,3.46,3.36,4.02,NA,2.59,NA,NA,NA,NA,NA,NA,NA,NA,NA,NA,NA,NA,NA,NA,FALSE,FALSE,NA,NA,NA,NA,FALSE,TRUE,FALSE,TRUE,TRUE,TRUE,NA,FALSE,NA,NA
1694,NA,NA,NA,NA,NA,NA,NA,NA,NA,NA,NA,NA,4.89,4.36,NA,NA,NA,NA,3.63,4.52,3.9,3.48,3.65,4.04,NA,2.8,NA,NA,NA,NA,NA,NA,NA,NA,NA,NA,NA,NA,NA,NA,TRUE,TRUE,NA,NA,NA,NA,FALSE,TRUE,TRUE,TRUE,TRUE,TRUE,NA,FALSE,NA,NA
1695,NA,NA,NA,NA,NA,NA,NA,NA,NA,NA,NA,NA,3.02,4.32,NA,NA,NA,NA,4.08,3.96,3.47,3.54,3.86,2.99,1.98,2.74,NA,NA,NA,NA,NA,NA,NA,NA,NA,NA,NA,NA,NA,NA,FALSE,TRUE,NA,NA,NA,NA,TRUE,TRUE,FALSE,TRUE,TRUE,FALSE,FALSE,FALSE,NA,NA
1696,NA,2.86,NA,NA,NA,NA,NA,NA,NA,NA,NA,NA,2.8,3.37,NA,NA,NA,NA,3.46,3.97,2.77,2.37,3.08,2.44,3.79,2.43,NA,NA,NA,TRUE,NA,NA,NA,NA,NA,NA,NA,NA,NA,NA,FALSE,FALSE,NA,NA,NA,NA,FALSE,TRUE,FALSE,FALSE,FALSE,FALSE,TRUE,FALSE,NA,NA
1697,NA,3.57,NA,NA,NA,NA,NA,NA,NA,NA,NA,NA,3.3,3.68,NA,NA,NA,NA,4.88,3.88,3.51,2.67,3.63,3.29,2.58,2.9,NA,NA,NA,TRUE,NA,NA,NA,NA,NA,NA,NA,NA,NA,NA,FALSE,FALSE,NA,NA,NA,NA,TRUE,TRUE,FALSE,FALSE,TRUE,FALSE,FALSE,FALSE,NA,NA
1698,NA,2.71,NA,NA,NA,NA,NA,3.76,NA,NA,3.51,NA,2.53,2.58,NA,NA,NA,NA,3.32,3.86,3.05,2.1,2.6,2.55,2.24,2.29,NA,NA,NA,TRUE,NA,NA,NA,NA,NA,TRUE,NA,NA,TRUE,NA,FALSE,FALSE,NA,NA,NA,NA,FALSE,TRUE,FALSE,FALSE,FALSE,FALSE,FALSE,FALSE,NA,NA
1699,NA,2.38,NA,NA,NA,NA,NA,3.6,NA,NA,3.1,NA,3.33,3.42,NA,NA,NA,NA,3.31,3.53,3.26,2.98,2.92,2.79,2.64,2.98,NA,NA,NA,FALSE,NA,NA,NA,NA,NA,TRUE,NA,NA,FALSE,NA,FALSE,FALSE,NA,NA,NA,NA,FALSE,FALSE,FALSE,FALSE,FALSE,FALSE,FALSE,FALSE,NA,NA
1700,NA,1.87,3.02,NA,NA,NA,NA,3.26,NA,NA,2.84,NA,2.61,2.5,NA,NA,NA,NA,3.36,2.95,3.78,2.4,2.56,2.64,2.62,2.55,NA,NA,NA,FALSE,FALSE,NA,NA,NA,NA,TRUE,NA,NA,FALSE,NA,FALSE,FALSE,NA,NA,NA,NA,FALSE,FALSE,TRUE,FALSE,FALSE,FALSE,FALSE,FALSE,NA,NA
1701,NA,2.12,3.56,NA,NA,NA,NA,3.69,NA,NA,2.61,NA,2.7,2.76,NA,NA,NA,NA,2.41,2.9,2.43,2.84,2.54,2.04,2.26,2.48,NA,NA,NA,FALSE,TRUE,NA,NA,NA,NA,TRUE,NA,NA,FALSE,NA,FALSE,FALSE,NA,NA,NA,NA,FALSE,FALSE,FALSE,FALSE,FALSE,FALSE,FALSE,FALSE,NA,NA
1702,NA,2.62,3.33,NA,NA,NA,NA,3.91,NA,NA,3.15,NA,3.38,3.05,NA,NA,NA,NA,3.71,3.81,2.8,2.99,3.3,3.22,3.32,2.87,NA,NA,NA,TRUE,TRUE,NA,NA,NA,NA,TRUE,NA,NA,FALSE,NA,FALSE,FALSE,NA,NA,NA,NA,TRUE,TRUE,FALSE,FALSE,TRUE,FALSE,TRUE,FALSE,NA,NA
1703,NA,2.62,4.31,NA,NA,NA,NA,3.83,NA,NA,2.89,2.78,3.42,3.04,NA,NA,NA,NA,3.27,3.41,2.65,3.13,3.46,3.28,3.17,2.69,NA,NA,NA,TRUE,TRUE,NA,NA,NA,NA,TRUE,NA,NA,FALSE,FALSE,FALSE,FALSE,NA,NA,NA,NA,FALSE,FALSE,FALSE,FALSE,TRUE,FALSE,TRUE,FALSE,NA,NA
1704,NA,2.78,4.62,NA,NA,NA,NA,3.73,NA,NA,3.17,3.54,3,3.96,NA,NA,NA,NA,3.62,3.44,3.53,3.73,3.9,3.68,3.14,2.87,NA,NA,NA,TRUE,TRUE,NA,NA,NA,NA,TRUE,NA,NA,FALSE,TRUE,FALSE,FALSE,NA,NA,NA,NA,FALSE,FALSE,TRUE,TRUE,TRUE,TRUE,TRUE,FALSE,NA,NA
1705,NA,2.37,3.82,NA,NA,NA,NA,3.5,NA,NA,3.11,2.47,3.67,3.36,NA,1.92,NA,NA,3.29,3.2,2.19,2.88,3.63,2.86,2.29,2.99,NA,NA,NA,FALSE,TRUE,NA,NA,NA,NA,TRUE,NA,NA,FALSE,FALSE,FALSE,FALSE,NA,FALSE,NA,NA,FALSE,FALSE,FALSE,FALSE,TRUE,FALSE,FALSE,FALSE,NA,NA
1706,NA,1.91,2.81,NA,NA,NA,NA,2.71,NA,NA,2.6,3.05,3.13,3.1,NA,2.09,NA,NA,2.54,2.71,1.84,2.67,2.22,2.34,1.74,3.01,NA,NA,NA,FALSE,FALSE,NA,NA,NA,NA,FALSE,NA,NA,FALSE,TRUE,FALSE,FALSE,NA,FALSE,NA,NA,FALSE,FALSE,FALSE,FALSE,FALSE,FALSE,FALSE,FALSE,NA,NA
1707,NA,2.62,3.14,NA,NA,NA,NA,2.58,NA,NA,2.7,3,2.74,3,NA,2.9,NA,NA,2.86,3.06,2.07,2.74,2.78,3.16,2.91,2.4,2.72,NA,NA,TRUE,FALSE,NA,NA,NA,NA,FALSE,NA,NA,FALSE,TRUE,FALSE,FALSE,NA,FALSE,NA,NA,FALSE,FALSE,FALSE,FALSE,FALSE,FALSE,FALSE,FALSE,FALSE,NA
1708,NA,2.15,3.12,NA,NA,NA,NA,2.27,NA,NA,2.91,3.07,2.54,2.77,NA,2.21,NA,NA,2.4,1.98,1.74,2.53,2.02,2.35,2.33,2.26,1.76,NA,NA,FALSE,FALSE,NA,NA,NA,NA,FALSE,NA,NA,FALSE,TRUE,FALSE,FALSE,NA,FALSE,NA,NA,FALSE,FALSE,FALSE,FALSE,FALSE,FALSE,FALSE,FALSE,FALSE,NA
1709,NA,1.52,2.81,NA,NA,NA,NA,2.72,NA,NA,2.58,3.22,2.33,2.56,NA,2.12,NA,NA,2.08,2.8,1.97,2.5,3.03,2.45,2.46,2.53,1.96,NA,NA,FALSE,FALSE,NA,NA,NA,NA,FALSE,NA,NA,FALSE,TRUE,FALSE,FALSE,NA,FALSE,NA,NA,FALSE,FALSE,FALSE,FALSE,FALSE,FALSE,FALSE,FALSE,FALSE,NA
1710,NA,1.7,3.19,NA,NA,NA,NA,3.42,NA,NA,3.19,2.75,2.53,3.46,NA,3.94,NA,NA,3,2.87,2.58,3.22,2.87,2.81,3.42,2.95,3.05,2.83,NA,FALSE,TRUE,NA,NA,NA,NA,TRUE,NA,NA,FALSE,FALSE,FALSE,FALSE,NA,TRUE,NA,NA,FALSE,FALSE,FALSE,TRUE,FALSE,FALSE,TRUE,FALSE,TRUE,FALSE
1711,NA,2.39,2.87,NA,NA,NA,NA,2.87,NA,NA,3.32,3.07,2.78,3.15,NA,2.89,NA,NA,2.54,2.7,1.51,2.69,2.4,2.03,2.73,2.75,3.19,3,NA,FALSE,FALSE,NA,NA,NA,NA,FALSE,NA,NA,TRUE,TRUE,FALSE,FALSE,NA,FALSE,NA,NA,FALSE,FALSE,FALSE,FALSE,FALSE,FALSE,FALSE,FALSE,TRUE,TRUE
1712,NA,2.44,3.86,NA,NA,NA,3.37,3.45,NA,NA,3.67,3.07,2.83,3.43,3.25,3.64,NA,NA,2.28,2.52,1.91,2.94,2.73,1.81,2.76,3,2.96,3.53,NA,FALSE,TRUE,NA,NA,NA,TRUE,TRUE,NA,NA,TRUE,TRUE,FALSE,FALSE,TRUE,TRUE,NA,NA,FALSE,FALSE,FALSE,FALSE,FALSE,FALSE,FALSE,FALSE,TRUE,TRUE
1713,NA,2,2.59,NA,NA,NA,2.73,2.56,NA,NA,2.8,2.61,2.83,2.12,2.13,2.52,NA,NA,2.44,2.28,1.36,1.77,1.97,2.02,1.9,2.31,1.94,1.83,NA,FALSE,FALSE,NA,NA,NA,FALSE,FALSE,NA,NA,FALSE,FALSE,FALSE,FALSE,FALSE,FALSE,NA,NA,FALSE,FALSE,FALSE,FALSE,FALSE,FALSE,FALSE,FALSE,FALSE,FALSE
1714,NA,1.8,3.3,NA,NA,NA,3.16,2.68,NA,NA,2.64,2.47,2.86,2.52,2.83,2.51,NA,NA,2.43,2.14,1.26,2.09,2.16,1.99,1.75,2.57,2.07,2.86,NA,FALSE,TRUE,NA,NA,NA,TRUE,FALSE,NA,NA,FALSE,FALSE,FALSE,FALSE,FALSE,FALSE,NA,NA,FALSE,FALSE,FALSE,FALSE,FALSE,FALSE,FALSE,FALSE,FALSE,TRUE
1715,NA,1.62,3,NA,NA,NA,2.88,2.58,NA,NA,3.11,2.73,3.41,2.4,3.46,3.18,NA,NA,2.2,3.08,1.82,2.42,2.66,2.38,2.8,3.32,2.62,2.88,NA,FALSE,FALSE,NA,NA,NA,TRUE,FALSE,NA,NA,FALSE,FALSE,FALSE,FALSE,TRUE,FALSE,NA,NA,FALSE,FALSE,FALSE,FALSE,FALSE,FALSE,FALSE,TRUE,FALSE,TRUE
1716,NA,1.77,2.03,NA,NA,NA,3.18,2.41,NA,NA,3.25,2.44,3.15,2.77,3.32,3.76,NA,NA,3.05,2.69,2.08,2.13,2.48,2.41,2.84,3.73,3.77,3.56,NA,FALSE,FALSE,NA,NA,NA,TRUE,FALSE,NA,NA,TRUE,FALSE,FALSE,FALSE,TRUE,TRUE,NA,NA,FALSE,FALSE,FALSE,FALSE,FALSE,FALSE,FALSE,TRUE,TRUE,TRUE
1717,NA,1.58,2,NA,NA,NA,2.43,2.25,NA,NA,1.71,1.63,1.88,1.5,2.1,1.85,NA,NA,1.77,1.46,1.25,1.23,1.31,1.28,1.37,1.85,1.95,2.37,NA,FALSE,FALSE,NA,NA,NA,FALSE,FALSE,NA,NA,FALSE,FALSE,FALSE,FALSE,FALSE,FALSE,NA,NA,FALSE,FALSE,FALSE,FALSE,FALSE,FALSE,FALSE,FALSE,FALSE,FALSE
1718,NA,1.63,1.6,NA,NA,NA,2.65,1.98,NA,NA,2.06,1.79,2.3,1.99,1.67,2.25,NA,NA,1.81,2.01,1.69,1.64,1.46,1.19,2.23,1.79,1.84,2.12,NA,FALSE,FALSE,NA,NA,NA,FALSE,FALSE,NA,NA,FALSE,FALSE,FALSE,FALSE,FALSE,FALSE,NA,NA,FALSE,FALSE,FALSE,FALSE,FALSE,FALSE,FALSE,FALSE,FALSE,FALSE
1719,NA,1.63,1.44,NA,NA,NA,2.52,2.53,NA,NA,2.51,2.28,2.19,2,3.05,2.18,NA,NA,2.44,2.68,1.96,1.91,2.05,1.93,2.33,2.33,2.76,2.68,NA,FALSE,FALSE,NA,NA,NA,FALSE,FALSE,NA,NA,FALSE,FALSE,FALSE,FALSE,FALSE,FALSE,NA,NA,FALSE,FALSE,FALSE,FALSE,FALSE,FALSE,FALSE,FALSE,FALSE,FALSE
1720,NA,1.67,1.92,NA,NA,NA,3.22,2.11,NA,NA,2.27,2.08,2.44,1.86,2.6,2.89,NA,NA,2.04,1.91,1.64,1.85,1.68,1.76,1.96,2.2,3.1,3.14,NA,FALSE,FALSE,NA,NA,NA,TRUE,FALSE,NA,NA,FALSE,FALSE,FALSE,FALSE,FALSE,FALSE,NA,NA,FALSE,FALSE,FALSE,FALSE,FALSE,FALSE,FALSE,FALSE,TRUE,TRUE
1721,NA,1.11,1.96,NA,NA,NA,2.28,1.53,NA,NA,1.76,1.72,1.73,1.67,1.77,2.19,NA,NA,1.84,1.69,1.55,1.68,1.18,0.34,1.8,1.83,2.19,2.1,NA,FALSE,FALSE,NA,NA,NA,FALSE,FALSE,NA,NA,FALSE,FALSE,FALSE,FALSE,FALSE,FALSE,NA,NA,FALSE,FALSE,FALSE,FALSE,FALSE,FALSE,FALSE,FALSE,FALSE,FALSE
1722,NA,1.45,1.84,NA,NA,NA,2.36,1.58,NA,NA,1.78,1.65,1.81,1.79,2.31,1.8,NA,NA,1.73,1.98,1.55,1.62,1.53,1.38,1.86,2.24,2.67,1.98,NA,FALSE,FALSE,NA,NA,NA,FALSE,FALSE,NA,NA,FALSE,FALSE,FALSE,FALSE,FALSE,FALSE,NA,NA,FALSE,FALSE,FALSE,FALSE,FALSE,FALSE,FALSE,FALSE,FALSE,FALSE
1723,NA,1.5,2.66,NA,NA,NA,2.78,2.17,NA,NA,2.65,2.39,2.38,2.13,3.25,3.06,NA,NA,2.44,2.04,2.1,1.81,2.19,2.2,2.61,2.72,3.39,3.56,NA,FALSE,FALSE,NA,NA,NA,FALSE,FALSE,NA,NA,FALSE,FALSE,FALSE,FALSE,TRUE,FALSE,NA,NA,FALSE,FALSE,FALSE,FALSE,FALSE,FALSE,FALSE,FALSE,TRUE,TRUE
1724,NA,1.62,2.05,NA,NA,NA,2.05,1.83,NA,NA,2.1,1.74,1.62,1.73,2.45,2.15,1.95,NA,1.77,2.08,1.5,1.54,1.47,1.37,2.11,2.01,2.69,2.31,NA,FALSE,FALSE,NA,NA,NA,FALSE,FALSE,NA,NA,FALSE,FALSE,FALSE,FALSE,FALSE,FALSE,FALSE,NA,FALSE,FALSE,FALSE,FALSE,FALSE,FALSE,FALSE,FALSE,FALSE,FALSE
1725,NA,1.34,1.5,2.18,NA,NA,2.39,1.93,NA,NA,1.38,1.47,1.91,1.7,1.67,1.47,1.5,NA,1.87,1.91,1.55,1.38,1.8,1.46,1.91,1.64,2.16,1.58,NA,FALSE,FALSE,FALSE,NA,NA,FALSE,FALSE,NA,NA,FALSE,FALSE,FALSE,FALSE,FALSE,FALSE,FALSE,NA,FALSE,FALSE,FALSE,FALSE,FALSE,FALSE,FALSE,FALSE,FALSE,FALSE
1726,NA,1.58,1.52,3.09,NA,NA,2.14,1.99,NA,NA,1.68,1.76,1.97,1.78,1.78,1.89,1.89,NA,1.49,1.83,1.52,1.42,1.76,1.57,1.71,2.04,2.13,2.38,NA,FALSE,FALSE,TRUE,NA,NA,FALSE,FALSE,NA,NA,FALSE,FALSE,FALSE,FALSE,FALSE,FALSE,FALSE,NA,FALSE,FALSE,FALSE,FALSE,FALSE,FALSE,FALSE,FALSE,FALSE,FALSE
1727,NA,1.33,1.68,2.51,NA,NA,2.39,2.67,NA,NA,1.85,2.33,2.03,1.67,3.18,2.39,2.94,NA,1.92,2.3,1.65,1.48,1.59,2.21,2.2,2.02,2.49,2.79,NA,FALSE,FALSE,FALSE,NA,NA,FALSE,FALSE,NA,NA,FALSE,FALSE,FALSE,FALSE,TRUE,FALSE,TRUE,NA,FALSE,FALSE,FALSE,FALSE,FALSE,FALSE,FALSE,FALSE,FALSE,FALSE
1728,NA,1.65,1.22,2.64,NA,NA,2.17,1.89,NA,NA,2.01,1.69,1.89,1.51,1.89,1.92,1.98,1.97,1.59,1.78,1.32,1.46,1.52,1.74,1.64,1.78,1.45,1.72,NA,FALSE,FALSE,FALSE,NA,NA,FALSE,FALSE,NA,NA,FALSE,FALSE,FALSE,FALSE,FALSE,FALSE,FALSE,FALSE,FALSE,FALSE,FALSE,FALSE,FALSE,FALSE,FALSE,FALSE,FALSE,FALSE
1729,NA,1.65,1.02,2.27,NA,NA,2,2.13,NA,NA,1.81,1.66,1.7,1.32,2.49,2.11,1.7,2.05,1.57,1.63,1.36,1.36,1.53,1.39,2.41,2.18,1.87,2.01,NA,FALSE,FALSE,FALSE,NA,NA,FALSE,FALSE,NA,NA,FALSE,FALSE,FALSE,FALSE,FALSE,FALSE,FALSE,FALSE,FALSE,FALSE,FALSE,FALSE,FALSE,FALSE,FALSE,FALSE,FALSE,FALSE
1730,NA,1.1,1.19,1.99,NA,NA,2.5,1.87,NA,NA,1.39,1.48,1.84,1.58,1.64,1.85,1.48,1.43,1.58,1.56,1.29,1.13,1.25,1.44,1.55,2.03,1.71,1.74,NA,FALSE,FALSE,FALSE,NA,NA,FALSE,FALSE,NA,NA,FALSE,FALSE,FALSE,FALSE,FALSE,FALSE,FALSE,FALSE,FALSE,FALSE,FALSE,FALSE,FALSE,FALSE,FALSE,FALSE,FALSE,FALSE
1731,NA,1.47,1.75,2.23,NA,NA,2.18,1.57,NA,NA,1.7,1.63,1.94,1.48,0.97,2.24,2.03,1.83,1.42,1.89,1.39,1.34,1.75,1.92,2.23,1.83,2.1,1.84,NA,FALSE,FALSE,FALSE,NA,NA,FALSE,FALSE,NA,NA,FALSE,FALSE,FALSE,FALSE,FALSE,FALSE,FALSE,FALSE,FALSE,FALSE,FALSE,FALSE,FALSE,FALSE,FALSE,FALSE,FALSE,FALSE
1732,NA,1.47,1.91,1.92,NA,NA,2.05,1.49,NA,NA,2.46,1.78,2.45,1.72,3.52,2.98,2.88,2.13,2.47,2.52,1.62,1.89,2.18,2.18,2.22,1.91,2.32,1.96,NA,FALSE,FALSE,FALSE,NA,NA,FALSE,FALSE,NA,NA,FALSE,FALSE,FALSE,FALSE,TRUE,FALSE,TRUE,FALSE,FALSE,FALSE,FALSE,FALSE,FALSE,FALSE,FALSE,FALSE,FALSE,FALSE
1733,NA,1.21,1.79,2.49,NA,NA,2.21,2.04,NA,NA,2.4,2.22,2.25,1.63,3.11,2.91,2.68,2.22,2.62,2.44,1.57,2.66,1.69,2.2,2.16,2.19,2.75,2.21,NA,FALSE,FALSE,FALSE,NA,NA,FALSE,FALSE,NA,NA,FALSE,FALSE,FALSE,FALSE,TRUE,FALSE,TRUE,FALSE,FALSE,FALSE,FALSE,FALSE,FALSE,FALSE,FALSE,FALSE,FALSE,FALSE
1734,NA,1.16,1.8,2.25,NA,NA,1.55,1.54,NA,NA,1.35,1.02,1.49,1.51,1.21,1.6,1.32,1.44,1.53,1.87,1.05,1.45,1.44,1.36,2.19,0.91,1.58,1.52,NA,FALSE,FALSE,FALSE,NA,NA,FALSE,FALSE,NA,NA,FALSE,FALSE,FALSE,FALSE,FALSE,FALSE,FALSE,FALSE,FALSE,FALSE,FALSE,FALSE,FALSE,FALSE,FALSE,FALSE,FALSE,FALSE
1735,NA,1.3,1.85,1.86,NA,NA,1.99,1.37,NA,NA,2,1.41,2.25,2.08,2.09,1.72,2.7,2.06,2,1.87,1.13,1.45,1.59,1.97,1.88,1.72,2.54,2,NA,FALSE,FALSE,FALSE,NA,NA,FALSE,FALSE,NA,NA,FALSE,FALSE,FALSE,FALSE,FALSE,FALSE,TRUE,FALSE,FALSE,FALSE,FALSE,FALSE,FALSE,FALSE,FALSE,FALSE,FALSE,FALSE
1736,NA,1.18,1.76,2.21,NA,NA,1.99,1.48,NA,NA,2.48,1.99,2.04,1.81,2.74,2.43,2.59,2.3,2.04,1.69,1.05,1.53,1.34,1.77,2.56,1.44,2.53,2.51,NA,FALSE,FALSE,FALSE,NA,NA,FALSE,FALSE,NA,NA,FALSE,FALSE,FALSE,FALSE,FALSE,FALSE,FALSE,FALSE,FALSE,FALSE,FALSE,FALSE,FALSE,FALSE,FALSE,FALSE,FALSE,FALSE
1737,NA,1.33,1.72,2.49,NA,NA,1.53,1.3,NA,NA,2.44,2.1,1.63,1.49,2.6,3.15,1.82,1.79,1.65,1.6,1.11,1.6,1.49,1.64,2.06,1.65,2.37,1.85,NA,FALSE,FALSE,FALSE,NA,NA,FALSE,FALSE,NA,NA,FALSE,FALSE,FALSE,FALSE,FALSE,FALSE,FALSE,FALSE,FALSE,FALSE,FALSE,FALSE,FALSE,FALSE,FALSE,FALSE,FALSE,FALSE
1738,NA,1.67,1.81,2.25,NA,NA,2.18,1.5,NA,NA,2.8,2.47,2.08,1.75,3.57,3.07,3.4,2.76,2.05,2.47,1.38,2.06,1.94,2.3,2.28,2.12,3.11,2.65,NA,FALSE,FALSE,FALSE,NA,NA,FALSE,FALSE,NA,NA,FALSE,FALSE,FALSE,FALSE,TRUE,FALSE,TRUE,TRUE,FALSE,FALSE,FALSE,FALSE,FALSE,FALSE,FALSE,FALSE,TRUE,FALSE
1739,NA,1.08,1.34,2.22,NA,NA,1.58,1.37,NA,NA,1.53,1.48,1.3,1.24,1.82,2.15,1.49,1.36,1.33,1.31,0.8,1.54,1.25,1.5,1.9,1.35,1.95,1.57,NA,FALSE,FALSE,FALSE,NA,NA,FALSE,FALSE,NA,NA,FALSE,FALSE,FALSE,FALSE,FALSE,FALSE,FALSE,FALSE,FALSE,FALSE,FALSE,FALSE,FALSE,FALSE,FALSE,FALSE,FALSE,FALSE
1740,NA,0.85,1.42,2.7,NA,NA,1.57,1.15,NA,NA,1.86,1.57,1.37,1.14,1.96,2.46,2,1.74,1.39,1.7,1.07,1.67,1.27,1.21,1.99,1.22,1.7,1.66,NA,FALSE,FALSE,FALSE,NA,NA,FALSE,FALSE,NA,NA,FALSE,FALSE,FALSE,FALSE,FALSE,FALSE,FALSE,FALSE,FALSE,FALSE,FALSE,FALSE,FALSE,FALSE,FALSE,FALSE,FALSE,FALSE
1741,NA,0.97,1.01,1.74,NA,NA,2.08,1.11,NA,NA,1.38,1.32,1.4,1.29,1.55,1.11,1.77,1.3,1.01,1.51,0.72,1.12,1.2,1.18,1.11,1.07,1.39,1.4,NA,FALSE,FALSE,FALSE,NA,NA,FALSE,FALSE,NA,NA,FALSE,FALSE,FALSE,FALSE,FALSE,FALSE,FALSE,FALSE,FALSE,FALSE,FALSE,FALSE,FALSE,FALSE,FALSE,FALSE,FALSE,FALSE
1742,NA,1.08,1.22,2.26,NA,NA,1.67,1.27,NA,NA,1.7,1.61,1.61,1.08,1.81,2.19,1.95,1.76,1.46,1.94,0.83,1.27,1.21,1.33,1.92,1.52,0.78,1.05,NA,FALSE,FALSE,FALSE,NA,NA,FALSE,FALSE,NA,NA,FALSE,FALSE,FALSE,FALSE,FALSE,FALSE,FALSE,FALSE,FALSE,FALSE,FALSE,FALSE,FALSE,FALSE,FALSE,FALSE,FALSE,FALSE
1743,NA,0.73,1.2,2.34,NA,NA,1.5,1.11,NA,NA,1.77,1.75,1.32,1.09,1.76,2.1,1.41,1.75,1.36,1.37,0.97,1.42,1.34,1.44,1.17,1.21,0.32,1.17,NA,FALSE,FALSE,FALSE,NA,NA,FALSE,FALSE,NA,NA,FALSE,FALSE,FALSE,FALSE,FALSE,FALSE,FALSE,FALSE,FALSE,FALSE,FALSE,FALSE,FALSE,FALSE,FALSE,FALSE,FALSE,FALSE
1744,NA,1.2,0.9,1.96,NA,NA,1.67,0.82,NA,NA,1.68,1.26,1.24,1.15,2.01,1.84,2.63,1.85,1.33,1.36,0.68,1.14,1.16,0.98,1.47,1.18,0,1.68,NA,FALSE,FALSE,FALSE,NA,NA,FALSE,FALSE,NA,NA,FALSE,FALSE,FALSE,FALSE,FALSE,FALSE,FALSE,FALSE,FALSE,FALSE,FALSE,FALSE,FALSE,FALSE,FALSE,FALSE,FALSE,FALSE
1745,NA,1.15,1.2,2.15,NA,NA,1.63,1.1,NA,NA,1.76,1.97,1.93,1.25,2.81,2.32,1.08,1.64,1.47,1.8,0.87,1.57,1.37,1.54,1.41,1.76,1.2,2.39,NA,FALSE,FALSE,FALSE,NA,NA,FALSE,FALSE,NA,NA,FALSE,FALSE,FALSE,FALSE,FALSE,FALSE,FALSE,FALSE,FALSE,FALSE,FALSE,FALSE,FALSE,FALSE,FALSE,FALSE,FALSE,FALSE
1746,1.81,1.4,1.5,2.16,NA,NA,1.31,0.91,NA,NA,2.13,2.04,1.25,1.14,2.14,2.75,1.62,2.04,1.55,1.81,0.94,1.81,1.28,1.37,1.49,1.49,1.98,1.77,FALSE,FALSE,FALSE,FALSE,NA,NA,FALSE,FALSE,NA,NA,FALSE,FALSE,FALSE,FALSE,FALSE,FALSE,FALSE,FALSE,FALSE,FALSE,FALSE,FALSE,FALSE,FALSE,FALSE,FALSE,FALSE,FALSE
1747,1.39,1.74,1.01,1.73,NA,NA,1.4,0.98,NA,NA,1.82,1.9,1.38,0.96,1.77,2.07,1.96,2.36,1.29,1.08,0.92,1.6,1.08,1.12,1.44,1.33,1.8,1.35,FALSE,FALSE,FALSE,FALSE,NA,NA,FALSE,FALSE,NA,NA,FALSE,FALSE,FALSE,FALSE,FALSE,FALSE,FALSE,TRUE,FALSE,FALSE,FALSE,FALSE,FALSE,FALSE,FALSE,FALSE,FALSE,FALSE
1748,1.42,1.24,1,1.38,NA,NA,1.15,1.23,NA,NA,1.47,1.17,1.52,0.95,2.08,1.66,1.28,1.51,1.11,1.6,0.67,1.17,0.99,1.34,1.47,1.44,1.91,2.24,FALSE,FALSE,FALSE,FALSE,NA,NA,FALSE,FALSE,NA,NA,FALSE,FALSE,FALSE,FALSE,FALSE,FALSE,FALSE,FALSE,FALSE,FALSE,FALSE,FALSE,FALSE,FALSE,FALSE,FALSE,FALSE,FALSE
1749,1.15,1.46,1.15,0.98,NA,NA,0.88,0.86,NA,NA,1.63,1.47,1.17,1.22,1.1,1.61,1.65,1.77,1.23,1.49,0.62,1.36,0.93,1.19,1.19,0.9,0.87,1.22,FALSE,FALSE,FALSE,FALSE,NA,NA,FALSE,FALSE,NA,NA,FALSE,FALSE,FALSE,FALSE,FALSE,FALSE,FALSE,FALSE,FALSE,FALSE,FALSE,FALSE,FALSE,FALSE,FALSE,FALSE,FALSE,FALSE
1750,1.48,1.34,1.44,1.38,NA,NA,1.28,1.6,NA,NA,2.33,2.37,1.92,1.19,2.55,3.34,2.52,2.54,1.84,1.94,0.97,1.87,1.53,1.6,1.67,1.36,1.58,2.44,FALSE,FALSE,FALSE,FALSE,NA,NA,FALSE,FALSE,NA,NA,FALSE,FALSE,FALSE,FALSE,FALSE,TRUE,FALSE,TRUE,FALSE,FALSE,FALSE,FALSE,FALSE,FALSE,FALSE,FALSE,FALSE,FALSE
1751,1.07,1.33,1.26,1.29,NA,NA,1.42,1.59,NA,NA,1.62,1.73,1.45,1.06,1.65,1.84,2.03,1.18,1.47,1.03,0.63,1.21,1.33,1.25,1.87,1.15,2.28,1.49,FALSE,FALSE,FALSE,FALSE,NA,NA,FALSE,FALSE,NA,NA,FALSE,FALSE,FALSE,FALSE,FALSE,FALSE,FALSE,FALSE,FALSE,FALSE,FALSE,FALSE,FALSE,FALSE,FALSE,FALSE,FALSE,FALSE
1752,1.44,1.95,1.08,0.82,NA,NA,1.77,1.17,NA,NA,1.92,1.94,1.88,1.5,2.64,3.45,2.67,2.1,1.15,1.98,1.11,2.03,1.38,1.66,1.7,1.45,3.07,2.03,FALSE,FALSE,FALSE,FALSE,NA,NA,FALSE,FALSE,NA,NA,FALSE,FALSE,FALSE,FALSE,FALSE,TRUE,TRUE,FALSE,FALSE,FALSE,FALSE,FALSE,FALSE,FALSE,FALSE,FALSE,TRUE,FALSE
1753,0.57,0.77,0.74,0.71,NA,NA,1.13,0.76,NA,NA,1.1,0.98,1.37,0.97,1.07,0.98,0.93,0.8,1.03,1.48,0.73,1.15,0.69,0.67,0.93,0.8,1.12,1.25,FALSE,FALSE,FALSE,FALSE,NA,NA,FALSE,FALSE,NA,NA,FALSE,FALSE,FALSE,FALSE,FALSE,FALSE,FALSE,FALSE,FALSE,FALSE,FALSE,FALSE,FALSE,FALSE,FALSE,FALSE,FALSE,FALSE
1754,0.69,0.89,0.63,1.11,NA,NA,0.91,0.73,NA,NA,1.13,0.84,1.16,0.87,1,0.88,1.26,1.15,0.85,1.06,0.66,1.06,0.74,0.67,0.86,0.4,0.98,1.04,FALSE,FALSE,FALSE,FALSE,NA,NA,FALSE,FALSE,NA,NA,FALSE,FALSE,FALSE,FALSE,FALSE,FALSE,FALSE,FALSE,FALSE,FALSE,FALSE,FALSE,FALSE,FALSE,FALSE,FALSE,FALSE,FALSE
1755,0.97,0.8,0.81,1.22,NA,NA,1.19,0.99,NA,NA,1.16,1.16,1.25,0.98,2.02,1.39,2.36,1.64,1.38,1.5,0.68,1.24,1.04,0.91,0.92,0.66,1.52,1.18,FALSE,FALSE,FALSE,FALSE,NA,NA,FALSE,FALSE,NA,NA,FALSE,FALSE,FALSE,FALSE,FALSE,FALSE,FALSE,FALSE,FALSE,FALSE,FALSE,FALSE,FALSE,FALSE,FALSE,FALSE,FALSE,FALSE
1756,0.78,1.03,0.71,0.6,NA,NA,1.04,0.66,NA,NA,0.77,0.77,0.72,0.59,0.68,0.91,0.9,0.83,0.49,0.43,0.41,0.79,0.56,0.61,0.73,0.49,1.06,0.63,FALSE,FALSE,FALSE,FALSE,NA,NA,FALSE,FALSE,NA,NA,FALSE,FALSE,FALSE,FALSE,FALSE,FALSE,FALSE,FALSE,FALSE,FALSE,FALSE,FALSE,FALSE,FALSE,FALSE,FALSE,FALSE,FALSE
1757,0.77,0.82,0.43,0.5,NA,NA,0.95,0.9,NA,NA,0.83,0.74,1,0.6,0.72,0.58,0.59,0.54,0.68,0.63,0.35,0.63,0.66,0.61,0.81,0.52,1.06,0.66,FALSE,FALSE,FALSE,FALSE,NA,NA,FALSE,FALSE,NA,NA,FALSE,FALSE,FALSE,FALSE,FALSE,FALSE,FALSE,FALSE,FALSE,FALSE,FALSE,FALSE,FALSE,FALSE,FALSE,FALSE,FALSE,FALSE
1758,0.79,1.07,0.51,0.93,NA,NA,1.07,0.94,NA,NA,1.11,1.09,0.78,0.59,1.09,0.84,1.15,1,1.03,1.05,0.48,0.81,0.77,0.47,0.64,0.48,0.98,0.55,FALSE,FALSE,FALSE,FALSE,NA,NA,FALSE,FALSE,NA,NA,FALSE,FALSE,FALSE,FALSE,FALSE,FALSE,FALSE,FALSE,FALSE,FALSE,FALSE,FALSE,FALSE,FALSE,FALSE,FALSE,FALSE,FALSE
1759,0.64,1.13,0.51,0.86,NA,NA,1.1,0.87,NA,NA,0.78,0.68,0.74,0.46,0.83,0.69,0.9,0.6,0.61,0.79,0.56,0.83,0.64,0.46,0.74,0.52,0.78,0.4,FALSE,FALSE,FALSE,FALSE,NA,NA,FALSE,FALSE,NA,NA,FALSE,FALSE,FALSE,FALSE,FALSE,FALSE,FALSE,FALSE,FALSE,FALSE,FALSE,FALSE,FALSE,FALSE,FALSE,FALSE,FALSE,FALSE
1760,0.9,0.85,0.45,0.89,NA,NA,0.82,1.06,NA,NA,1.06,1.38,0.94,0.61,1.2,1.03,1.01,0.9,0.79,0.59,0.47,0.91,0.84,0.57,1.14,0.61,1.23,0.78,FALSE,FALSE,FALSE,FALSE,NA,NA,FALSE,FALSE,NA,NA,FALSE,FALSE,FALSE,FALSE,FALSE,FALSE,FALSE,FALSE,FALSE,FALSE,FALSE,FALSE,FALSE,FALSE,FALSE,FALSE,FALSE,FALSE
1761,1.49,1.71,0.71,1.49,NA,NA,0.86,0.93,NA,NA,1.45,1.42,0.97,0.56,2.21,1.83,2.02,1.68,1.24,1.15,0.72,0.88,1.05,0.99,1.48,0.92,1.47,0.88,FALSE,FALSE,FALSE,FALSE,NA,NA,FALSE,FALSE,NA,NA,FALSE,FALSE,FALSE,FALSE,FALSE,FALSE,FALSE,FALSE,FALSE,FALSE,FALSE,FALSE,FALSE,FALSE,FALSE,FALSE,FALSE,FALSE
1762,0.9,1.37,0.65,1.31,NA,NA,0.77,0.88,NA,NA,1.25,1.22,0.82,0.5,1.08,1.59,1.29,1.43,0.87,1.05,0.61,1.06,0.9,0.75,1.11,0.79,1.17,1.03,FALSE,FALSE,FALSE,FALSE,NA,NA,FALSE,FALSE,NA,NA,FALSE,FALSE,FALSE,FALSE,FALSE,FALSE,FALSE,FALSE,FALSE,FALSE,FALSE,FALSE,FALSE,FALSE,FALSE,FALSE,FALSE,FALSE
1763,1.3,1.37,0.57,0.97,NA,NA,0.84,1.03,NA,NA,1.41,1.42,0.98,0.62,1.74,1.6,1.07,1.29,0.91,1.24,0.75,1.42,0.9,0.92,1.4,0.73,1.32,1.14,FALSE,FALSE,FALSE,FALSE,NA,NA,FALSE,FALSE,NA,NA,FALSE,FALSE,FALSE,FALSE,FALSE,FALSE,FALSE,FALSE,FALSE,FALSE,FALSE,FALSE,FALSE,FALSE,FALSE,FALSE,FALSE,FALSE
1764,1.64,1.25,0.57,0.88,NA,NA,1.03,1.19,NA,NA,1.24,1.09,0.71,0.65,1.13,1.02,0.78,0.8,0.93,1,0.62,1.1,0.76,0.78,1.09,0.86,1.28,0.81,FALSE,FALSE,FALSE,FALSE,NA,NA,FALSE,FALSE,NA,NA,FALSE,FALSE,FALSE,FALSE,FALSE,FALSE,FALSE,FALSE,FALSE,FALSE,FALSE,FALSE,FALSE,FALSE,FALSE,FALSE,FALSE,FALSE
1765,1.53,1.19,0.7,1.27,NA,NA,1.03,1.18,NA,NA,1.2,1.51,1,0.88,1.49,1.69,1.45,1.49,1.1,0.92,0.96,1.2,1.25,1.15,0.98,0.95,1.48,1.05,FALSE,FALSE,FALSE,FALSE,NA,NA,FALSE,FALSE,NA,NA,FALSE,FALSE,FALSE,FALSE,FALSE,FALSE,FALSE,FALSE,FALSE,FALSE,FALSE,FALSE,FALSE,FALSE,FALSE,FALSE,FALSE,FALSE
1766,1.47,1.71,0.79,1.5,NA,NA,1.11,1.23,NA,NA,1.6,1.55,1.27,1.11,2.21,1.95,1.37,1.64,1.15,1.21,1.04,1.57,1.01,1.04,2.01,1.07,1.84,1.39,FALSE,FALSE,FALSE,FALSE,NA,NA,FALSE,FALSE,NA,NA,FALSE,FALSE,FALSE,FALSE,FALSE,FALSE,FALSE,FALSE,FALSE,FALSE,FALSE,FALSE,FALSE,FALSE,FALSE,FALSE,FALSE,FALSE
1767,1.42,1.45,0.8,1.61,NA,NA,0.94,0.89,NA,NA,1.28,1.41,0.87,1,1.24,1.06,0.86,1.23,0.99,0.79,0.69,1.23,0.93,0.92,1.01,0.66,1.39,0.9,FALSE,FALSE,FALSE,FALSE,NA,NA,FALSE,FALSE,NA,NA,FALSE,FALSE,FALSE,FALSE,FALSE,FALSE,FALSE,FALSE,FALSE,FALSE,FALSE,FALSE,FALSE,FALSE,FALSE,FALSE,FALSE,FALSE
1768,1.35,0.93,0.79,1.14,NA,NA,1.04,0.81,NA,NA,1.03,1.2,0.76,0.56,1.04,0.94,0.62,0.8,0.63,0.76,0.63,0.79,0.76,0.59,0.59,0.4,1.17,0.8,FALSE,FALSE,FALSE,FALSE,NA,NA,FALSE,FALSE,NA,NA,FALSE,FALSE,FALSE,FALSE,FALSE,FALSE,FALSE,FALSE,FALSE,FALSE,FALSE,FALSE,FALSE,FALSE,FALSE,FALSE,FALSE,FALSE
1769,1.27,1.08,0.69,0.94,NA,NA,0.97,0.9,NA,NA,1.06,1.33,0.75,0.8,1.55,1.34,1,1.13,0.78,0.76,0.65,0.92,0.87,0.68,1.15,0.69,1.2,0.88,FALSE,FALSE,FALSE,FALSE,NA,NA,FALSE,FALSE,NA,NA,FALSE,FALSE,FALSE,FALSE,FALSE,FALSE,FALSE,FALSE,FALSE,FALSE,FALSE,FALSE,FALSE,FALSE,FALSE,FALSE,FALSE,FALSE
1770,1.83,1.12,1.04,1.14,NA,NA,1.14,1.05,NA,NA,1.3,1.53,1.02,0.86,1.4,1.13,1.14,1.22,0.57,0.7,1.03,1.46,0.91,0.94,0.9,0.66,1.04,0.76,FALSE,FALSE,FALSE,FALSE,NA,NA,FALSE,FALSE,NA,NA,FALSE,FALSE,FALSE,FALSE,FALSE,FALSE,FALSE,FALSE,FALSE,FALSE,FALSE,FALSE,FALSE,FALSE,FALSE,FALSE,FALSE,FALSE
1771,1.45,1.15,1.01,1.03,NA,NA,1.22,1.29,NA,NA,1.29,1.37,0.67,0.82,1.14,1.39,1.27,1.12,0.55,0.94,0.76,1.1,0.67,0.82,1.06,0.65,1.06,1,FALSE,FALSE,FALSE,FALSE,NA,NA,FALSE,FALSE,NA,NA,FALSE,FALSE,FALSE,FALSE,FALSE,FALSE,FALSE,FALSE,FALSE,FALSE,FALSE,FALSE,FALSE,FALSE,FALSE,FALSE,FALSE,FALSE
1772,1.18,1.07,0.63,1.2,NA,NA,1.16,0.89,NA,NA,1.25,1.17,0.87,0.72,1.57,1.29,1.38,1.39,0.59,0.74,0.71,0.86,0.87,0.86,0.61,0.55,1,0.8,FALSE,FALSE,FALSE,FALSE,NA,NA,FALSE,FALSE,NA,NA,FALSE,FALSE,FALSE,FALSE,FALSE,FALSE,FALSE,FALSE,FALSE,FALSE,FALSE,FALSE,FALSE,FALSE,FALSE,FALSE,FALSE,FALSE
1773,1.39,1.36,0.85,1.69,NA,NA,1.57,1.23,NA,NA,1.08,1.34,0.86,0.85,1.59,1.22,1.16,1.29,0.54,0.57,0.81,0.83,0.82,0.91,1.26,0.68,1.37,0.93,FALSE,FALSE,FALSE,FALSE,NA,NA,FALSE,FALSE,NA,NA,FALSE,FALSE,FALSE,FALSE,FALSE,FALSE,FALSE,FALSE,FALSE,FALSE,FALSE,FALSE,FALSE,FALSE,FALSE,FALSE,FALSE,FALSE
1774,1.79,1.2,0.82,1.43,NA,NA,1.13,1.18,NA,1.44,1.35,1.34,0.95,0.85,1.52,1.44,1.25,1.32,0.75,0.66,0.78,1.33,1.02,0.91,1.68,0.88,1.41,1.21,FALSE,FALSE,FALSE,FALSE,NA,NA,FALSE,FALSE,NA,FALSE,FALSE,FALSE,FALSE,FALSE,FALSE,FALSE,FALSE,FALSE,FALSE,FALSE,FALSE,FALSE,FALSE,FALSE,FALSE,FALSE,FALSE,FALSE
1775,1.28,0.84,0.7,0.97,NA,NA,1.1,0.8,NA,1.47,1.56,1.21,0.9,0.84,1.39,1.29,1.16,1.28,0.49,0.52,0.5,0.9,1.03,0.95,1.19,0.9,1.27,0.8,FALSE,FALSE,FALSE,FALSE,NA,NA,FALSE,FALSE,NA,FALSE,FALSE,FALSE,FALSE,FALSE,FALSE,FALSE,FALSE,FALSE,FALSE,FALSE,FALSE,FALSE,FALSE,FALSE,FALSE,FALSE,FALSE,FALSE
1776,1,0.92,0.73,1.17,NA,NA,0.92,0.69,NA,1.21,1.01,1.12,0.77,0.61,1.03,0.85,0.85,0.78,0.38,0.55,0.53,0.69,0.69,0.75,0.67,0.52,0.77,0.74,FALSE,FALSE,FALSE,FALSE,NA,NA,FALSE,FALSE,NA,FALSE,FALSE,FALSE,FALSE,FALSE,FALSE,FALSE,FALSE,FALSE,FALSE,FALSE,FALSE,FALSE,FALSE,FALSE,FALSE,FALSE,FALSE,FALSE
1777,1.27,0.84,0.59,1.48,NA,NA,0.78,0.92,NA,0.95,1.07,1.05,0.64,0.7,0.87,0.77,0.9,0.86,0.59,0.49,0.6,0.81,0.8,0.73,0.86,0.58,0.61,0.76,FALSE,FALSE,FALSE,FALSE,NA,NA,FALSE,FALSE,NA,FALSE,FALSE,FALSE,FALSE,FALSE,FALSE,FALSE,FALSE,FALSE,FALSE,FALSE,FALSE,FALSE,FALSE,FALSE,FALSE,FALSE,FALSE,FALSE
1778,1.52,1.08,0.47,1.15,NA,NA,0.99,0.76,NA,1.03,1.22,1.29,1.01,0.75,1.26,1.24,1.22,1.03,0.74,0.66,0.75,1.08,1.01,0.85,1.28,0.64,0.68,0.85,FALSE,FALSE,FALSE,FALSE,NA,NA,FALSE,FALSE,NA,FALSE,FALSE,FALSE,FALSE,FALSE,FALSE,FALSE,FALSE,FALSE,FALSE,FALSE,FALSE,FALSE,FALSE,FALSE,FALSE,FALSE,FALSE,FALSE
1779,1.21,0.94,0.58,1,NA,NA,1.14,0.82,NA,0.78,1.18,1.3,1.06,0.83,1.13,0.89,1.31,1.25,0.79,0.76,0.62,0.99,0.84,0.7,0.85,0.57,0.76,0.79,FALSE,FALSE,FALSE,FALSE,NA,NA,FALSE,FALSE,NA,FALSE,FALSE,FALSE,FALSE,FALSE,FALSE,FALSE,FALSE,FALSE,FALSE,FALSE,FALSE,FALSE,FALSE,FALSE,FALSE,FALSE,FALSE,FALSE
1780,2.12,1.14,0.55,1.14,NA,NA,1.12,0.86,NA,1.62,1.4,1.39,1.08,0.82,1.53,0.9,1.23,1.31,0.79,0.98,0.81,1.1,1.1,1.05,1.01,0.7,1.14,1.28,FALSE,FALSE,FALSE,FALSE,NA,NA,FALSE,FALSE,NA,FALSE,FALSE,FALSE,FALSE,FALSE,FALSE,FALSE,FALSE,FALSE,FALSE,FALSE,FALSE,FALSE,FALSE,FALSE,FALSE,FALSE,FALSE,FALSE
1781,1.82,1.06,0.8,1.18,NA,NA,0.97,0.83,NA,1.21,0.99,1.21,0.86,0.63,1.19,1,1.05,1.12,0.51,0.7,0.63,0.76,0.78,0.78,0.94,0.43,1.05,1.15,FALSE,FALSE,FALSE,FALSE,NA,NA,FALSE,FALSE,NA,FALSE,FALSE,FALSE,FALSE,FALSE,FALSE,FALSE,FALSE,FALSE,FALSE,FALSE,FALSE,FALSE,FALSE,FALSE,FALSE,FALSE,FALSE,FALSE
1782,1.24,0.99,0.51,0.89,NA,NA,1,0.68,NA,1.04,1.04,0.97,0.7,0.72,0.87,0.99,0.77,0.74,0.75,0.86,0.61,0.77,0.83,0.6,0.86,0.4,0.73,0.85,FALSE,FALSE,FALSE,FALSE,NA,NA,FALSE,FALSE,NA,FALSE,FALSE,FALSE,FALSE,FALSE,FALSE,FALSE,FALSE,FALSE,FALSE,FALSE,FALSE,FALSE,FALSE,FALSE,FALSE,FALSE,FALSE,FALSE
1783,1.84,0.87,0.6,1.26,NA,NA,0.91,0.89,NA,1.21,1.16,1.13,0.71,0.59,1.1,0.67,0.95,0.89,0.8,0.65,0.67,0.88,0.77,0.61,0.7,0.45,0.76,0.83,FALSE,FALSE,FALSE,FALSE,NA,NA,FALSE,FALSE,NA,FALSE,FALSE,FALSE,FALSE,FALSE,FALSE,FALSE,FALSE,FALSE,FALSE,FALSE,FALSE,FALSE,FALSE,FALSE,FALSE,FALSE,FALSE,FALSE
1784,1.52,0.92,0.59,0.78,NA,NA,0.9,0.73,NA,1.09,1.09,1.39,1.02,0.63,1.21,1.03,1.07,0.77,0.61,0.72,0.74,0.94,0.8,0.77,0.97,0.55,0.84,0.97,FALSE,FALSE,FALSE,FALSE,NA,NA,FALSE,FALSE,NA,FALSE,FALSE,FALSE,FALSE,FALSE,FALSE,FALSE,FALSE,FALSE,FALSE,FALSE,FALSE,FALSE,FALSE,FALSE,FALSE,FALSE,FALSE,FALSE
1785,1.8,0.7,0.59,0.58,NA,NA,0.92,0.72,NA,0.8,1.16,1.2,0.75,0.63,1.25,1.01,1.42,1.01,0.62,0.79,0.6,0.65,1.05,0.58,1.06,0.42,0.81,0.89,FALSE,FALSE,FALSE,FALSE,NA,NA,FALSE,FALSE,NA,FALSE,FALSE,FALSE,FALSE,FALSE,FALSE,FALSE,FALSE,FALSE,FALSE,FALSE,FALSE,FALSE,FALSE,FALSE,FALSE,FALSE,FALSE,FALSE
1786,1.89,0.85,0.62,0.7,NA,NA,1.09,0.75,NA,0.92,0.88,1.13,0.72,0.69,0.93,0.56,1.04,0.9,0.69,0.69,0.67,0.83,0.73,0.61,0.66,0.51,0.92,0.76,FALSE,FALSE,FALSE,FALSE,NA,NA,FALSE,FALSE,NA,FALSE,FALSE,FALSE,FALSE,FALSE,FALSE,FALSE,FALSE,FALSE,FALSE,FALSE,FALSE,FALSE,FALSE,FALSE,FALSE,FALSE,FALSE,FALSE
1787,1.47,0.67,0.41,0.57,NA,NA,0.62,0.53,NA,0.78,0.81,0.98,0.62,0.45,0.55,0.44,0.82,0.62,0.7,0.65,0.72,0.59,0.69,0.47,0.61,0.46,0.79,0.87,FALSE,FALSE,FALSE,FALSE,NA,NA,FALSE,FALSE,NA,FALSE,FALSE,FALSE,FALSE,FALSE,FALSE,FALSE,FALSE,FALSE,FALSE,FALSE,FALSE,FALSE,FALSE,FALSE,FALSE,FALSE,FALSE,FALSE
1788,1.74,0.7,0.51,0.75,NA,NA,0.85,0.83,NA,1.11,0.85,1.17,0.84,0.52,1.18,0.8,1.18,0.93,0.42,0.51,0.71,0.69,0.86,0.67,0.68,0.59,0.82,0.86,FALSE,FALSE,FALSE,FALSE,NA,NA,FALSE,FALSE,NA,FALSE,FALSE,FALSE,FALSE,FALSE,FALSE,FALSE,FALSE,FALSE,FALSE,FALSE,FALSE,FALSE,FALSE,FALSE,FALSE,FALSE,FALSE,FALSE
1789,1.97,0.92,0.64,0.93,NA,NA,0.9,0.75,NA,0.99,0.88,0.83,0.85,0.62,0.94,0.98,0.92,0.83,0.47,0.46,0.69,0.66,1,0.76,0.58,0.52,0.78,0.77,FALSE,FALSE,FALSE,FALSE,NA,NA,FALSE,FALSE,NA,FALSE,FALSE,FALSE,FALSE,FALSE,FALSE,FALSE,FALSE,FALSE,FALSE,FALSE,FALSE,FALSE,FALSE,FALSE,FALSE,FALSE,FALSE,FALSE
1790,1.6,0.84,0.65,1.09,NA,NA,1.05,0.86,NA,0.92,0.88,0.78,0.72,0.66,0.84,0.65,0.92,0.65,0.52,0.5,0.7,0.45,0.87,0.63,0.64,0.6,0.74,0.85,FALSE,FALSE,FALSE,FALSE,NA,NA,FALSE,FALSE,NA,FALSE,FALSE,FALSE,FALSE,FALSE,FALSE,FALSE,FALSE,FALSE,FALSE,FALSE,FALSE,FALSE,FALSE,FALSE,FALSE,FALSE,FALSE,FALSE
1791,2.31,1.12,0.74,1.6,NA,NA,1.8,1.17,NA,1.48,0.78,0.94,0.89,0.65,1.51,1.56,1.63,1.2,0.68,0.71,0.78,0.76,1.14,0.99,1.34,0.82,1,1.19,FALSE,FALSE,FALSE,FALSE,NA,NA,FALSE,FALSE,NA,FALSE,FALSE,FALSE,FALSE,FALSE,FALSE,FALSE,FALSE,FALSE,FALSE,FALSE,FALSE,FALSE,FALSE,FALSE,FALSE,FALSE,FALSE,FALSE
1792,2.47,1,0.88,1.3,NA,NA,1.27,0.77,NA,1.41,0.84,0.76,0.95,0.76,1.55,1.33,1.37,1.37,0.62,0.57,0.83,0.9,1.02,0.94,1.13,0.82,1.4,1.16,FALSE,FALSE,FALSE,FALSE,NA,NA,FALSE,FALSE,NA,FALSE,FALSE,FALSE,FALSE,FALSE,FALSE,FALSE,FALSE,FALSE,FALSE,FALSE,FALSE,FALSE,FALSE,FALSE,FALSE,FALSE,FALSE,FALSE
1793,2.37,1.69,0.94,1.58,NA,NA,1.67,1.19,2.25,1.19,1.12,0.96,1.2,0.99,1.16,1.44,1.62,1.75,0.76,0.91,1.08,1.26,1.31,1.29,1.35,0.84,1.75,1.07,FALSE,FALSE,FALSE,FALSE,NA,NA,FALSE,FALSE,FALSE,FALSE,FALSE,FALSE,FALSE,FALSE,FALSE,FALSE,FALSE,FALSE,FALSE,FALSE,FALSE,FALSE,FALSE,FALSE,FALSE,FALSE,FALSE,FALSE
1794,1.91,0.97,0.77,1.19,NA,NA,0.82,0.85,1.66,1.15,0.79,0.75,0.94,0.82,0.95,1.03,1,0.81,0.5,0.66,0.66,0.6,0.89,0.79,0.78,0.41,1.24,0.77,FALSE,FALSE,FALSE,FALSE,NA,NA,FALSE,FALSE,FALSE,FALSE,FALSE,FALSE,FALSE,FALSE,FALSE,FALSE,FALSE,FALSE,FALSE,FALSE,FALSE,FALSE,FALSE,FALSE,FALSE,FALSE,FALSE,FALSE
1795,1.68,0.97,0.67,1.28,NA,NA,1,0.82,1.78,1.17,0.6,0.48,0.98,0.84,0.93,0.7,0.85,0.77,0.48,0.6,0.57,0.55,0.69,0.81,0.84,0.45,1.03,0.78,FALSE,FALSE,FALSE,FALSE,NA,NA,FALSE,FALSE,FALSE,FALSE,FALSE,FALSE,FALSE,FALSE,FALSE,FALSE,FALSE,FALSE,FALSE,FALSE,FALSE,FALSE,FALSE,FALSE,FALSE,FALSE,FALSE,FALSE
1796,1.52,0.94,0.63,1.04,NA,NA,0.96,0.71,1.53,1.11,0.67,0.55,0.88,0.75,0.68,0.43,0.75,0.79,0.54,0.44,0.59,0.48,0.57,0.52,0.67,0.43,0.72,0.63,FALSE,FALSE,FALSE,FALSE,NA,NA,FALSE,FALSE,FALSE,FALSE,FALSE,FALSE,FALSE,FALSE,FALSE,FALSE,FALSE,FALSE,FALSE,FALSE,FALSE,FALSE,FALSE,FALSE,FALSE,FALSE,FALSE,FALSE
1797,0.86,0.77,0.57,1.04,NA,NA,0.69,0.51,1.1,0.66,0.51,0.51,0.64,0.55,0.42,0.36,0.56,0.63,0.57,0.36,0.42,0.47,0.55,0.42,0.37,0.3,0.33,0.42,FALSE,FALSE,FALSE,FALSE,NA,NA,FALSE,FALSE,FALSE,FALSE,FALSE,FALSE,FALSE,FALSE,FALSE,FALSE,FALSE,FALSE,FALSE,FALSE,FALSE,FALSE,FALSE,FALSE,FALSE,FALSE,FALSE,FALSE
1798,0.94,0.64,0.38,0.61,NA,NA,0.83,0.72,1.26,0.8,0.89,0.77,0.73,0.7,0.62,0.49,0.46,0.32,0.52,0.4,0.53,0.67,0.63,0.5,0.52,0.27,0.46,0.58,FALSE,FALSE,FALSE,FALSE,NA,NA,FALSE,FALSE,FALSE,FALSE,FALSE,FALSE,FALSE,FALSE,FALSE,FALSE,FALSE,FALSE,FALSE,FALSE,FALSE,FALSE,FALSE,FALSE,FALSE,FALSE,FALSE,FALSE
1799,1,0.64,0.5,0.63,NA,NA,1.04,0.84,1.44,0.97,0.78,0.67,0.72,0.8,0.7,0.54,0.81,0.62,0.62,0.79,0.63,0.81,0.82,0.75,0.58,0.3,0.52,0.53,FALSE,FALSE,FALSE,FALSE,NA,NA,FALSE,FALSE,FALSE,FALSE,FALSE,FALSE,FALSE,FALSE,FALSE,FALSE,FALSE,FALSE,FALSE,FALSE,FALSE,FALSE,FALSE,FALSE,FALSE,FALSE,FALSE,FALSE
1800,1.18,0.74,0.68,1.03,NA,NA,0.83,0.75,1.15,0.89,0.99,0.88,0.66,0.77,1.29,0.81,0.79,0.97,0.61,0.64,0.79,0.95,0.72,0.84,0.74,0.36,0.78,0.91,FALSE,FALSE,FALSE,FALSE,NA,NA,FALSE,FALSE,FALSE,FALSE,FALSE,FALSE,FALSE,FALSE,FALSE,FALSE,FALSE,FALSE,FALSE,FALSE,FALSE,FALSE,FALSE,FALSE,FALSE,FALSE,FALSE,FALSE
1801,1.31,0.78,0.55,0.81,NA,NA,0.73,0.55,0.94,0.79,1.11,0.97,0.68,0.75,1.08,0.88,0.86,0.87,0.36,0.4,0.98,1.03,0.74,0.77,0.88,0.45,0.85,0.94,FALSE,FALSE,FALSE,FALSE,NA,NA,FALSE,FALSE,FALSE,FALSE,FALSE,FALSE,FALSE,FALSE,FALSE,FALSE,FALSE,FALSE,FALSE,FALSE,FALSE,FALSE,FALSE,FALSE,FALSE,FALSE,FALSE,FALSE
1802,1.18,0.8,0.37,0.63,NA,NA,1.03,0.68,1.21,0.87,1.21,0.99,0.82,0.89,0.83,0.77,0.86,0.76,0.48,0.49,0.81,1.02,0.68,0.63,1.13,0.45,1,0.96,FALSE,FALSE,FALSE,FALSE,NA,NA,FALSE,FALSE,FALSE,FALSE,FALSE,FALSE,FALSE,FALSE,FALSE,FALSE,FALSE,FALSE,FALSE,FALSE,FALSE,FALSE,FALSE,FALSE,FALSE,FALSE,FALSE,FALSE
1803,0.93,0.96,0.27,0.4,NA,NA,0.55,0.52,1.18,0.32,1.11,0.89,0.54,0.48,0.74,0.57,1.17,0.62,0.37,0.12,0.64,0.5,0.49,0.51,0.78,0.39,0.74,0.81,FALSE,FALSE,FALSE,FALSE,NA,NA,FALSE,FALSE,FALSE,FALSE,FALSE,FALSE,FALSE,FALSE,FALSE,FALSE,FALSE,FALSE,FALSE,FALSE,FALSE,FALSE,FALSE,FALSE,FALSE,FALSE,FALSE,FALSE
1804,1.16,0.61,0.23,0.57,NA,NA,0.72,0.36,1.15,0.22,1.21,0.86,0.55,0.59,1.34,1.02,1.13,1.02,0.46,0.14,0.89,0.76,0.62,0.63,0.69,0.52,0.98,0.77,FALSE,FALSE,FALSE,FALSE,NA,NA,FALSE,FALSE,FALSE,FALSE,FALSE,FALSE,FALSE,FALSE,FALSE,FALSE,FALSE,FALSE,FALSE,FALSE,FALSE,FALSE,FALSE,FALSE,FALSE,FALSE,FALSE,FALSE
1805,0.85,0.62,0.22,0.46,NA,NA,0.88,0.58,1.1,0.23,1.13,1.09,0.57,0.44,1,0.95,0.7,0.79,0.46,0.2,0.86,0.85,0.49,0.64,0.98,0.63,1.13,0.82,FALSE,FALSE,FALSE,FALSE,NA,NA,FALSE,FALSE,FALSE,FALSE,FALSE,FALSE,FALSE,FALSE,FALSE,FALSE,FALSE,FALSE,FALSE,FALSE,FALSE,FALSE,FALSE,FALSE,FALSE,FALSE,FALSE,FALSE
1806,1.21,0.79,0.08,0.51,NA,NA,0.95,0.76,1.34,0.35,1.41,1.28,0.49,0.34,1.11,0.92,1.09,1,0.52,0.4,0.75,0.97,0.64,0.75,0.71,0.35,0.64,0.75,FALSE,FALSE,FALSE,FALSE,NA,NA,FALSE,FALSE,FALSE,FALSE,FALSE,FALSE,FALSE,FALSE,FALSE,FALSE,FALSE,FALSE,FALSE,FALSE,FALSE,FALSE,FALSE,FALSE,FALSE,FALSE,FALSE,FALSE
1807,1.16,0.75,0.21,0.59,NA,NA,0.99,1,1.47,0.38,1.1,0.93,0.61,0.42,0.96,0.76,0.95,0.98,0.59,0.29,0.73,0.97,0.63,0.69,0.88,0.41,0.83,0.89,FALSE,FALSE,FALSE,FALSE,NA,NA,FALSE,FALSE,FALSE,FALSE,FALSE,FALSE,FALSE,FALSE,FALSE,FALSE,FALSE,FALSE,FALSE,FALSE,FALSE,FALSE,FALSE,FALSE,FALSE,FALSE,FALSE,FALSE
1808,1.07,0.42,0.2,0.44,NA,NA,0.86,0.85,1.39,0.38,0.85,0.83,0.41,0.3,0.66,0.55,0.65,0.48,0.5,0.28,0.58,0.78,0.46,0.5,0.69,0.44,0.77,0.6,FALSE,FALSE,FALSE,FALSE,NA,NA,FALSE,FALSE,FALSE,FALSE,FALSE,FALSE,FALSE,FALSE,FALSE,FALSE,FALSE,FALSE,FALSE,FALSE,FALSE,FALSE,FALSE,FALSE,FALSE,FALSE,FALSE,FALSE
1809,0.67,0.65,0.21,0.62,NA,NA,0.78,0.78,1.27,0.63,1.22,1.01,0.28,0.26,0.93,0.62,0.95,0.98,0.6,0.3,0.62,0.87,0.63,0.59,0.73,0.52,0.63,0.6,FALSE,FALSE,FALSE,FALSE,NA,NA,FALSE,FALSE,FALSE,FALSE,FALSE,FALSE,FALSE,FALSE,FALSE,FALSE,FALSE,FALSE,FALSE,FALSE,FALSE,FALSE,FALSE,FALSE,FALSE,FALSE,FALSE,FALSE
1810,0.66,0.41,0.25,0.47,NA,NA,0.59,0.79,1.1,0.47,0.87,0.84,0.34,0.28,0.48,0.4,0.56,0.64,0.55,0.36,0.57,0.62,0.51,0.43,0.53,0.48,0.86,0.63,FALSE,FALSE,FALSE,FALSE,NA,NA,FALSE,FALSE,FALSE,FALSE,FALSE,FALSE,FALSE,FALSE,FALSE,FALSE,FALSE,FALSE,FALSE,FALSE,FALSE,FALSE,FALSE,FALSE,FALSE,FALSE,FALSE,FALSE
1811,0.84,0.58,0.26,0.61,NA,NA,0.53,0.58,1.17,0.41,0.86,0.82,0.39,0.29,0.44,0.45,0.67,0.43,0.42,0.49,0.52,0.5,0.34,0.31,0.57,0.39,0.68,0.5,FALSE,FALSE,FALSE,FALSE,NA,NA,FALSE,FALSE,FALSE,FALSE,FALSE,FALSE,FALSE,FALSE,FALSE,FALSE,FALSE,FALSE,FALSE,FALSE,FALSE,FALSE,FALSE,FALSE,FALSE,FALSE,FALSE,FALSE
1812,1.13,0.77,0.36,0.85,NA,NA,0.76,0.9,1.08,0.55,0.88,0.71,0.53,0.37,0.51,0.49,0.87,0.69,0.37,0.47,0.57,0.5,0.57,0.54,0.56,0.42,0.67,0.57,FALSE,FALSE,FALSE,FALSE,NA,NA,FALSE,FALSE,FALSE,FALSE,FALSE,FALSE,FALSE,FALSE,FALSE,FALSE,FALSE,FALSE,FALSE,FALSE,FALSE,FALSE,FALSE,FALSE,FALSE,FALSE,FALSE,FALSE
1813,1.58,0.83,0.45,1.02,NA,2.02,0.69,0.84,1.15,0.76,0.94,0.83,0.42,0.31,0.72,0.5,0.93,0.84,0.31,0.45,0.66,0.61,0.48,0.53,0.61,0.47,0.69,0.56,FALSE,FALSE,FALSE,FALSE,NA,FALSE,FALSE,FALSE,FALSE,FALSE,FALSE,FALSE,FALSE,FALSE,FALSE,FALSE,FALSE,FALSE,FALSE,FALSE,FALSE,FALSE,FALSE,FALSE,FALSE,FALSE,FALSE,FALSE
1814,2.98,1.14,0.5,1.13,NA,2.67,1.04,1.09,1.35,0.99,1.25,1.2,0.46,0.33,1.1,0.78,1.34,1.13,0.47,0.62,0.57,0.73,0.91,1.05,0.83,0.48,0.96,0.74,TRUE,FALSE,FALSE,FALSE,NA,FALSE,FALSE,FALSE,FALSE,FALSE,FALSE,FALSE,FALSE,FALSE,FALSE,FALSE,FALSE,FALSE,FALSE,FALSE,FALSE,FALSE,FALSE,FALSE,FALSE,FALSE,FALSE,FALSE
1815,1.55,1.06,0.4,1.22,1.3,2.24,0.82,0.86,1.4,0.85,1.01,1.12,0.51,0.3,1.05,0.64,0.96,1.43,0.57,0.53,0.74,0.89,0.84,0.77,0.86,0.55,0.77,0.74,FALSE,FALSE,FALSE,FALSE,FALSE,FALSE,FALSE,FALSE,FALSE,FALSE,FALSE,FALSE,FALSE,FALSE,FALSE,FALSE,FALSE,FALSE,FALSE,FALSE,FALSE,FALSE,FALSE,FALSE,FALSE,FALSE,FALSE,FALSE
1816,1.32,0.69,0.3,0.94,1.27,2.72,0.81,0.78,1.33,0.92,1.11,0.91,0.63,0.36,1.23,0.65,1.08,1.32,0.56,0.41,0.89,0.95,0.76,0.66,0.76,0.55,0.87,0.67,FALSE,FALSE,FALSE,FALSE,FALSE,FALSE,FALSE,FALSE,FALSE,FALSE,FALSE,FALSE,FALSE,FALSE,FALSE,FALSE,FALSE,FALSE,FALSE,FALSE,FALSE,FALSE,FALSE,FALSE,FALSE,FALSE,FALSE,FALSE
1817,1.23,0.69,0.52,0.82,0.82,2.55,0.78,0.7,1.31,0.51,0.76,0.66,0.59,0.36,0.72,0.51,1.21,0.95,0.37,0.25,0.76,0.75,0.51,0.42,0.66,0.43,0.72,0.51,FALSE,FALSE,FALSE,FALSE,FALSE,FALSE,FALSE,FALSE,FALSE,FALSE,FALSE,FALSE,FALSE,FALSE,FALSE,FALSE,FALSE,FALSE,FALSE,FALSE,FALSE,FALSE,FALSE,FALSE,FALSE,FALSE,FALSE,FALSE
1818,1.5,0.85,0.67,0.81,1.15,3.06,0.86,0.92,1.64,1.03,1.02,0.91,0.59,0.38,0.96,0.86,1.44,1.42,0.33,0.5,0.92,0.82,0.69,0.68,1.05,0.5,0.79,0.55,FALSE,FALSE,FALSE,FALSE,FALSE,FALSE,FALSE,FALSE,FALSE,FALSE,FALSE,FALSE,FALSE,FALSE,FALSE,FALSE,FALSE,FALSE,FALSE,FALSE,FALSE,FALSE,FALSE,FALSE,FALSE,FALSE,FALSE,FALSE
1819,1.43,0.73,0.75,0.95,1.02,2.17,0.89,1.24,1.4,0.91,1.06,0.9,0.76,0.39,0.99,0.81,1.06,1.37,0.49,0.59,0.81,0.63,0.65,0.61,0.78,0.51,0.81,0.58,FALSE,FALSE,FALSE,FALSE,FALSE,FALSE,FALSE,FALSE,FALSE,FALSE,FALSE,FALSE,FALSE,FALSE,FALSE,FALSE,FALSE,FALSE,FALSE,FALSE,FALSE,FALSE,FALSE,FALSE,FALSE,FALSE,FALSE,FALSE
1820,1.31,0.71,0.74,0.97,0.94,3.03,0.83,1.3,1.52,0.91,0.77,0.76,0.82,0.38,0.96,0.62,0.88,1.27,0.39,0.49,0.65,0.68,0.55,0.49,0.85,0.52,0.95,0.53,FALSE,FALSE,FALSE,FALSE,FALSE,FALSE,FALSE,FALSE,FALSE,FALSE,FALSE,FALSE,FALSE,FALSE,FALSE,FALSE,FALSE,FALSE,FALSE,FALSE,FALSE,FALSE,FALSE,FALSE,FALSE,FALSE,FALSE,FALSE
1821,1.1,0.74,0.77,0.94,0.97,2.54,0.73,1.03,1.52,0.86,0.77,0.8,0.87,0.43,0.96,0.86,1.03,0.95,0.45,0.56,0.74,0.66,0.52,0.47,1.01,0.59,1.09,0.77,FALSE,FALSE,FALSE,FALSE,FALSE,FALSE,FALSE,FALSE,FALSE,FALSE,FALSE,FALSE,FALSE,FALSE,FALSE,FALSE,FALSE,FALSE,FALSE,FALSE,FALSE,FALSE,FALSE,FALSE,FALSE,FALSE,FALSE,FALSE
1822,1.23,0.81,0.62,0.91,1.05,3.09,0.84,1.22,1.33,0.51,0.94,1,0.77,0.37,0.71,0.69,1.3,0.96,0.32,0.37,0.65,0.64,0.5,0.57,0.51,0.47,0.77,0.9,FALSE,FALSE,FALSE,FALSE,FALSE,FALSE,FALSE,FALSE,FALSE,FALSE,FALSE,FALSE,FALSE,FALSE,FALSE,FALSE,FALSE,FALSE,FALSE,FALSE,FALSE,FALSE,FALSE,FALSE,FALSE,FALSE,FALSE,FALSE
1823,0.91,0.47,0.39,0.54,0.85,2.24,0.9,1.15,0.99,0.5,0.72,0.79,0.5,0.25,0.51,0.51,0.56,0.44,0.2,0.17,0.65,0.57,0.52,0.39,0.5,0.33,0.5,0.57,FALSE,FALSE,FALSE,FALSE,FALSE,FALSE,FALSE,FALSE,FALSE,FALSE,FALSE,FALSE,FALSE,FALSE,FALSE,FALSE,FALSE,FALSE,FALSE,FALSE,FALSE,FALSE,FALSE,FALSE,FALSE,FALSE,FALSE,FALSE
1824,0.89,0.65,0.64,0.91,0.77,2.74,0.75,1.27,1.16,0.71,1.05,0.95,0.63,0.31,0.95,0.62,1.21,0.88,0.29,0.32,0.69,0.68,0.57,0.69,0.64,0.26,0.63,0.59,FALSE,FALSE,FALSE,FALSE,FALSE,FALSE,FALSE,FALSE,FALSE,FALSE,FALSE,FALSE,FALSE,FALSE,FALSE,FALSE,FALSE,FALSE,FALSE,FALSE,FALSE,FALSE,FALSE,FALSE,FALSE,FALSE,FALSE,FALSE
1825,1.6,0.91,0.81,1.2,0.97,2.55,0.89,1.33,1.13,0.76,0.81,0.86,0.74,0.3,1.19,0.85,1.41,1.18,0.32,0.34,0.63,0.75,0.68,0.65,0.69,0.33,0.72,0.83,FALSE,FALSE,FALSE,FALSE,FALSE,FALSE,FALSE,FALSE,FALSE,FALSE,FALSE,FALSE,FALSE,FALSE,FALSE,FALSE,FALSE,FALSE,FALSE,FALSE,FALSE,FALSE,FALSE,FALSE,FALSE,FALSE,FALSE,FALSE
1826,1.2,0.88,0.78,0.76,1.39,2.19,0.79,1.13,1.07,0.65,0.91,0.58,0.79,0.41,0.92,0.95,1.17,0.95,0.39,0.32,0.6,0.88,0.72,0.68,0.68,0.4,0.85,0.81,FALSE,FALSE,FALSE,FALSE,FALSE,FALSE,FALSE,FALSE,FALSE,FALSE,FALSE,FALSE,FALSE,FALSE,FALSE,FALSE,FALSE,FALSE,FALSE,FALSE,FALSE,FALSE,FALSE,FALSE,FALSE,FALSE,FALSE,FALSE
1827,1.23,0.97,0.64,0.95,0.85,2.21,0.85,1.04,0.99,0.74,0.75,0.54,0.58,0.44,0.63,0.65,0.87,0.59,0.41,0.41,0.57,0.8,0.63,0.57,0.79,0.42,0.69,0.55,FALSE,FALSE,FALSE,FALSE,FALSE,FALSE,FALSE,FALSE,FALSE,FALSE,FALSE,FALSE,FALSE,FALSE,FALSE,FALSE,FALSE,FALSE,FALSE,FALSE,FALSE,FALSE,FALSE,FALSE,FALSE,FALSE,FALSE,FALSE
1828,1.57,0.9,0.9,1.31,0.95,2.44,0.81,1.1,0.99,0.79,0.7,0.52,0.66,0.41,0.69,0.56,0.81,0.72,0.34,0.31,0.57,0.72,0.7,0.41,0.64,0.45,0.65,0.48,FALSE,FALSE,FALSE,FALSE,FALSE,FALSE,FALSE,FALSE,FALSE,FALSE,FALSE,FALSE,FALSE,FALSE,FALSE,FALSE,FALSE,FALSE,FALSE,FALSE,FALSE,FALSE,FALSE,FALSE,FALSE,FALSE,FALSE,FALSE
1829,1.27,0.98,1.01,1.19,1.02,2.28,0.66,0.94,1.54,1.04,0.78,0.59,0.67,0.36,1.01,0.71,1.07,1.08,0.28,0.27,0.58,0.63,0.8,0.71,0.66,0.43,0.75,0.55,FALSE,FALSE,FALSE,FALSE,FALSE,FALSE,FALSE,FALSE,FALSE,FALSE,FALSE,FALSE,FALSE,FALSE,FALSE,FALSE,FALSE,FALSE,FALSE,FALSE,FALSE,FALSE,FALSE,FALSE,FALSE,FALSE,FALSE,FALSE
1830,1.36,0.89,0.6,0.73,1.02,1.62,0.7,0.77,1.06,0.69,0.55,0.57,0.59,0.32,0.78,0.56,0.82,0.63,0.25,0.2,0.47,0.81,0.59,0.45,0.99,0.24,0.75,0.58,FALSE,FALSE,FALSE,FALSE,FALSE,FALSE,FALSE,FALSE,FALSE,FALSE,FALSE,FALSE,FALSE,FALSE,FALSE,FALSE,FALSE,FALSE,FALSE,FALSE,FALSE,FALSE,FALSE,FALSE,FALSE,FALSE,FALSE,FALSE
1831,1.03,0.86,0.45,0.61,0.83,1.83,0.87,0.91,1.05,0.8,0.54,0.42,0.49,0.34,0.58,0.49,0.87,0.42,0.27,0.16,0.39,0.53,0.47,0.38,0.57,0.39,0.65,0.49,FALSE,FALSE,FALSE,FALSE,FALSE,FALSE,FALSE,FALSE,FALSE,FALSE,FALSE,FALSE,FALSE,FALSE,FALSE,FALSE,FALSE,FALSE,FALSE,FALSE,FALSE,FALSE,FALSE,FALSE,FALSE,FALSE,FALSE,FALSE
1832,2.01,1.16,0.73,1.07,1.57,2.15,0.9,0.96,1.14,0.93,0.68,0.58,0.7,0.41,0.94,0.52,1.38,0.96,0.34,0.25,0.55,0.76,0.5,0.5,0.69,0.38,0.87,0.4,FALSE,FALSE,FALSE,FALSE,FALSE,FALSE,FALSE,FALSE,FALSE,FALSE,FALSE,FALSE,FALSE,FALSE,FALSE,FALSE,FALSE,FALSE,FALSE,FALSE,FALSE,FALSE,FALSE,FALSE,FALSE,FALSE,FALSE,FALSE
1833,1.94,1.32,0.78,0.95,1.04,2.11,1,1.03,0.94,0.88,0.81,0.73,0.64,0.42,0.98,0.6,1.04,1.25,0.41,0.33,0.61,0.66,0.5,0.41,0.65,0.37,1.12,0.54,FALSE,FALSE,FALSE,FALSE,FALSE,FALSE,FALSE,FALSE,FALSE,FALSE,FALSE,FALSE,FALSE,FALSE,FALSE,FALSE,FALSE,FALSE,FALSE,FALSE,FALSE,FALSE,FALSE,FALSE,FALSE,FALSE,FALSE,FALSE
1834,1.23,1.3,0.6,0.79,0.78,2.16,0.87,0.96,1.03,0.75,0.75,0.91,0.61,0.37,0.7,0.71,0.56,0.64,0.32,0.41,0.51,0.71,0.47,0.41,0.64,0.4,0.84,0.49,FALSE,FALSE,FALSE,FALSE,FALSE,FALSE,FALSE,FALSE,FALSE,FALSE,FALSE,FALSE,FALSE,FALSE,FALSE,FALSE,FALSE,FALSE,FALSE,FALSE,FALSE,FALSE,FALSE,FALSE,FALSE,FALSE,FALSE,FALSE
1835,1.86,1.62,0.75,1.04,1.12,2.57,0.72,0.8,1.05,0.71,0.72,0.9,0.63,0.38,0.67,0.55,1.06,1.12,0.26,0.29,0.47,0.59,0.5,0.48,0.73,0.57,0.78,0.54,FALSE,FALSE,FALSE,FALSE,FALSE,FALSE,FALSE,FALSE,FALSE,FALSE,FALSE,FALSE,FALSE,FALSE,FALSE,FALSE,FALSE,FALSE,FALSE,FALSE,FALSE,FALSE,FALSE,FALSE,FALSE,FALSE,FALSE,FALSE
1836,1.3,1.46,0.68,1.06,1.09,1.57,0.54,0.61,1.02,0.67,0.68,0.76,0.64,0.43,0.81,0.34,0.82,0.81,0.3,0.31,0.42,0.7,0.45,0.36,0.75,0.51,0.77,0.54,FALSE,FALSE,FALSE,FALSE,FALSE,FALSE,FALSE,FALSE,FALSE,FALSE,FALSE,FALSE,FALSE,FALSE,FALSE,FALSE,FALSE,FALSE,FALSE,FALSE,FALSE,FALSE,FALSE,FALSE,FALSE,FALSE,FALSE,FALSE
1837,1.32,1.37,0.82,0.89,0.78,2.16,0.53,0.55,1.07,0.84,0.74,0.79,0.6,0.32,0.79,0.54,0.78,1.03,0.26,0.4,0.51,0.74,0.46,0.48,0.68,0.34,0.91,0.61,FALSE,FALSE,FALSE,FALSE,FALSE,FALSE,FALSE,FALSE,FALSE,FALSE,FALSE,FALSE,FALSE,FALSE,FALSE,FALSE,FALSE,FALSE,FALSE,FALSE,FALSE,FALSE,FALSE,FALSE,FALSE,FALSE,FALSE,FALSE
1838,1.16,1.25,0.92,1.03,1.13,2.22,0.71,0.88,0.97,0.81,0.87,0.96,0.67,0.45,0.95,0.63,1.04,1.3,0.37,0.35,0.54,0.78,0.57,0.57,0.77,0.51,0.91,0.68,FALSE,FALSE,FALSE,FALSE,FALSE,FALSE,FALSE,FALSE,FALSE,FALSE,FALSE,FALSE,FALSE,FALSE,FALSE,FALSE,FALSE,FALSE,FALSE,FALSE,FALSE,FALSE,FALSE,FALSE,FALSE,FALSE,FALSE,FALSE
1839,1.27,1.29,0.92,1.25,0.84,2.15,0.51,0.54,1.28,1.01,0.88,0.87,0.55,0.33,0.8,0.71,1.24,1.46,0.23,0.24,0.46,0.61,0.37,0.45,0.58,0.54,0.72,0.72,FALSE,FALSE,FALSE,FALSE,FALSE,FALSE,FALSE,FALSE,FALSE,FALSE,FALSE,FALSE,FALSE,FALSE,FALSE,FALSE,FALSE,FALSE,FALSE,FALSE,FALSE,FALSE,FALSE,FALSE,FALSE,FALSE,FALSE,FALSE
1840,1.11,1.08,0.54,0.96,0.71,0.71,0.44,0.4,0.65,0.57,0.95,0.71,0.45,0.35,0.51,0.45,0.46,0.46,0.13,0.15,0.45,0.71,0.5,0.34,0.59,0.29,0.45,0.37,FALSE,FALSE,FALSE,FALSE,FALSE,FALSE,FALSE,FALSE,FALSE,FALSE,FALSE,FALSE,FALSE,FALSE,FALSE,FALSE,FALSE,FALSE,FALSE,FALSE,FALSE,FALSE,FALSE,FALSE,FALSE,FALSE,FALSE,FALSE
1841,0.64,1.04,0.56,0.84,0.59,1.3,0.61,0.79,0.9,0.49,0.85,0.81,0.49,0.29,0.35,0.32,0.65,0.31,0.24,0.24,0.53,0.76,0.61,0.34,0.52,0.26,0.63,0.36,FALSE,FALSE,FALSE,FALSE,FALSE,FALSE,FALSE,FALSE,FALSE,FALSE,FALSE,FALSE,FALSE,FALSE,FALSE,FALSE,FALSE,FALSE,FALSE,FALSE,FALSE,FALSE,FALSE,FALSE,FALSE,FALSE,FALSE,FALSE
1842,1.12,0.86,0.6,1.19,0.77,1.91,0.9,0.77,1.4,0.85,0.9,0.91,0.6,0.33,0.36,0.43,0.64,0.54,0.25,0.32,0.61,0.7,0.67,0.44,0.57,0.4,0.76,0.41,FALSE,FALSE,FALSE,FALSE,FALSE,FALSE,FALSE,FALSE,FALSE,FALSE,FALSE,FALSE,FALSE,FALSE,FALSE,FALSE,FALSE,FALSE,FALSE,FALSE,FALSE,FALSE,FALSE,FALSE,FALSE,FALSE,FALSE,FALSE
1843,0.64,1.01,0.59,1.13,1.04,1.67,0.63,0.5,1.28,0.74,0.65,0.71,0.64,0.28,0.64,0.44,0.44,0.52,0.2,0.21,0.59,0.86,0.56,0.38,0.46,0.38,0.62,0.48,FALSE,FALSE,FALSE,FALSE,FALSE,FALSE,FALSE,FALSE,FALSE,FALSE,FALSE,FALSE,FALSE,FALSE,FALSE,FALSE,FALSE,FALSE,FALSE,FALSE,FALSE,FALSE,FALSE,FALSE,FALSE,FALSE,FALSE,FALSE
1844,0.93,0.96,0.86,1.47,0.87,2.39,0.64,0.59,1.05,0.77,0.81,0.82,0.55,0.28,0.83,0.46,0.85,0.95,0.26,0.29,0.54,0.7,0.57,0.51,0.65,0.28,0.85,0.69,FALSE,FALSE,FALSE,FALSE,FALSE,FALSE,FALSE,FALSE,FALSE,FALSE,FALSE,FALSE,FALSE,FALSE,FALSE,FALSE,FALSE,FALSE,FALSE,FALSE,FALSE,FALSE,FALSE,FALSE,FALSE,FALSE,FALSE,FALSE
1845,1.19,1.35,0.9,1.39,0.9,2.51,0.79,0.61,1.25,0.63,0.78,0.72,0.39,0.25,0.95,0.51,0.91,0.82,0.22,0.21,0.84,0.79,0.71,0.65,0.72,0.45,0.77,0.71,FALSE,FALSE,FALSE,FALSE,FALSE,FALSE,FALSE,FALSE,FALSE,FALSE,FALSE,FALSE,FALSE,FALSE,FALSE,FALSE,FALSE,FALSE,FALSE,FALSE,FALSE,FALSE,FALSE,FALSE,FALSE,FALSE,FALSE,FALSE
1846,1.36,1.33,0.9,1.94,1.31,2.38,0.9,0.45,1.26,0.91,0.71,0.7,0.56,0.31,0.83,0.59,0.84,0.98,0.16,0.13,0.74,0.71,0.74,0.6,0.88,0.52,0.87,0.66,FALSE,FALSE,FALSE,FALSE,FALSE,FALSE,FALSE,FALSE,FALSE,FALSE,FALSE,FALSE,FALSE,FALSE,FALSE,FALSE,FALSE,FALSE,FALSE,FALSE,FALSE,FALSE,FALSE,FALSE,FALSE,FALSE,FALSE,FALSE
1847,1.08,0.97,0.69,1.86,0.87,2.6,0.7,0.54,1.28,0.85,0.61,0.57,0.6,0.36,0.52,0.37,0.64,0.77,0.06,0.04,0.61,0.56,0.62,0.37,0.66,0.38,0.7,0.5,FALSE,FALSE,FALSE,FALSE,FALSE,FALSE,FALSE,FALSE,FALSE,FALSE,FALSE,FALSE,FALSE,FALSE,FALSE,FALSE,FALSE,FALSE,FALSE,FALSE,FALSE,FALSE,FALSE,FALSE,FALSE,FALSE,FALSE,FALSE
1848,0.72,1.09,0.91,1.51,0.86,2.44,0.64,0.62,0.97,1.08,0.7,0.63,0.6,0.38,0.82,0.6,0.92,0.98,0.15,0.17,0.73,0.56,0.53,0.33,0.68,0.47,0.77,0.59,FALSE,FALSE,FALSE,FALSE,FALSE,FALSE,FALSE,FALSE,FALSE,FALSE,FALSE,FALSE,FALSE,FALSE,FALSE,FALSE,FALSE,FALSE,FALSE,FALSE,FALSE,FALSE,FALSE,FALSE,FALSE,FALSE,FALSE,FALSE
1849,0.65,0.89,0.72,1.3,0.7,1.82,0.63,0.38,1.19,0.91,0.6,0.48,0.54,0.31,0.62,0.55,0.53,0.47,0.19,0.2,0.59,0.62,0.37,0.28,0.57,0.33,0.73,0.64,FALSE,FALSE,FALSE,FALSE,FALSE,FALSE,FALSE,FALSE,FALSE,FALSE,FALSE,FALSE,FALSE,FALSE,FALSE,FALSE,FALSE,FALSE,FALSE,FALSE,FALSE,FALSE,FALSE,FALSE,FALSE,FALSE,FALSE,FALSE
1850,0.86,0.65,0.9,1.41,0.71,2.2,0.87,0.56,1.51,0.97,0.61,0.52,0.54,0.28,0.49,0.51,0.84,0.73,0.15,0.17,0.56,0.41,0.43,0.3,0.47,0.3,0.74,0.63,FALSE,FALSE,FALSE,FALSE,FALSE,FALSE,FALSE,FALSE,FALSE,FALSE,FALSE,FALSE,FALSE,FALSE,FALSE,FALSE,FALSE,FALSE,FALSE,FALSE,FALSE,FALSE,FALSE,FALSE,FALSE,FALSE,FALSE,FALSE
1851,0.64,0.84,0.85,1.27,1.08,2.62,0.74,0.61,1.31,0.71,0.69,0.6,0.63,0.38,0.58,0.5,0.99,0.95,0.19,0.24,0.45,0.54,0.64,0.49,0.62,0.28,0.75,0.67,FALSE,FALSE,FALSE,FALSE,FALSE,FALSE,FALSE,FALSE,FALSE,FALSE,FALSE,FALSE,FALSE,FALSE,FALSE,FALSE,FALSE,FALSE,FALSE,FALSE,FALSE,FALSE,FALSE,FALSE,FALSE,FALSE,FALSE,FALSE
1852,0.68,0.9,0.69,1.08,0.95,1.69,0.99,0.58,1.21,0.74,0.6,0.51,0.59,0.36,0.68,0.52,0.57,0.63,0.21,0.17,0.47,0.47,0.51,0.32,0.61,0.34,0.86,0.65,FALSE,FALSE,FALSE,FALSE,FALSE,FALSE,FALSE,FALSE,FALSE,FALSE,FALSE,FALSE,FALSE,FALSE,FALSE,FALSE,FALSE,FALSE,FALSE,FALSE,FALSE,FALSE,FALSE,FALSE,FALSE,FALSE,FALSE,FALSE
1853,0.84,0.67,0.93,1.51,0.93,1.71,0.69,0.48,1.15,0.88,0.64,0.46,0.56,0.34,0.66,0.53,0.6,0.76,0.18,0.19,0.5,0.51,0.46,0.33,0.66,0.43,0.64,0.67,FALSE,FALSE,FALSE,FALSE,FALSE,FALSE,FALSE,FALSE,FALSE,FALSE,FALSE,FALSE,FALSE,FALSE,FALSE,FALSE,FALSE,FALSE,FALSE,FALSE,FALSE,FALSE,FALSE,FALSE,FALSE,FALSE,FALSE,FALSE
1854,0.76,0.84,0.81,1.59,0.98,1.36,0.7,0.45,1.13,0.86,0.73,0.46,0.51,0.24,0.63,0.43,0.52,0.62,0.16,0.22,0.59,0.61,0.49,0.38,0.55,0.44,0.53,0.59,FALSE,FALSE,FALSE,FALSE,FALSE,FALSE,FALSE,FALSE,FALSE,FALSE,FALSE,FALSE,FALSE,FALSE,FALSE,FALSE,FALSE,FALSE,FALSE,FALSE,FALSE,FALSE,FALSE,FALSE,FALSE,FALSE,FALSE,FALSE
1855,0.81,0.75,0.99,1.39,1.13,2.06,0.78,0.61,1.75,1.14,0.73,0.68,0.44,0.22,1.02,0.53,1.16,1.14,0.25,0.35,0.68,0.68,0.7,0.57,0.59,0.5,0.94,0.63,FALSE,FALSE,FALSE,FALSE,FALSE,FALSE,FALSE,FALSE,FALSE,FALSE,FALSE,FALSE,FALSE,FALSE,FALSE,FALSE,FALSE,FALSE,FALSE,FALSE,FALSE,FALSE,FALSE,FALSE,FALSE,FALSE,FALSE,FALSE
1856,0.62,0.65,0.65,1.19,0.82,1.18,0.79,0.56,1.03,0.64,0.69,0.62,0.4,0.26,0.56,0.42,0.74,0.59,0.35,0.41,0.5,0.51,0.51,0.45,0.53,0.33,0.68,0.53,FALSE,FALSE,FALSE,FALSE,FALSE,FALSE,FALSE,FALSE,FALSE,FALSE,FALSE,FALSE,FALSE,FALSE,FALSE,FALSE,FALSE,FALSE,FALSE,FALSE,FALSE,FALSE,FALSE,FALSE,FALSE,FALSE,FALSE,FALSE
1857,0.61,0.72,0.93,1.54,0.91,1.46,0.83,0.48,1.14,0.78,0.76,0.67,0.46,0.31,0.69,0.59,0.9,0.83,0.29,0.36,0.5,0.7,0.66,0.61,0.62,0.32,0.75,0.62,FALSE,FALSE,FALSE,FALSE,FALSE,FALSE,FALSE,FALSE,FALSE,FALSE,FALSE,FALSE,FALSE,FALSE,FALSE,FALSE,FALSE,FALSE,FALSE,FALSE,FALSE,FALSE,FALSE,FALSE,FALSE,FALSE,FALSE,FALSE
1858,0.65,0.46,0.85,1.27,0.98,1.74,0.8,0.52,1.51,0.88,0.88,0.63,0.53,0.41,0.7,0.47,0.64,0.92,0.33,0.34,0.65,0.67,0.85,0.55,0.78,0.48,0.78,0.64,FALSE,FALSE,FALSE,FALSE,FALSE,FALSE,FALSE,FALSE,FALSE,FALSE,FALSE,FALSE,FALSE,FALSE,FALSE,FALSE,FALSE,FALSE,FALSE,FALSE,FALSE,FALSE,FALSE,FALSE,FALSE,FALSE,FALSE,FALSE
1859,0.5,0.39,0.57,1.17,0.88,1.25,0.64,0.45,1.14,0.81,0.59,0.35,0.4,0.37,0.27,0.34,0.38,0.55,0.2,0.15,0.49,0.48,0.49,0.3,0.5,0.39,0.53,0.57,FALSE,FALSE,FALSE,FALSE,FALSE,FALSE,FALSE,FALSE,FALSE,FALSE,FALSE,FALSE,FALSE,FALSE,FALSE,FALSE,FALSE,FALSE,FALSE,FALSE,FALSE,FALSE,FALSE,FALSE,FALSE,FALSE,FALSE,FALSE
1860,0.6,0.39,0.71,1.17,0.71,1.3,0.59,0.47,1.12,0.54,0.4,0.2,0.57,0.22,0.55,0.66,0.36,0.44,0.21,0.1,0.39,0.58,0.39,0.33,0.32,0.41,0.48,0.49,FALSE,FALSE,FALSE,FALSE,FALSE,FALSE,FALSE,FALSE,FALSE,FALSE,FALSE,FALSE,FALSE,FALSE,FALSE,FALSE,FALSE,FALSE,FALSE,FALSE,FALSE,FALSE,FALSE,FALSE,FALSE,FALSE,FALSE,FALSE
1861,0.73,0.43,0.9,1.49,1.08,1.62,0.97,0.98,2.23,0.61,0.87,0.52,0.53,0.29,0.74,0.69,0.42,0.47,0.15,0.23,0.6,0.39,0.6,0.55,0.22,0.37,0.72,0.57,FALSE,FALSE,FALSE,FALSE,FALSE,FALSE,FALSE,FALSE,FALSE,FALSE,FALSE,FALSE,FALSE,FALSE,FALSE,FALSE,FALSE,FALSE,FALSE,FALSE,FALSE,FALSE,FALSE,FALSE,FALSE,FALSE,FALSE,FALSE
1862,0.55,0.29,0.58,0.95,0.98,1.52,0.94,0.75,2.04,0.51,0.79,0.55,0.6,0.32,0.57,0.56,0,0,0.08,0.1,0.6,0.63,0.51,0.51,0.25,0.3,0.61,0.6,FALSE,FALSE,FALSE,FALSE,FALSE,FALSE,FALSE,FALSE,FALSE,FALSE,FALSE,FALSE,FALSE,FALSE,FALSE,FALSE,FALSE,FALSE,FALSE,FALSE,FALSE,FALSE,FALSE,FALSE,FALSE,FALSE,FALSE,FALSE
1863,0.79,0.31,0.69,1.48,1.02,1.96,0.93,0.8,1.67,0.5,0.79,0.57,0.63,0.27,0.77,0.42,0.6,0.63,0.12,0.18,0.63,0.74,0.6,0.61,0.3,0.37,0.72,0.69,FALSE,FALSE,FALSE,FALSE,FALSE,FALSE,FALSE,FALSE,FALSE,FALSE,FALSE,FALSE,FALSE,FALSE,FALSE,FALSE,FALSE,FALSE,FALSE,FALSE,FALSE,FALSE,FALSE,FALSE,FALSE,FALSE,FALSE,FALSE
1864,0.73,0.38,0.7,1.43,1.09,1.62,0.81,0.61,1.29,0.62,0.72,0.44,0.6,0.26,0.76,0.48,0.26,0.48,0.08,0.13,0.63,0.62,0.64,0.53,0.35,0.37,0.72,0.67,FALSE,FALSE,FALSE,FALSE,FALSE,FALSE,FALSE,FALSE,FALSE,FALSE,FALSE,FALSE,FALSE,FALSE,FALSE,FALSE,FALSE,FALSE,FALSE,FALSE,FALSE,FALSE,FALSE,FALSE,FALSE,FALSE,FALSE,FALSE
1865,0.5,0.46,0.67,1.12,0.94,1.07,0.66,0.47,1.41,0.64,0.83,0.48,0.56,0.24,0.6,0.44,0.34,0.52,0.08,0.12,0.55,0.5,0.47,0.47,0.36,0.3,0.55,0.54,FALSE,FALSE,FALSE,FALSE,FALSE,FALSE,FALSE,FALSE,FALSE,FALSE,FALSE,FALSE,FALSE,FALSE,FALSE,FALSE,FALSE,FALSE,FALSE,FALSE,FALSE,FALSE,FALSE,FALSE,FALSE,FALSE,FALSE,FALSE
1866,0.79,0.41,0.74,1.57,1.09,1.57,0.82,0.64,1.53,0.89,0.93,0.48,0.66,0.34,0.46,0.56,0.32,0.5,0.2,0.23,0.73,0.5,0.71,0.59,0.49,0.41,0.7,0.64,FALSE,FALSE,FALSE,FALSE,FALSE,FALSE,FALSE,FALSE,FALSE,FALSE,FALSE,FALSE,FALSE,FALSE,FALSE,FALSE,FALSE,FALSE,FALSE,FALSE,FALSE,FALSE,FALSE,FALSE,FALSE,FALSE,FALSE,FALSE
1867,0.73,0.74,0.74,1.68,0.87,1.45,0.64,0.56,1.64,0.83,0.82,0.4,0.55,0.37,0.53,0.54,0.52,0.77,0.11,0.18,0.56,0.49,0.66,0.62,0.45,0.28,0.58,0.59,FALSE,FALSE,FALSE,FALSE,FALSE,FALSE,FALSE,FALSE,FALSE,FALSE,FALSE,FALSE,FALSE,FALSE,FALSE,FALSE,FALSE,FALSE,FALSE,FALSE,FALSE,FALSE,FALSE,FALSE,FALSE,FALSE,FALSE,FALSE
1868,0.69,0.56,0.76,1.36,0.94,1.54,0.68,0.74,1.41,0.39,0.58,0.4,0.67,0.33,0.76,0.6,0.46,0.54,0.14,0.13,0.46,0.49,0.69,0.62,0.41,0.26,0.47,0.48,FALSE,FALSE,FALSE,FALSE,FALSE,FALSE,FALSE,FALSE,FALSE,FALSE,FALSE,FALSE,FALSE,FALSE,FALSE,FALSE,FALSE,FALSE,FALSE,FALSE,FALSE,FALSE,FALSE,FALSE,FALSE,FALSE,FALSE,FALSE
1869,0.54,0.3,0.7,1.24,0.91,0.63,0.57,0.45,0.88,0.46,0.54,0.36,0.49,0.32,0.53,0.47,0.71,0.58,0.12,0.06,0.46,0.44,0.44,0.42,0.42,0.33,0.48,0.4,FALSE,FALSE,FALSE,FALSE,FALSE,FALSE,FALSE,FALSE,FALSE,FALSE,FALSE,FALSE,FALSE,FALSE,FALSE,FALSE,FALSE,FALSE,FALSE,FALSE,FALSE,FALSE,FALSE,FALSE,FALSE,FALSE,FALSE,FALSE
1870,0.92,0.37,1.03,1.48,1.19,0.84,1.46,0.94,1.2,0.58,0.48,0.28,0.57,0.36,0.5,0.47,0.65,0.8,0.04,0.23,0.49,0.62,0.64,0.4,0.43,0.37,0.62,0.54,FALSE,FALSE,FALSE,FALSE,FALSE,FALSE,FALSE,FALSE,FALSE,FALSE,FALSE,FALSE,FALSE,FALSE,FALSE,FALSE,FALSE,FALSE,FALSE,FALSE,FALSE,FALSE,FALSE,FALSE,FALSE,FALSE,FALSE,FALSE
1871,0.87,0.39,1.09,1.55,0.82,1.01,1.41,1.05,1.31,0.96,0.44,0.28,0.47,0.37,0.54,0.54,0.8,1.02,0.15,0.16,0.46,0.39,0.51,0.56,0.47,0.28,0.6,0.49,FALSE,FALSE,FALSE,FALSE,FALSE,FALSE,FALSE,FALSE,FALSE,FALSE,FALSE,FALSE,FALSE,FALSE,FALSE,FALSE,FALSE,FALSE,FALSE,FALSE,FALSE,FALSE,FALSE,FALSE,FALSE,FALSE,FALSE,FALSE
1872,0.75,0.3,1.18,1.59,1.25,1.14,1.69,0.88,1.21,0.68,0.41,0.29,0.58,0.36,0.55,0.39,0.51,0.66,0.18,0.15,0.42,0.35,0.51,0.44,0.51,0.22,0.59,0.4,FALSE,FALSE,FALSE,FALSE,FALSE,FALSE,FALSE,FALSE,FALSE,FALSE,FALSE,FALSE,FALSE,FALSE,FALSE,FALSE,FALSE,FALSE,FALSE,FALSE,FALSE,FALSE,FALSE,FALSE,FALSE,FALSE,FALSE,FALSE
1873,0.8,0.53,1.02,1.55,1.29,1.79,1.71,0.87,1.39,0.79,0.44,0.28,0.53,0.42,0.56,0.55,0.83,1.06,0.22,0.15,0.47,0.36,0.56,0.62,0.45,0.28,0.72,0.56,FALSE,FALSE,FALSE,FALSE,FALSE,FALSE,FALSE,FALSE,FALSE,FALSE,FALSE,FALSE,FALSE,FALSE,FALSE,FALSE,FALSE,FALSE,FALSE,FALSE,FALSE,FALSE,FALSE,FALSE,FALSE,FALSE,FALSE,FALSE
1874,0.93,0.7,0.85,1.8,0.99,2.25,2.22,0.96,1.74,0.83,0.32,0.31,0.42,0.25,0.5,0.48,0.62,0.64,0.22,0.21,0.36,0.41,0.49,0.39,0.4,0.23,0.55,0.54,FALSE,FALSE,FALSE,FALSE,FALSE,FALSE,FALSE,FALSE,FALSE,FALSE,FALSE,FALSE,FALSE,FALSE,FALSE,FALSE,FALSE,FALSE,FALSE,FALSE,FALSE,FALSE,FALSE,FALSE,FALSE,FALSE,FALSE,FALSE
1875,1.19,0.46,0.74,1.24,1.03,1.25,1.43,0.9,1.13,0.68,0.37,0.18,0.41,0.25,0.28,0.34,0.52,0.46,0.25,0.17,0.35,0.29,0.31,0.3,0.58,0.29,0.51,0.39,FALSE,FALSE,FALSE,FALSE,FALSE,FALSE,FALSE,FALSE,FALSE,FALSE,FALSE,FALSE,FALSE,FALSE,FALSE,FALSE,FALSE,FALSE,FALSE,FALSE,FALSE,FALSE,FALSE,FALSE,FALSE,FALSE,FALSE,FALSE
1876,1.19,0.49,1.01,1.99,1.05,1.77,1.58,0.79,1.19,0.82,0.52,0.39,0.42,0.32,0.5,0.51,0.81,1.05,0.28,0.22,0.47,0.35,0.62,0.49,0.54,0.39,0.58,0.44,FALSE,FALSE,FALSE,FALSE,FALSE,FALSE,FALSE,FALSE,FALSE,FALSE,FALSE,FALSE,FALSE,FALSE,FALSE,FALSE,FALSE,FALSE,FALSE,FALSE,FALSE,FALSE,FALSE,FALSE,FALSE,FALSE,FALSE,FALSE
1877,1.81,0.75,1.98,2.43,1.54,2.29,2.22,1.6,1.66,1.22,0.66,0.36,0.57,0.4,0.88,0.66,1.12,1.29,0.26,0.37,0.54,0.29,0.64,0.84,0.73,0.44,0.84,0.55,FALSE,FALSE,FALSE,FALSE,FALSE,FALSE,FALSE,FALSE,FALSE,FALSE,FALSE,FALSE,FALSE,FALSE,FALSE,FALSE,FALSE,FALSE,FALSE,FALSE,FALSE,FALSE,FALSE,FALSE,FALSE,FALSE,FALSE,FALSE
1878,1.3,1.02,1.78,2.6,1.67,2,2.24,1.79,1.46,1.14,0.71,0.49,0.62,0.46,1.15,0.86,1.38,1.72,0.48,0.46,0.63,0.59,0.8,0.85,0.91,0.63,1.01,0.78,FALSE,FALSE,FALSE,FALSE,FALSE,FALSE,FALSE,FALSE,FALSE,FALSE,FALSE,FALSE,FALSE,FALSE,FALSE,FALSE,FALSE,FALSE,FALSE,FALSE,FALSE,FALSE,FALSE,FALSE,FALSE,FALSE,FALSE,FALSE
1879,0.91,0.81,2.03,2.66,2.67,1.81,1.39,1.06,1.08,0.83,0.61,0.54,0.62,0.26,0.76,0.79,1.01,1.68,0.35,0.34,0.63,0.71,0.84,0.83,0.88,0.63,0.74,0.67,FALSE,FALSE,FALSE,FALSE,TRUE,FALSE,FALSE,FALSE,FALSE,FALSE,FALSE,FALSE,FALSE,FALSE,FALSE,FALSE,FALSE,FALSE,FALSE,FALSE,FALSE,FALSE,FALSE,FALSE,FALSE,FALSE,FALSE,FALSE
1880,0.47,0.4,1.26,1.39,1.11,1.18,1.06,0.62,1.12,0.99,0.36,0.31,0.58,0.39,0.4,0.31,0.59,0.74,0.01,0.05,0.46,0.61,0.41,0.32,0.44,0.46,0.72,0.42,FALSE,FALSE,FALSE,FALSE,FALSE,FALSE,FALSE,FALSE,FALSE,FALSE,FALSE,FALSE,FALSE,FALSE,FALSE,FALSE,FALSE,FALSE,FALSE,FALSE,FALSE,FALSE,FALSE,FALSE,FALSE,FALSE,FALSE,FALSE
1881,0.53,0.68,1.35,1.93,1.97,1.79,1.92,0.9,1.55,1.24,0.42,0.31,0.57,0.32,0.49,0.42,0.5,0.55,0.26,0.1,0.45,0.46,0.66,0.56,0.54,0.63,0.75,0.51,FALSE,FALSE,FALSE,FALSE,FALSE,FALSE,FALSE,FALSE,FALSE,FALSE,FALSE,FALSE,FALSE,FALSE,FALSE,FALSE,FALSE,FALSE,FALSE,FALSE,FALSE,FALSE,FALSE,FALSE,FALSE,FALSE,FALSE,FALSE
1882,0.7,0.42,0.89,1.76,1.45,1.3,1.54,0.95,1.25,1.14,0.38,0.24,0.48,0.28,0.41,0.36,0.44,0.57,0.2,0.13,0.41,0.46,0.47,0.4,0.5,0.39,0.63,0.43,FALSE,FALSE,FALSE,FALSE,FALSE,FALSE,FALSE,FALSE,FALSE,FALSE,FALSE,FALSE,FALSE,FALSE,FALSE,FALSE,FALSE,FALSE,FALSE,FALSE,FALSE,FALSE,FALSE,FALSE,FALSE,FALSE,FALSE,FALSE
1883,0.53,0.3,0.57,1.16,0.94,0.88,1.15,0.57,1.32,0.86,0.28,0.24,0,0,0.33,0.33,0.3,0.38,0.29,0.2,0.39,0.47,0.29,0.21,0.18,0.07,0,0.2,FALSE,FALSE,FALSE,FALSE,FALSE,FALSE,FALSE,FALSE,FALSE,FALSE,FALSE,FALSE,FALSE,FALSE,FALSE,FALSE,FALSE,FALSE,FALSE,FALSE,FALSE,FALSE,FALSE,FALSE,FALSE,FALSE,FALSE,FALSE
1884,0.56,0.26,0.24,1.02,0.76,0.85,1.16,0.47,2.06,0.63,0.52,0.44,0,0.14,0.37,0.39,0.57,0.61,0.16,0.21,0.48,0.37,0.3,0.24,0.3,0.18,0.15,0.21,FALSE,FALSE,FALSE,FALSE,FALSE,FALSE,FALSE,FALSE,FALSE,FALSE,FALSE,FALSE,FALSE,FALSE,FALSE,FALSE,FALSE,FALSE,FALSE,FALSE,FALSE,FALSE,FALSE,FALSE,FALSE,FALSE,FALSE,FALSE
1885,0.87,0.46,0.69,1.68,1.44,0.99,1.96,0.6,3.03,1.15,0.67,0.53,0.19,0.17,0.45,0.35,0.54,0.78,0.41,0.33,0.38,0.5,0.52,0.43,0.36,0.41,0.36,0.36,FALSE,FALSE,FALSE,FALSE,FALSE,FALSE,FALSE,FALSE,TRUE,FALSE,FALSE,FALSE,FALSE,FALSE,FALSE,FALSE,FALSE,FALSE,FALSE,FALSE,FALSE,FALSE,FALSE,FALSE,FALSE,FALSE,FALSE,FALSE
1886,0.69,0.3,0.77,1.31,1.06,0.95,1.59,0.69,2.14,1.18,0.72,0.64,0.17,0.17,0.51,0.32,0.65,0.77,0.58,0.39,0.46,0.52,0.36,0.41,0.41,0.42,0.36,0.38,FALSE,FALSE,FALSE,FALSE,FALSE,FALSE,FALSE,FALSE,FALSE,FALSE,FALSE,FALSE,FALSE,FALSE,FALSE,FALSE,FALSE,FALSE,FALSE,FALSE,FALSE,FALSE,FALSE,FALSE,FALSE,FALSE,FALSE,FALSE
1887,1.04,0.36,0.8,1.42,1.22,1.02,1.48,0.62,1.99,1.23,0.68,0.45,0.14,0.13,0.61,0.34,0.83,1.02,0.53,0.51,0.56,0.54,0.45,0.4,0.43,0.43,0.43,0.37,FALSE,FALSE,FALSE,FALSE,FALSE,FALSE,FALSE,FALSE,FALSE,FALSE,FALSE,FALSE,FALSE,FALSE,FALSE,FALSE,FALSE,FALSE,FALSE,FALSE,FALSE,FALSE,FALSE,FALSE,FALSE,FALSE,FALSE,FALSE
1888,1.06,0.61,0.83,1.77,1.75,1.85,1.9,0.82,3.35,1.3,0.77,0.66,0.13,0.13,0.53,0.32,1.24,1.05,0.69,0.47,0.6,0.91,0.73,0.7,0.62,0.53,0.53,0.47,FALSE,FALSE,FALSE,FALSE,FALSE,FALSE,FALSE,FALSE,TRUE,FALSE,FALSE,FALSE,FALSE,FALSE,FALSE,FALSE,FALSE,FALSE,FALSE,FALSE,FALSE,FALSE,FALSE,FALSE,FALSE,FALSE,FALSE,FALSE
1889,1.39,0.61,0.93,1.57,1.59,1.58,1.5,0.74,2.41,1.36,0.62,0.76,0.12,0.13,0.59,0.48,1.35,0.66,0.25,0.35,0.47,0.53,0.45,0.53,0.6,0.37,0.59,0.46,FALSE,FALSE,FALSE,FALSE,FALSE,FALSE,FALSE,FALSE,FALSE,FALSE,FALSE,FALSE,FALSE,FALSE,FALSE,FALSE,FALSE,FALSE,FALSE,FALSE,FALSE,FALSE,FALSE,FALSE,FALSE,FALSE,FALSE,FALSE
1890,0.65,0.25,0.28,0.53,0.69,0.67,1.21,0.63,1.23,0.91,0.43,0.45,0,0,0.33,0.25,0.3,0.22,0.08,0.07,0.28,0.48,0.28,0.25,0.35,0.2,0.49,0.4,FALSE,FALSE,FALSE,FALSE,FALSE,FALSE,FALSE,FALSE,FALSE,FALSE,FALSE,FALSE,FALSE,FALSE,FALSE,FALSE,FALSE,FALSE,FALSE,FALSE,FALSE,FALSE,FALSE,FALSE,FALSE,FALSE,FALSE,FALSE
1891,0.7,0.49,0.45,0.69,0.63,0.37,1.53,0.78,1.69,1.46,0.34,0.23,0.21,0.01,0.4,0.38,1.04,0.44,0.1,0.09,0.44,0.45,0.39,0.42,0.53,0.29,0.53,0.58,FALSE,FALSE,FALSE,FALSE,FALSE,FALSE,FALSE,FALSE,FALSE,FALSE,FALSE,FALSE,FALSE,FALSE,FALSE,FALSE,FALSE,FALSE,FALSE,FALSE,FALSE,FALSE,FALSE,FALSE,FALSE,FALSE,FALSE,FALSE
1892,0.83,0.57,0.67,1.03,1.4,1.21,1.21,0.79,1.53,1.44,0.31,0.44,0.07,0.17,0.58,0.44,1.22,0.43,0.32,0.29,0.55,0.44,0.41,0.47,0.54,0.43,0.65,0.84,FALSE,FALSE,FALSE,FALSE,FALSE,FALSE,FALSE,FALSE,FALSE,FALSE,FALSE,FALSE,FALSE,FALSE,FALSE,FALSE,FALSE,FALSE,FALSE,FALSE,FALSE,FALSE,FALSE,FALSE,FALSE,FALSE,FALSE,FALSE
1893,0.53,0.14,0.25,0.6,1.15,0.96,1.23,1.14,1.99,0.75,0.35,0.39,0.31,0.19,0.32,0.35,0.46,0.27,0.23,0.22,0.28,0.4,0.27,0.23,0.5,0.37,0.43,0.71,FALSE,FALSE,FALSE,FALSE,FALSE,FALSE,FALSE,FALSE,FALSE,FALSE,FALSE,FALSE,FALSE,FALSE,FALSE,FALSE,FALSE,FALSE,FALSE,FALSE,FALSE,FALSE,FALSE,FALSE,FALSE,FALSE,FALSE,FALSE
1894,0.78,0.57,0.42,0.8,1.24,1.8,1.13,1.03,3.6,1.18,0.39,0.34,0.23,0.13,0.37,0.43,0.55,0.35,0.29,0.2,0.28,0.33,0.22,0.17,0.58,0.37,0.47,0.55,FALSE,FALSE,FALSE,FALSE,FALSE,FALSE,FALSE,FALSE,TRUE,FALSE,FALSE,FALSE,FALSE,FALSE,FALSE,FALSE,FALSE,FALSE,FALSE,FALSE,FALSE,FALSE,FALSE,FALSE,FALSE,FALSE,FALSE,FALSE
1895,1.24,0.87,0.58,1.11,1.57,1.6,1.1,1.18,2.24,1.35,0.53,0.29,0.31,0.17,0.6,0.54,0.71,0.63,0.45,0.32,0.36,0.24,0.32,0.39,0.6,0.47,0.7,0.78,FALSE,FALSE,FALSE,FALSE,FALSE,FALSE,FALSE,FALSE,FALSE,FALSE,FALSE,FALSE,FALSE,FALSE,FALSE,FALSE,FALSE,FALSE,FALSE,FALSE,FALSE,FALSE,FALSE,FALSE,FALSE,FALSE,FALSE,FALSE
1896,0.95,0.57,0.33,0.56,1.09,1.63,1.11,1.13,1.4,0.9,0.44,0.29,0.28,0.18,0.39,0.47,0.64,0.56,0.07,0.26,0.28,0.5,0.39,0.29,0.54,0.26,0.63,0.62,FALSE,FALSE,FALSE,FALSE,FALSE,FALSE,FALSE,FALSE,FALSE,FALSE,FALSE,FALSE,FALSE,FALSE,FALSE,FALSE,FALSE,FALSE,FALSE,FALSE,FALSE,FALSE,FALSE,FALSE,FALSE,FALSE,FALSE,FALSE
1897,0.84,0.1,0.25,0.82,1.42,1.97,1.24,0.93,2.25,0.96,0.46,0.16,0.22,0.15,0.49,0.51,0.74,0.5,0.38,0.31,0.37,0.49,0.39,0.29,0.52,0.35,0.72,0.83,FALSE,FALSE,FALSE,FALSE,FALSE,FALSE,FALSE,FALSE,FALSE,FALSE,FALSE,FALSE,FALSE,FALSE,FALSE,FALSE,FALSE,FALSE,FALSE,FALSE,FALSE,FALSE,FALSE,FALSE,FALSE,FALSE,FALSE,FALSE
1898,1.27,0.29,0.61,1.01,1.63,1.43,1.02,0.96,2.04,1.47,0.61,0.3,0.19,0.12,0.37,0.33,0.52,0.53,0.45,0.28,0.32,0.48,0.51,0.3,0.39,0.23,0.62,0.55,FALSE,FALSE,FALSE,FALSE,FALSE,FALSE,FALSE,FALSE,FALSE,FALSE,FALSE,FALSE,FALSE,FALSE,FALSE,FALSE,FALSE,FALSE,FALSE,FALSE,FALSE,FALSE,FALSE,FALSE,FALSE,FALSE,FALSE,FALSE
1899,1.07,0.5,0.33,0.55,0.65,1.01,0.82,0.95,0.93,1.01,0.46,0.29,0.14,0.08,0.23,0.28,0.18,0.24,0.26,0.19,0.27,0.29,0.28,0.23,0.31,0.26,0.41,0.42,FALSE,FALSE,FALSE,FALSE,FALSE,FALSE,FALSE,FALSE,FALSE,FALSE,FALSE,FALSE,FALSE,FALSE,FALSE,FALSE,FALSE,FALSE,FALSE,FALSE,FALSE,FALSE,FALSE,FALSE,FALSE,FALSE,FALSE,FALSE
1900,1.85,0.75,0.66,1.1,1.26,1.51,1.25,1.29,2.87,2.36,0.62,0.35,0.17,0.18,0.3,0.53,0.74,0.71,0.35,0.33,0.48,0.54,0.38,0.52,0.61,0.56,0.75,0.8,FALSE,FALSE,FALSE,FALSE,FALSE,FALSE,FALSE,FALSE,FALSE,TRUE,FALSE,FALSE,FALSE,FALSE,FALSE,FALSE,FALSE,FALSE,FALSE,FALSE,FALSE,FALSE,FALSE,FALSE,FALSE,FALSE,FALSE,FALSE
1901,2.25,1.02,0.81,1.09,1.47,1.66,1.28,1.22,2.39,1.53,0.72,0.54,0.14,0.14,0.61,0.51,0.75,0.94,0.47,0.44,0.54,0.4,0.4,0.61,0.55,0.37,0.97,1.02,FALSE,FALSE,FALSE,FALSE,FALSE,FALSE,FALSE,FALSE,FALSE,FALSE,FALSE,FALSE,FALSE,FALSE,FALSE,FALSE,FALSE,FALSE,FALSE,FALSE,FALSE,FALSE,FALSE,FALSE,FALSE,FALSE,FALSE,FALSE
1902,1.32,0.96,0.85,1.12,1.25,1.7,0.93,1.35,1.93,1.32,0.66,0.42,0.18,0.16,0.8,0.72,0.5,0.76,0.46,0.34,0.48,0.55,0.39,0.48,0.53,0.38,0.88,0.87,FALSE,FALSE,FALSE,FALSE,FALSE,FALSE,FALSE,FALSE,FALSE,FALSE,FALSE,FALSE,FALSE,FALSE,FALSE,FALSE,FALSE,FALSE,FALSE,FALSE,FALSE,FALSE,FALSE,FALSE,FALSE,FALSE,FALSE,FALSE
1903,2.02,1.15,0.87,1.37,1.48,1.8,0.94,1.31,1.93,1.98,0.88,0.54,0.22,0.11,0.71,0.74,0.75,1.18,0.56,0.26,0.49,0.55,0.45,0.45,0.58,0.52,0.96,0.9,FALSE,FALSE,FALSE,FALSE,FALSE,FALSE,FALSE,FALSE,FALSE,FALSE,FALSE,FALSE,FALSE,FALSE,FALSE,FALSE,FALSE,FALSE,FALSE,FALSE,FALSE,FALSE,FALSE,FALSE,FALSE,FALSE,FALSE,FALSE
1904,3.07,1.36,1.1,1.68,2.01,1.88,1.04,1.01,2.55,1.82,0.81,0.61,0.19,0.14,0.54,0.62,0.81,0.87,0.64,0.46,0.47,0.48,0.5,0.58,0.79,0.66,0.96,0.61,TRUE,FALSE,FALSE,FALSE,FALSE,FALSE,FALSE,FALSE,FALSE,FALSE,FALSE,FALSE,FALSE,FALSE,FALSE,FALSE,FALSE,FALSE,FALSE,FALSE,FALSE,FALSE,FALSE,FALSE,FALSE,FALSE,FALSE,FALSE
1905,1.46,0.72,1.06,1.18,1.39,1.5,0.79,0.97,1.91,1.66,0.96,0.77,0.15,0.14,0.63,0.84,0.92,0.81,0.59,0.43,0.67,0.54,0.56,0.55,1.01,0.8,1.04,1.19,FALSE,FALSE,FALSE,FALSE,FALSE,FALSE,FALSE,FALSE,FALSE,FALSE,FALSE,FALSE,FALSE,FALSE,FALSE,FALSE,FALSE,FALSE,FALSE,FALSE,FALSE,FALSE,FALSE,FALSE,FALSE,FALSE,FALSE,FALSE
1906,2.01,1.21,1.14,1.3,1.58,1.45,0.77,0.78,2.9,1.49,0.9,0.61,0.25,0.22,0.57,0.54,0.95,0.75,0.7,0.42,0.58,0.41,0.6,0.6,0.97,0.53,1.23,1.02,FALSE,FALSE,FALSE,FALSE,FALSE,FALSE,FALSE,FALSE,FALSE,FALSE,FALSE,FALSE,FALSE,FALSE,FALSE,FALSE,FALSE,FALSE,FALSE,FALSE,FALSE,FALSE,FALSE,FALSE,FALSE,FALSE,FALSE,FALSE
1907,2.63,1.62,1.5,1.62,1.85,1.7,1.13,1.35,2.86,1.63,0.92,0.68,0.29,0.32,0.61,0.72,0.76,0.95,0.73,0.4,0.61,0.79,0.71,0.71,0.97,0.87,1.12,0.99,TRUE,FALSE,FALSE,FALSE,FALSE,FALSE,FALSE,FALSE,FALSE,FALSE,FALSE,FALSE,FALSE,FALSE,FALSE,FALSE,FALSE,FALSE,FALSE,FALSE,FALSE,FALSE,FALSE,FALSE,FALSE,FALSE,FALSE,FALSE
1908,1.94,1.38,1.5,1.4,2.06,1.99,1.44,1.36,2.64,1.42,0.97,0.63,0.42,0.36,0.73,0.91,1.14,1.22,0.73,0.42,0.77,0.77,0.8,0.6,0.94,0.8,1.41,1.58,FALSE,FALSE,FALSE,FALSE,FALSE,FALSE,FALSE,FALSE,FALSE,FALSE,FALSE,FALSE,FALSE,FALSE,FALSE,FALSE,FALSE,FALSE,FALSE,FALSE,FALSE,FALSE,FALSE,FALSE,FALSE,FALSE,FALSE,FALSE
1909,2.08,1.33,1.04,1.74,2.61,1.84,0.78,0.9,2.38,0.88,0.94,0.59,0.36,0.32,0.57,0.56,1.08,0.95,0.67,0.43,0.71,0.73,0.64,0.49,1.09,0.61,1.04,1.38,FALSE,FALSE,FALSE,FALSE,FALSE,FALSE,FALSE,FALSE,FALSE,FALSE,FALSE,FALSE,FALSE,FALSE,FALSE,FALSE,FALSE,FALSE,FALSE,FALSE,FALSE,FALSE,FALSE,FALSE,FALSE,FALSE,FALSE,FALSE
1910,1.24,1.22,1.14,1.41,1.86,1.5,0.88,0.98,2.17,1.1,0.59,0.37,0.27,0.29,0.38,0.6,1.01,0.82,0.42,0.48,0.61,0.57,0.71,0.51,0.88,0.65,0.78,1.05,FALSE,FALSE,FALSE,FALSE,FALSE,FALSE,FALSE,FALSE,FALSE,FALSE,FALSE,FALSE,FALSE,FALSE,FALSE,FALSE,FALSE,FALSE,FALSE,FALSE,FALSE,FALSE,FALSE,FALSE,FALSE,FALSE,FALSE,FALSE
1911,1.68,0.87,0.89,1.04,2,1.74,0.73,0.7,1.8,1.16,0.76,0.24,0.28,0.19,0.48,0.54,0.88,0.99,0.55,0.43,0.48,0.5,0.6,0.65,0.93,0.71,1.06,1.19,FALSE,FALSE,FALSE,FALSE,FALSE,FALSE,FALSE,FALSE,FALSE,FALSE,FALSE,FALSE,FALSE,FALSE,FALSE,FALSE,FALSE,FALSE,FALSE,FALSE,FALSE,FALSE,FALSE,FALSE,FALSE,FALSE,FALSE,FALSE
1912,1.23,0.38,1.01,1.21,1.75,2.14,0.59,0.54,1.41,1.39,0.67,0.48,0.25,0.3,0.54,0.74,1.19,1.01,0.54,0.51,0.5,0.45,0.74,0.71,1.13,0.72,1.01,0.82,FALSE,FALSE,FALSE,FALSE,FALSE,FALSE,FALSE,FALSE,FALSE,FALSE,FALSE,FALSE,FALSE,FALSE,FALSE,FALSE,FALSE,FALSE,FALSE,FALSE,FALSE,FALSE,FALSE,FALSE,FALSE,FALSE,FALSE,FALSE
1913,1.59,0.66,0.85,1.79,3.1,2.19,0.92,0.81,1.38,1.97,1.13,0.64,0.48,0.48,0.57,0.88,1.52,1.31,0.85,0.47,0.53,0.82,0.72,0.91,1.4,0.91,1.21,1.13,FALSE,FALSE,FALSE,FALSE,TRUE,FALSE,FALSE,FALSE,FALSE,FALSE,FALSE,FALSE,FALSE,FALSE,FALSE,FALSE,FALSE,FALSE,FALSE,FALSE,FALSE,FALSE,FALSE,FALSE,FALSE,FALSE,FALSE,FALSE
1914,1.91,0.7,1.19,1.55,2.5,2.27,0.82,0.69,2.07,1.66,1.08,0.64,0.51,0.43,0.82,0.81,1.32,1.33,0.83,0.45,0.53,0.71,0.77,0.75,0.95,0.77,1.1,1.32,FALSE,FALSE,FALSE,FALSE,FALSE,FALSE,FALSE,FALSE,FALSE,FALSE,FALSE,FALSE,FALSE,FALSE,FALSE,FALSE,FALSE,FALSE,FALSE,FALSE,FALSE,FALSE,FALSE,FALSE,FALSE,FALSE,FALSE,FALSE
1915,1.27,0.88,0.83,1.22,1.91,2.5,0.89,0.71,1.85,2.14,0.86,0.62,0.51,0.37,0.99,1.11,0.99,0.79,0.62,0.38,0.45,0.54,0.66,0.77,0.93,0.68,1.05,1.43,FALSE,FALSE,FALSE,FALSE,FALSE,FALSE,FALSE,FALSE,FALSE,FALSE,FALSE,FALSE,FALSE,FALSE,FALSE,FALSE,FALSE,FALSE,FALSE,FALSE,FALSE,FALSE,FALSE,FALSE,FALSE,FALSE,FALSE,FALSE
1916,1.51,0.93,0.93,1.32,2.12,1.48,0.83,0.63,1.38,1.77,0.81,0.79,0.72,0.37,1.06,0.75,1.19,0.67,0.71,0.58,0.5,0.51,0.86,0.76,1.16,0.98,1.34,1.17,FALSE,FALSE,FALSE,FALSE,FALSE,FALSE,FALSE,FALSE,FALSE,FALSE,FALSE,FALSE,FALSE,FALSE,FALSE,FALSE,FALSE,FALSE,FALSE,FALSE,FALSE,FALSE,FALSE,FALSE,FALSE,FALSE,FALSE,FALSE
1917,1.09,0.79,0.63,1.01,2.03,1.28,0.88,0.59,1.57,1.85,0.66,0.61,0.92,0.35,0.54,0.49,1.07,0.4,0.31,0.22,0.37,0.36,0.63,0.6,1,0.64,1.02,0.83,FALSE,FALSE,FALSE,FALSE,FALSE,FALSE,FALSE,FALSE,FALSE,FALSE,FALSE,FALSE,FALSE,FALSE,FALSE,FALSE,FALSE,FALSE,FALSE,FALSE,FALSE,FALSE,FALSE,FALSE,FALSE,FALSE,FALSE,FALSE
1918,1.03,0.81,0.67,0.81,2.06,1.37,0.71,0.51,1.43,1.83,0.64,0.53,0.52,0.35,0.37,0.47,1.3,0.59,0.58,0.36,0.46,0.43,0.74,0.45,0.71,0.88,0.78,0.82,FALSE,FALSE,FALSE,FALSE,FALSE,FALSE,FALSE,FALSE,FALSE,FALSE,FALSE,FALSE,FALSE,FALSE,FALSE,FALSE,FALSE,FALSE,FALSE,FALSE,FALSE,FALSE,FALSE,FALSE,FALSE,FALSE,FALSE,FALSE
1919,1.49,0.9,0.85,1.32,2.05,1.01,0.81,0.6,1.99,2.63,0.56,0.65,0.72,0.41,0.64,0.59,0.82,1.03,0.42,0.23,0.45,0.44,0.76,0.86,0.97,0.8,0.7,0.91,FALSE,FALSE,FALSE,FALSE,FALSE,FALSE,FALSE,FALSE,FALSE,TRUE,FALSE,FALSE,FALSE,FALSE,FALSE,FALSE,FALSE,FALSE,FALSE,FALSE,FALSE,FALSE,FALSE,FALSE,FALSE,FALSE,FALSE,FALSE
1920,0.89,0.67,0.8,1.12,1.75,0.81,0.88,0.47,1.67,1.68,0.61,0.62,0.51,0.29,0.47,0.47,0.45,0.65,0.39,0.24,0.49,0.57,0.78,0.62,0.74,0.67,0.59,0.64,FALSE,FALSE,FALSE,FALSE,FALSE,FALSE,FALSE,FALSE,FALSE,FALSE,FALSE,FALSE,FALSE,FALSE,FALSE,FALSE,FALSE,FALSE,FALSE,FALSE,FALSE,FALSE,FALSE,FALSE,FALSE,FALSE,FALSE,FALSE
1921,1.13,0.86,0.65,1.44,1.64,1.78,1.2,0.61,1.95,2.1,0.53,0.68,0.54,0.3,0.58,0.55,0.68,1.07,0.53,0.36,0.51,0.64,1.09,0.79,0.76,0.77,0.82,0.81,FALSE,FALSE,FALSE,FALSE,FALSE,FALSE,FALSE,FALSE,FALSE,FALSE,FALSE,FALSE,FALSE,FALSE,FALSE,FALSE,FALSE,FALSE,FALSE,FALSE,FALSE,FALSE,FALSE,FALSE,FALSE,FALSE,FALSE,FALSE
1922,0.74,0.76,0.61,1.16,1.07,0.86,0.85,0.44,1.37,1.44,0.68,0.8,0.44,0.26,0.35,0.33,0.43,0.6,0.56,0.41,0.27,0.57,0.65,0.41,0.6,0.45,0.64,0.74,FALSE,FALSE,FALSE,FALSE,FALSE,FALSE,FALSE,FALSE,FALSE,FALSE,FALSE,FALSE,FALSE,FALSE,FALSE,FALSE,FALSE,FALSE,FALSE,FALSE,FALSE,FALSE,FALSE,FALSE,FALSE,FALSE,FALSE,FALSE
1923,0.7,0.54,0.4,0.88,1.25,1.26,0.75,0.44,1.16,1.48,0.54,0.72,0.38,0.28,0.4,0.54,0.52,0.42,0.5,0.32,0.37,0.49,0.52,0.39,0.48,0.53,0.51,0.65,FALSE,FALSE,FALSE,FALSE,FALSE,FALSE,FALSE,FALSE,FALSE,FALSE,FALSE,FALSE,FALSE,FALSE,FALSE,FALSE,FALSE,FALSE,FALSE,FALSE,FALSE,FALSE,FALSE,FALSE,FALSE,FALSE,FALSE,FALSE
1924,0.73,0.63,0.45,0.83,1.27,1.09,0.78,0.33,1.7,1.44,0.42,0.79,0.45,0.33,0.46,0.33,0.59,0.37,0.64,0.43,0.44,0.4,0.53,0.5,0.41,0.6,0.68,0.58,FALSE,FALSE,FALSE,FALSE,FALSE,FALSE,FALSE,FALSE,FALSE,FALSE,FALSE,FALSE,FALSE,FALSE,FALSE,FALSE,FALSE,FALSE,FALSE,FALSE,FALSE,FALSE,FALSE,FALSE,FALSE,FALSE,FALSE,FALSE
1925,0.34,0.34,0.38,1.16,1.2,1.03,0.8,0.26,1.17,1.15,0.5,0.81,0.32,0.26,0.36,0.41,0,0.12,0.39,0.29,0.55,0.46,0.46,0.29,0.47,0.39,0.5,0.35,FALSE,FALSE,FALSE,FALSE,FALSE,FALSE,FALSE,FALSE,FALSE,FALSE,FALSE,FALSE,FALSE,FALSE,FALSE,FALSE,FALSE,FALSE,FALSE,FALSE,FALSE,FALSE,FALSE,FALSE,FALSE,FALSE,FALSE,FALSE
1926,0.43,0.42,0.48,0.94,1.56,1.53,1.05,0.35,1.47,1.62,0.82,1.11,0.43,0.36,0.4,0.55,0.42,0.3,0.66,0.59,0.53,0.5,0.74,0.59,0.49,0.41,0.82,0.52,FALSE,FALSE,FALSE,FALSE,FALSE,FALSE,FALSE,FALSE,FALSE,FALSE,FALSE,FALSE,FALSE,FALSE,FALSE,FALSE,FALSE,FALSE,FALSE,FALSE,FALSE,FALSE,FALSE,FALSE,FALSE,FALSE,FALSE,FALSE
1927,0.57,0.4,0.68,1.27,1.64,1.31,0.97,0.39,1.97,1.32,0.92,0.95,0.49,0.37,0.53,0.44,0.77,0.39,0.92,0.67,0.39,0.54,0.71,0.59,0.64,0.23,0.59,0.46,FALSE,FALSE,FALSE,FALSE,FALSE,FALSE,FALSE,FALSE,FALSE,FALSE,FALSE,FALSE,FALSE,FALSE,FALSE,FALSE,FALSE,FALSE,FALSE,FALSE,FALSE,FALSE,FALSE,FALSE,FALSE,FALSE,FALSE,FALSE
1928,0.78,0.49,0.83,1.37,1.67,1.79,1.15,0.73,2.5,2.18,0.93,1.09,0.49,0.3,0.53,0.55,0.77,0.53,0.67,0.66,0.43,0.58,0.74,0.5,0.77,0.74,0.67,0.42,FALSE,FALSE,FALSE,FALSE,FALSE,FALSE,FALSE,FALSE,FALSE,FALSE,FALSE,FALSE,FALSE,FALSE,FALSE,FALSE,FALSE,FALSE,FALSE,FALSE,FALSE,FALSE,FALSE,FALSE,FALSE,FALSE,FALSE,FALSE
1929,0.85,0.53,0.73,1,1.38,1.22,1.03,0.44,1.52,1.64,0.57,0.74,0.48,0.29,0.42,0.46,0.72,0.77,0.55,0.48,0.51,0.64,0.59,0.48,0.49,0.64,0.7,0.81,FALSE,FALSE,FALSE,FALSE,FALSE,FALSE,FALSE,FALSE,FALSE,FALSE,FALSE,FALSE,FALSE,FALSE,FALSE,FALSE,FALSE,FALSE,FALSE,FALSE,FALSE,FALSE,FALSE,FALSE,FALSE,FALSE,FALSE,FALSE
1930,0.93,0.68,0.55,0.95,1.45,1.75,0.98,0.6,1.74,1.49,0.59,0.77,0.63,0.37,0.57,0.55,0.65,0.66,0.48,0.48,0.41,0.73,0.79,0.45,0.6,0.58,0.8,0.59,FALSE,FALSE,FALSE,FALSE,FALSE,FALSE,FALSE,FALSE,FALSE,FALSE,FALSE,FALSE,FALSE,FALSE,FALSE,FALSE,FALSE,FALSE,FALSE,FALSE,FALSE,FALSE,FALSE,FALSE,FALSE,FALSE,FALSE,FALSE
1931,1.14,0.55,0.92,0.96,0.81,1.18,0.78,0.42,1.94,1.12,0.76,0.93,0.33,0.33,0.36,0.46,0.83,0.57,0.52,0.46,0.57,0.6,0.87,0.5,0.48,0.62,0.84,0.58,FALSE,FALSE,FALSE,FALSE,FALSE,FALSE,FALSE,FALSE,FALSE,FALSE,FALSE,FALSE,FALSE,FALSE,FALSE,FALSE,FALSE,FALSE,FALSE,FALSE,FALSE,FALSE,FALSE,FALSE,FALSE,FALSE,FALSE,FALSE
1932,0.93,0.64,0.74,0.72,0.99,1.22,0.95,0.51,1.72,1.24,0.53,1.1,0.49,0.34,0.36,0.37,0.56,0.48,0.44,0.44,0.46,0.56,0.81,0.35,0.7,0.71,0.72,0.52,FALSE,FALSE,FALSE,FALSE,FALSE,FALSE,FALSE,FALSE,FALSE,FALSE,FALSE,FALSE,FALSE,FALSE,FALSE,FALSE,FALSE,FALSE,FALSE,FALSE,FALSE,FALSE,FALSE,FALSE,FALSE,FALSE,FALSE,FALSE
1933,0.82,0.45,0.68,0.71,1.38,1.75,0.83,0.46,1.41,1.2,0.57,0.9,0.55,0.37,0.46,0.28,0.44,0.32,0.37,0.27,0.47,0.5,0.84,0.49,0.5,0.61,0.62,0.55,FALSE,FALSE,FALSE,FALSE,FALSE,FALSE,FALSE,FALSE,FALSE,FALSE,FALSE,FALSE,FALSE,FALSE,FALSE,FALSE,FALSE,FALSE,FALSE,FALSE,FALSE,FALSE,FALSE,FALSE,FALSE,FALSE,FALSE,FALSE
1934,1.23,0.17,1.14,1.27,2.58,2.27,1.36,0.53,1.66,1.23,0.58,0.79,0.56,0.29,0.73,0.59,0.95,0.59,0.51,0.5,0.44,0.47,0.87,0.61,0.54,0.64,0.71,0.82,FALSE,FALSE,FALSE,FALSE,FALSE,FALSE,FALSE,FALSE,FALSE,FALSE,FALSE,FALSE,FALSE,FALSE,FALSE,FALSE,FALSE,FALSE,FALSE,FALSE,FALSE,FALSE,FALSE,FALSE,FALSE,FALSE,FALSE,FALSE
1935,0.82,0.46,0.84,0.82,1.43,1.5,0.63,0.49,0.89,0.21,0.37,0.63,0.31,0.31,0.32,0.43,0.54,0.47,0.29,0.3,0.3,0.12,0.77,0.57,0.43,0.54,0.28,0.43,FALSE,FALSE,FALSE,FALSE,FALSE,FALSE,FALSE,FALSE,FALSE,FALSE,FALSE,FALSE,FALSE,FALSE,FALSE,FALSE,FALSE,FALSE,FALSE,FALSE,FALSE,FALSE,FALSE,FALSE,FALSE,FALSE,FALSE,FALSE
1936,0.31,0.23,0.3,0.45,1.02,1.24,0.46,0.35,1.13,1.68,0.13,0.69,0.54,0.39,0.34,0.23,0.37,0.53,0.36,0.22,0.17,0.16,0.78,0.36,0.37,0.52,0.24,0.32,FALSE,FALSE,FALSE,FALSE,FALSE,FALSE,FALSE,FALSE,FALSE,FALSE,FALSE,FALSE,FALSE,FALSE,FALSE,FALSE,FALSE,FALSE,FALSE,FALSE,FALSE,FALSE,FALSE,FALSE,FALSE,FALSE,FALSE,FALSE
1937,0.46,0.41,0.55,0.73,1.21,0.87,0.58,0.51,1.34,1.14,0.74,0.62,0.42,0.27,0.33,0.37,0.45,0.37,0.33,0.26,0.39,0.33,0.66,0.43,0.54,0.49,0.39,0.32,FALSE,FALSE,FALSE,FALSE,FALSE,FALSE,FALSE,FALSE,FALSE,FALSE,FALSE,FALSE,FALSE,FALSE,FALSE,FALSE,FALSE,FALSE,FALSE,FALSE,FALSE,FALSE,FALSE,FALSE,FALSE,FALSE,FALSE,FALSE
1938,0.63,0.46,0.59,0.7,1.5,1.62,0.69,0.6,1.08,0.94,0.85,0.64,0.47,0.45,0.43,0.48,0.17,0.32,0.46,0.38,0.41,0.65,0.83,0.5,0.53,0.47,0.8,0.52,FALSE,FALSE,FALSE,FALSE,FALSE,FALSE,FALSE,FALSE,FALSE,FALSE,FALSE,FALSE,FALSE,FALSE,FALSE,FALSE,FALSE,FALSE,FALSE,FALSE,FALSE,FALSE,FALSE,FALSE,FALSE,FALSE,FALSE,FALSE
1939,0.85,0.53,0.83,1.05,1.68,1.8,0.68,0.42,2.04,1.36,0.77,1.03,0.45,0.34,0.49,0.48,0.36,0.37,0.43,0.4,0.4,0.44,0.76,0.63,0.6,0.45,0.76,0.52,FALSE,FALSE,FALSE,FALSE,FALSE,FALSE,FALSE,FALSE,FALSE,FALSE,FALSE,FALSE,FALSE,FALSE,FALSE,FALSE,FALSE,FALSE,FALSE,FALSE,FALSE,FALSE,FALSE,FALSE,FALSE,FALSE,FALSE,FALSE
1940,0.62,0.6,0.67,1,1.82,1.51,0.58,0.57,2.02,1.66,0.85,0.77,0.52,0.51,0.54,0.51,0.29,0.34,0.59,0.65,0.58,0.53,0.91,0.63,0.84,0.58,0.99,0.8,FALSE,FALSE,FALSE,FALSE,FALSE,FALSE,FALSE,FALSE,FALSE,FALSE,FALSE,FALSE,FALSE,FALSE,FALSE,FALSE,FALSE,FALSE,FALSE,FALSE,FALSE,FALSE,FALSE,FALSE,FALSE,FALSE,FALSE,FALSE
1941,1.05,0.66,0.96,1.07,1.93,1.92,0.63,0.45,2.06,1.71,0.8,1.14,0.55,0.44,0.93,0.79,0.41,0.33,0.73,0.73,0.77,0.51,1.29,0.81,0.97,0.67,1.07,0.99,FALSE,FALSE,FALSE,FALSE,FALSE,FALSE,FALSE,FALSE,FALSE,FALSE,FALSE,FALSE,FALSE,FALSE,FALSE,FALSE,FALSE,FALSE,FALSE,FALSE,FALSE,FALSE,FALSE,FALSE,FALSE,FALSE,FALSE,FALSE
1942,0.97,0.79,0.82,0.77,2.05,2.41,0.8,0.58,2.3,1.06,0.89,1.24,0.67,0.57,1.11,1.04,0.22,0.48,1.17,0.82,0.97,0.61,1.26,0.88,0.76,0.85,1.01,1.32,FALSE,FALSE,FALSE,FALSE,FALSE,FALSE,FALSE,FALSE,FALSE,FALSE,FALSE,FALSE,FALSE,FALSE,FALSE,FALSE,FALSE,FALSE,FALSE,FALSE,FALSE,FALSE,FALSE,FALSE,FALSE,FALSE,FALSE,FALSE
1943,0.97,0.79,0.59,0.8,1.41,1.79,0.44,0.32,1.63,1.24,1.05,0.92,0.48,0.37,0.6,0.65,0.42,0.39,0.52,0.51,0.78,0.76,0.66,0.56,0.42,0.43,0.63,0.71,FALSE,FALSE,FALSE,FALSE,FALSE,FALSE,FALSE,FALSE,FALSE,FALSE,FALSE,FALSE,FALSE,FALSE,FALSE,FALSE,FALSE,FALSE,FALSE,FALSE,FALSE,FALSE,FALSE,FALSE,FALSE,FALSE,FALSE,FALSE
1944,0.84,0.53,0.72,0.81,1.03,1.65,0.31,0.32,1.7,1,0.98,0.7,0.59,0.37,0.61,0.49,0.34,0.35,0.64,0.27,0.69,0.75,0.84,0.6,0.68,0.59,0.78,0.84,FALSE,FALSE,FALSE,FALSE,FALSE,FALSE,FALSE,FALSE,FALSE,FALSE,FALSE,FALSE,FALSE,FALSE,FALSE,FALSE,FALSE,FALSE,FALSE,FALSE,FALSE,FALSE,FALSE,FALSE,FALSE,FALSE,FALSE,FALSE
1945,0.83,0.49,0.89,0.82,1.37,1.59,0.45,0.33,1.99,1.09,0.75,0.84,0.43,0.36,0.5,0.35,0.38,0.39,0.7,0.62,0.55,0.59,0.84,0.58,0.53,0.57,0.85,0.85,FALSE,FALSE,FALSE,FALSE,FALSE,FALSE,FALSE,FALSE,FALSE,FALSE,FALSE,FALSE,FALSE,FALSE,FALSE,FALSE,FALSE,FALSE,FALSE,FALSE,FALSE,FALSE,FALSE,FALSE,FALSE,FALSE,FALSE,FALSE
1946,1.23,0.52,0.67,0.67,1.56,1.67,0.53,0.43,1.72,1.18,0.93,0.85,0.61,0.39,0.61,0.48,0.26,0.45,0.62,0.71,0.67,0.67,0.63,0.58,0.89,0.64,0.93,0.92,FALSE,FALSE,FALSE,FALSE,FALSE,FALSE,FALSE,FALSE,FALSE,FALSE,FALSE,FALSE,FALSE,FALSE,FALSE,FALSE,FALSE,FALSE,FALSE,FALSE,FALSE,FALSE,FALSE,FALSE,FALSE,FALSE,FALSE,FALSE
1947,1.38,0.66,1.04,0.72,1.92,1.83,0.63,0.51,1.98,1.09,1.04,1.02,0.54,0.3,0.71,0.62,0.5,0.56,0.68,0.8,0.87,0.69,0.85,0.67,0.97,0.52,0.87,1,FALSE,FALSE,FALSE,FALSE,FALSE,FALSE,FALSE,FALSE,FALSE,FALSE,FALSE,FALSE,FALSE,FALSE,FALSE,FALSE,FALSE,FALSE,FALSE,FALSE,FALSE,FALSE,FALSE,FALSE,FALSE,FALSE,FALSE,FALSE
1948,1.09,0.53,0.54,0.62,1.59,1.53,0.41,0.48,1.34,0.9,0.71,0.87,0.45,0.3,0.62,0.51,0.37,0.86,0.55,0.67,0.8,0.74,0.43,0.6,0.84,0.68,0.9,0.91,FALSE,FALSE,FALSE,FALSE,FALSE,FALSE,FALSE,FALSE,FALSE,FALSE,FALSE,FALSE,FALSE,FALSE,FALSE,FALSE,FALSE,FALSE,FALSE,FALSE,FALSE,FALSE,FALSE,FALSE,FALSE,FALSE,FALSE,FALSE
1949,0.73,0.4,0.49,0.68,1.19,0.86,0.51,0.4,1.06,0.81,0.54,0.65,0.5,0.23,0.58,0.37,0,0,0.57,0.65,0.41,0.57,0.37,0.26,0.49,0.63,0.89,0.8,FALSE,FALSE,FALSE,FALSE,FALSE,FALSE,FALSE,FALSE,FALSE,FALSE,FALSE,FALSE,FALSE,FALSE,FALSE,FALSE,FALSE,FALSE,FALSE,FALSE,FALSE,FALSE,FALSE,FALSE,FALSE,FALSE,FALSE,FALSE
1950,0.86,0.46,0.68,0.56,1.1,1.08,0.65,0.57,1.13,0.88,0.72,0.8,0.62,0.44,0.61,0.38,0.32,0.46,0.51,0.37,0.74,0.71,0.56,0.42,0.59,0.4,0.85,1,FALSE,FALSE,FALSE,FALSE,FALSE,FALSE,FALSE,FALSE,FALSE,FALSE,FALSE,FALSE,FALSE,FALSE,FALSE,FALSE,FALSE,FALSE,FALSE,FALSE,FALSE,FALSE,FALSE,FALSE,FALSE,FALSE,FALSE,FALSE
1951,0.93,0.38,0.4,0.35,0.9,0.7,0.54,0.46,1.23,0.79,0.68,0.9,0.67,0.35,0.64,0.41,0.24,0.38,0.59,0.43,0.73,0.85,0.72,0.83,0.61,0.56,1.03,1.25,FALSE,FALSE,FALSE,FALSE,FALSE,FALSE,FALSE,FALSE,FALSE,FALSE,FALSE,FALSE,FALSE,FALSE,FALSE,FALSE,FALSE,FALSE,FALSE,FALSE,FALSE,FALSE,FALSE,FALSE,FALSE,FALSE,FALSE,FALSE
1952,1.05,0.45,0.36,0.18,1.18,0.7,0.46,0.51,1.85,0.91,0.67,0.81,0.53,0.29,0.59,0.49,0.31,0.49,0.53,0.46,0.79,0.73,0.65,0.68,0.84,0.64,1.05,0.83,FALSE,FALSE,FALSE,FALSE,FALSE,FALSE,FALSE,FALSE,FALSE,FALSE,FALSE,FALSE,FALSE,FALSE,FALSE,FALSE,FALSE,FALSE,FALSE,FALSE,FALSE,FALSE,FALSE,FALSE,FALSE,FALSE,FALSE,FALSE
1953,1.17,0.4,0.38,0.42,1.29,1.02,0.6,0.44,1.36,0.89,0.8,0.73,0.6,0.38,0.47,0.41,0.33,0.32,0.47,0.43,0.91,0.71,0.57,0.59,0.43,0.34,0.83,0.91,FALSE,FALSE,FALSE,FALSE,FALSE,FALSE,FALSE,FALSE,FALSE,FALSE,FALSE,FALSE,FALSE,FALSE,FALSE,FALSE,FALSE,FALSE,FALSE,FALSE,FALSE,FALSE,FALSE,FALSE,FALSE,FALSE,FALSE,FALSE
1954,1.04,0.44,0.12,0.3,1.43,1.42,0.68,0.54,1.4,0.81,0.62,0.77,0.58,0.42,0.62,0.58,0.4,0.34,0.61,0.58,0.66,0.56,0.73,0.7,0.66,0.5,0.94,0.87,FALSE,FALSE,FALSE,FALSE,FALSE,FALSE,FALSE,FALSE,FALSE,FALSE,FALSE,FALSE,FALSE,FALSE,FALSE,FALSE,FALSE,FALSE,FALSE,FALSE,FALSE,FALSE,FALSE,FALSE,FALSE,FALSE,FALSE,FALSE
1955,0.99,0.66,0.19,0.2,1.34,1.17,0.75,0.65,1.61,0.85,0.66,0.83,0.68,0.48,0.66,0.57,0.34,0.64,0.6,0.54,0.55,0.78,0.73,0.6,0.67,0.44,0.89,1,FALSE,FALSE,FALSE,FALSE,FALSE,FALSE,FALSE,FALSE,FALSE,FALSE,FALSE,FALSE,FALSE,FALSE,FALSE,FALSE,FALSE,FALSE,FALSE,FALSE,FALSE,FALSE,FALSE,FALSE,FALSE,FALSE,FALSE,FALSE
1956,0.79,0.42,0.24,0.19,1.1,0.98,0.53,0.46,1.3,0.66,0.39,0.44,0.52,0.27,0.59,0.52,0.16,0.66,0.59,0.61,0.45,0.55,0.51,0.63,0.54,0.49,0.95,0.87,FALSE,FALSE,FALSE,FALSE,FALSE,FALSE,FALSE,FALSE,FALSE,FALSE,FALSE,FALSE,FALSE,FALSE,FALSE,FALSE,FALSE,FALSE,FALSE,FALSE,FALSE,FALSE,FALSE,FALSE,FALSE,FALSE,FALSE,FALSE
1957,0.72,0.25,0.33,0.29,0.98,1.01,0.51,0.36,1.29,0.72,0.51,0.44,0.29,0.25,0.68,0.55,0.19,0.45,0.33,0.46,0.56,0.5,0.52,0.46,0.43,0.36,0.68,0.71,FALSE,FALSE,FALSE,FALSE,FALSE,FALSE,FALSE,FALSE,FALSE,FALSE,FALSE,FALSE,FALSE,FALSE,FALSE,FALSE,FALSE,FALSE,FALSE,FALSE,FALSE,FALSE,FALSE,FALSE,FALSE,FALSE,FALSE,FALSE
1958,0.63,0.34,0.55,0.55,0.94,1.01,0.45,0.58,0.94,0.55,0.52,0.49,0.4,0.43,0.65,0.45,0.33,0.47,0.41,0.44,0.47,0.41,0.5,0.44,0.25,0.27,0.91,0.63,FALSE,FALSE,FALSE,FALSE,FALSE,FALSE,FALSE,FALSE,FALSE,FALSE,FALSE,FALSE,FALSE,FALSE,FALSE,FALSE,FALSE,FALSE,FALSE,FALSE,FALSE,FALSE,FALSE,FALSE,FALSE,FALSE,FALSE,FALSE
1959,0.81,0.37,0.38,0.45,1.06,0.89,0.49,0.51,1.19,0.75,0.55,0.48,0.39,0.38,0.54,0.47,0.46,0.53,0.44,0.46,0.57,0.47,0.67,0.51,0.44,0.4,0.65,0.85,FALSE,FALSE,FALSE,FALSE,FALSE,FALSE,FALSE,FALSE,FALSE,FALSE,FALSE,FALSE,FALSE,FALSE,FALSE,FALSE,FALSE,FALSE,FALSE,FALSE,FALSE,FALSE,FALSE,FALSE,FALSE,FALSE,FALSE,FALSE
1960,0.76,0.51,0.46,0.44,0.94,0.89,0.56,0.56,1.37,0.63,0.47,0.46,0.55,0.5,0.59,0.54,0.44,0.72,0.4,0.48,0.88,0.74,0.75,0.59,0.58,0.44,0.74,0.83,FALSE,FALSE,FALSE,FALSE,FALSE,FALSE,FALSE,FALSE,FALSE,FALSE,FALSE,FALSE,FALSE,FALSE,FALSE,FALSE,FALSE,FALSE,FALSE,FALSE,FALSE,FALSE,FALSE,FALSE,FALSE,FALSE,FALSE,FALSE
1961,0.89,0.46,0.72,0.47,1.2,0.95,0.42,0.56,1.27,0.72,0.45,0.54,0.47,0.36,0.57,0.54,0.49,0.68,0.45,0.37,0.75,0.72,0.53,0.86,0.21,0.1,0.7,1.02,FALSE,FALSE,FALSE,FALSE,FALSE,FALSE,FALSE,FALSE,FALSE,FALSE,FALSE,FALSE,FALSE,FALSE,FALSE,FALSE,FALSE,FALSE,FALSE,FALSE,FALSE,FALSE,FALSE,FALSE,FALSE,FALSE,FALSE,FALSE
1962,0.63,0.41,0.51,0.55,1.14,0.88,0.6,0.41,1.13,0.62,0.64,0.58,0.52,0.36,0.58,0.38,0.19,0.54,0.67,0.64,0.67,0.64,0.69,0.79,0.33,0.32,0.8,1.2,FALSE,FALSE,FALSE,FALSE,FALSE,FALSE,FALSE,FALSE,FALSE,FALSE,FALSE,FALSE,FALSE,FALSE,FALSE,FALSE,FALSE,FALSE,FALSE,FALSE,FALSE,FALSE,FALSE,FALSE,FALSE,FALSE,FALSE,FALSE
1963,0.57,0.37,0.6,0.6,0.84,0.85,0.58,0.31,0.94,0.57,0.55,0.47,0.37,0.33,0.48,0.35,0.17,0.2,0.46,0.43,0.6,0.36,0.61,0.59,0.29,0.4,0.6,0.87,FALSE,FALSE,FALSE,FALSE,FALSE,FALSE,FALSE,FALSE,FALSE,FALSE,FALSE,FALSE,FALSE,FALSE,FALSE,FALSE,FALSE,FALSE,FALSE,FALSE,FALSE,FALSE,FALSE,FALSE,FALSE,FALSE,FALSE,FALSE
1964,0.42,0.26,0.49,0.36,0.72,0.68,0.47,0.33,1.04,0.57,0.7,0.58,0.34,0.27,0.36,0.36,0.11,0.27,0.37,0.33,0.54,0.42,0.52,0.47,0.25,0.24,0.51,0.76,FALSE,FALSE,FALSE,FALSE,FALSE,FALSE,FALSE,FALSE,FALSE,FALSE,FALSE,FALSE,FALSE,FALSE,FALSE,FALSE,FALSE,FALSE,FALSE,FALSE,FALSE,FALSE,FALSE,FALSE,FALSE,FALSE,FALSE,FALSE
1965,0.56,0.42,0.45,0.36,1.07,1.01,0.6,0.35,0.97,0.56,0.79,0.82,0.63,0.45,0.49,0.4,0.2,0.16,0.34,0.27,0.57,0.53,0.58,0.62,0.43,0.29,0.61,0.94,FALSE,FALSE,FALSE,FALSE,FALSE,FALSE,FALSE,FALSE,FALSE,FALSE,FALSE,FALSE,FALSE,FALSE,FALSE,FALSE,FALSE,FALSE,FALSE,FALSE,FALSE,FALSE,FALSE,FALSE,FALSE,FALSE,FALSE,FALSE
1966,0.69,0.33,0.5,0.54,0.75,1.05,0.53,0.37,1.27,0.79,0.79,0.84,0.68,0.44,0.59,0.38,0.39,0.42,0.32,0.42,0.56,0.48,0.48,0.55,0.35,0.31,0.69,0.91,FALSE,FALSE,FALSE,FALSE,FALSE,FALSE,FALSE,FALSE,FALSE,FALSE,FALSE,FALSE,FALSE,FALSE,FALSE,FALSE,FALSE,FALSE,FALSE,FALSE,FALSE,FALSE,FALSE,FALSE,FALSE,FALSE,FALSE,FALSE
1967,0.51,0.34,0.52,0.51,0.74,0.81,0.41,0.41,1.02,0.77,0.48,0.65,0.48,0.38,0.3,0.37,0.32,0.38,0.21,0.18,0.52,0.49,0.48,0.35,0.32,0.33,0.65,0.85,FALSE,FALSE,FALSE,FALSE,FALSE,FALSE,FALSE,FALSE,FALSE,FALSE,FALSE,FALSE,FALSE,FALSE,FALSE,FALSE,FALSE,FALSE,FALSE,FALSE,FALSE,FALSE,FALSE,FALSE,FALSE,FALSE,FALSE,FALSE
1968,0.77,0.42,0.6,0.58,0.7,1.01,0.43,0.46,1.18,0.77,0.5,0.58,0.52,0.45,0.33,0.34,0.34,0.44,0.29,0.36,0.33,0.22,0.43,0.52,0.51,0.35,0.81,0.78,FALSE,FALSE,FALSE,FALSE,FALSE,FALSE,FALSE,FALSE,FALSE,FALSE,FALSE,FALSE,FALSE,FALSE,FALSE,FALSE,FALSE,FALSE,FALSE,FALSE,FALSE,FALSE,FALSE,FALSE,FALSE,FALSE,FALSE,FALSE
1969,0.86,0.58,0.92,0.72,0.87,1.13,0.56,0.5,1.17,0.87,0.6,0.64,0.7,0.4,0.29,0.36,0.41,0.4,0.33,0.3,0.43,0.4,0.56,0.57,0.55,0.56,0.86,0.84,FALSE,FALSE,FALSE,FALSE,FALSE,FALSE,FALSE,FALSE,FALSE,FALSE,FALSE,FALSE,FALSE,FALSE,FALSE,FALSE,FALSE,FALSE,FALSE,FALSE,FALSE,FALSE,FALSE,FALSE,FALSE,FALSE,FALSE,FALSE
1970,0.58,0.47,0.51,0.55,0.85,0.65,0.46,0.36,1.13,0.8,0.49,0.53,0.6,0.34,0.33,0.25,0.22,0.47,0.26,0.28,0.36,0.44,0.51,0.51,0.3,0.22,0.61,0.63,FALSE,FALSE,FALSE,FALSE,FALSE,FALSE,FALSE,FALSE,FALSE,FALSE,FALSE,FALSE,FALSE,FALSE,FALSE,FALSE,FALSE,FALSE,FALSE,FALSE,FALSE,FALSE,FALSE,FALSE,FALSE,FALSE,FALSE,FALSE
1971,0.86,0.63,0.39,0.52,0.68,0.82,0.6,0.39,1.31,0.96,0.64,0.64,0.57,0.46,0.39,0.32,0.43,0.61,0.33,0.34,0.33,0.51,0.55,0.59,0.44,0.43,0.81,0.8,FALSE,FALSE,FALSE,FALSE,FALSE,FALSE,FALSE,FALSE,FALSE,FALSE,FALSE,FALSE,FALSE,FALSE,FALSE,FALSE,FALSE,FALSE,FALSE,FALSE,FALSE,FALSE,FALSE,FALSE,FALSE,FALSE,FALSE,FALSE
1972,1.28,0.98,0.44,0.29,0.66,0.93,0.52,0.3,1.24,1.13,0.45,0.45,0.6,0.42,0.3,0.33,0.38,0.7,0.56,0.49,0.38,0.33,0.43,0.3,0.44,0.37,0.66,0.67,FALSE,FALSE,FALSE,FALSE,FALSE,FALSE,FALSE,FALSE,FALSE,FALSE,FALSE,FALSE,FALSE,FALSE,FALSE,FALSE,FALSE,FALSE,FALSE,FALSE,FALSE,FALSE,FALSE,FALSE,FALSE,FALSE,FALSE,FALSE
1973,1.37,1.14,0.46,0.33,0.62,0.7,0.45,0.36,1.09,0.96,0.43,0.54,0.48,0.34,0.22,0.24,0.26,0.32,0.46,0.48,0.39,0.33,0.45,0.42,0.2,0.23,0.57,0.49,FALSE,FALSE,FALSE,FALSE,FALSE,FALSE,FALSE,FALSE,FALSE,FALSE,FALSE,FALSE,FALSE,FALSE,FALSE,FALSE,FALSE,FALSE,FALSE,FALSE,FALSE,FALSE,FALSE,FALSE,FALSE,FALSE,FALSE,FALSE
1974,1.03,0.74,0.28,0.23,0.68,0.9,0.51,0.41,0.88,0.64,0.52,0.47,0.45,0.36,0.26,0.29,0.29,0.36,0.36,0.55,0.36,0.35,0.5,0.45,0.38,0.33,0.53,0.57,FALSE,FALSE,FALSE,FALSE,FALSE,FALSE,FALSE,FALSE,FALSE,FALSE,FALSE,FALSE,FALSE,FALSE,FALSE,FALSE,FALSE,FALSE,FALSE,FALSE,FALSE,FALSE,FALSE,FALSE,FALSE,FALSE,FALSE,FALSE
1975,1.22,1.01,0.4,0.34,0.58,1.08,0.58,0.37,1.3,1.12,0.52,0.49,0.38,0.29,0.26,0.22,0.35,0.47,0.4,0.35,0.35,0.33,0.59,0.51,0.37,0.38,0.65,0.51,FALSE,FALSE,FALSE,FALSE,FALSE,FALSE,FALSE,FALSE,FALSE,FALSE,FALSE,FALSE,FALSE,FALSE,FALSE,FALSE,FALSE,FALSE,FALSE,FALSE,FALSE,FALSE,FALSE,FALSE,FALSE,FALSE,FALSE,FALSE
1976,1.2,0.8,0.69,0.58,0.79,1.23,0.44,0.48,1.39,1.28,0.65,0.59,0.55,0.38,0.28,0.3,0.47,0.59,0.39,0.4,0.44,0.38,0.47,0.63,0.46,0.52,0.76,0.59,FALSE,FALSE,FALSE,FALSE,FALSE,FALSE,FALSE,FALSE,FALSE,FALSE,FALSE,FALSE,FALSE,FALSE,FALSE,FALSE,FALSE,FALSE,FALSE,FALSE,FALSE,FALSE,FALSE,FALSE,FALSE,FALSE,FALSE,FALSE
