age_CE,BW11A_raw,BW11B_raw,BW12A_raw,BW12B_raw,BW13A_raw,BW13B_raw,BW14A_raw,BW14B_raw,BW15A_raw,BW15B_raw,BW16A_raw,BW16B_raw,BW18A_raw,BW18B_raw,BW19A_raw,BW1A_raw,BW20A_raw,BW20B_raw,BW21A_raw,BW21B_raw,BW22A_raw,BW22B_raw,BW23A_raw,BW23B_raw,BW25A_raw,BW25B_raw,BW26A_raw,BW26B_raw,BW27A_raw,BW27B_raw,BW28A_raw,BW28B_raw,BW29A_raw,BW29B_raw,BW30A_raw,BW2A_raw,BW2B_raw,BW3B_raw,BW4A_raw,BW4B_raw,BW6A_raw,BW6B_raw,BW5A_raw,BW5B_raw,BW8B_raw,BW9A_raw,BW9B_raw
1924,-0.13124957559198644,-0.3578742988406065,-0.3145521667935606,-0.25988681422987436,-0.22269655546150777,-0.22068851346150148,-0.21138507984483368,-0.19492044256375773,-0.17998258683930896,-0.12145730859723525,-0.11552967779221278,-0.21450764640385023,0.0745737515543433,-0.2410760708792131,0.08324883551233525,-0.12610693189880295,-0.03668505131513078,-0.07795624395872562,-0.6211163672113204,-0.47021679067295646,-0.09167032111935683,-0.2819796289115124,-0.020224807504979448,-0.11527827157068933,-0.18976764566979237,-0.11433044548312167,-0.21152290200001542,-0.13347120877834184,-0.29133047384135063,-0.20637659426072025,-0.1168559957454303,-0.24942202001525776,-0.03584094426790827,-0.014110699659387382,0.09917196792771546,0.05914669844355383,0.02439493026316384,0.12163523934190233,-0.2994765495998363,0.02929599934152252,-0.06958959373873397,-0.1550737991458164,-0.08698498111185811,-0.2490000340989673,-0.19195943676491106,-0.04621249814054649,-0.18690374200838467
1925,-0.13124957559198644,-0.3578742988406065,-0.3145521667935606,-0.25988681422987436,-0.22269655546150777,-0.22068851346150148,-0.21138507984483368,-0.19492044256375773,-0.17998258683930896,-0.12145730859723525,-0.11552967779221278,-0.21450764640385023,0.0745737515543433,-0.2410760708792131,0.08324883551233525,-0.12610693189880295,-0.03668505131513078,-0.07795624395872562,-1.2130225589957275,-0.9688796408399764,-0.09167032111935683,-0.2819796289115124,-0.020224807504979448,-0.11527827157068933,-0.18976764566979237,-0.11433044548312167,-0.21152290200001542,-0.13347120877834184,-0.29133047384135063,-0.20637659426072025,-0.1168559957454303,-0.24942202001525776,-0.03584094426790827,-0.014110699659387382,0.09917196792771546,0.05914669844355383,0.02439493026316384,0.12163523934190233,-0.2994765495998363,0.02929599934152252,-0.06958959373873397,-0.1550737991458164,-0.08698498111185811,-0.2490000340989673,-0.19195943676491106,-0.04621249814054649,-0.18690374200838467
1926,-0.13124957559198644,-0.3578742988406065,-0.3145521667935606,-0.25988681422987436,-0.22269655546150777,-0.22068851346150148,-0.21138507984483368,-0.19492044256375773,-0.17998258683930896,-0.12145730859723525,-0.11552967779221278,-0.21450764640385023,0.0745737515543433,-0.2410760708792131,0.08324883551233525,-0.12610693189880295,-0.03668505131513078,-0.07795624395872562,-0.9607346739728655,-0.12669349389123155,-0.09167032111935683,-0.2819796289115124,-0.020224807504979448,-0.11527827157068933,-0.18976764566979237,-0.11433044548312167,-0.21152290200001542,-0.13347120877834184,-0.29133047384135063,-0.20637659426072025,-0.1168559957454303,-0.24942202001525776,-0.03584094426790827,-0.014110699659387382,0.09917196792771546,0.05914669844355383,0.02439493026316384,0.12163523934190233,-0.2994765495998363,0.02929599934152252,-0.06958959373873397,-0.1550737991458164,-0.08698498111185811,-0.2490000340989673,-0.19195943676491106,-0.04621249814054649,-0.18690374200838467
1927,-0.13124957559198644,-0.3578742988406065,-0.3145521667935606,-0.25988681422987436,-0.22269655546150777,-0.22068851346150148,-0.21138507984483368,-0.19492044256375773,-0.17998258683930896,-0.12145730859723525,-0.11552967779221278,-0.21450764640385023,0.0745737515543433,-0.2410760708792131,0.08324883551233525,-0.12610693189880295,-0.03668505131513078,-0.07795624395872562,-0.6696332681772554,0.1946670095497369,-0.09167032111935683,-0.2819796289115124,-0.020224807504979448,-0.11527827157068933,-0.18976764566979237,-0.11433044548312167,-0.21152290200001542,-0.13347120877834184,-0.29133047384135063,-0.20637659426072025,-0.1168559957454303,-0.24942202001525776,-0.03584094426790827,-0.014110699659387382,0.09917196792771546,0.05914669844355383,0.02439493026316384,0.12163523934190233,-0.2994765495998363,0.02929599934152252,-0.06958959373873397,-0.1550737991458164,-0.08698498111185811,-0.2490000340989673,-0.19195943676491106,-0.04621249814054649,-0.18690374200838467
1928,-0.13124957559198644,-0.3578742988406065,-0.3145521667935606,-0.25988681422987436,-0.22269655546150777,-0.22068851346150148,-0.21138507984483368,-0.19492044256375773,-0.17998258683930896,-0.12145730859723525,-0.11552967779221278,-0.21450764640385023,0.0745737515543433,-0.2410760708792131,0.08324883551233525,-0.12610693189880295,-0.03668505131513078,-0.07795624395872562,0.3298148917210056,0.6822484630463785,-0.09167032111935683,-0.2819796289115124,-0.020224807504979448,-0.11527827157068933,-0.18976764566979237,-0.11433044548312167,-0.21152290200001542,-0.13347120877834184,-0.29133047384135063,-0.20637659426072025,-0.1168559957454303,-0.24942202001525776,-0.03584094426790827,-0.014110699659387382,0.09917196792771546,0.05914669844355383,0.02439493026316384,0.12163523934190233,-0.2994765495998363,0.02929599934152252,-0.06958959373873397,-0.1550737991458164,1.570612125718395,-0.2490000340989673,-0.19195943676491106,-0.04621249814054649,-0.18690374200838467
1929,-0.13124957559198644,-0.3578742988406065,-0.3145521667935606,-0.25988681422987436,-0.22269655546150777,-0.22068851346150148,-0.21138507984483368,-0.19492044256375773,-0.17998258683930896,-0.12145730859723525,-0.11552967779221278,-0.21450764640385023,0.0745737515543433,-0.2410760708792131,0.08324883551233525,-0.12610693189880295,-0.03668505131513078,-0.07795624395872562,-0.21357439909746614,0.0173646628236852,-0.09167032111935683,-0.2819796289115124,-0.020224807504979448,-0.11527827157068933,-0.18976764566979237,-0.11433044548312167,-0.21152290200001542,-0.13347120877834184,-0.29133047384135063,-0.20637659426072025,-0.1168559957454303,-0.24942202001525776,-0.03584094426790827,-0.014110699659387382,0.09917196792771546,0.05914669844355383,0.02439493026316384,0.12163523934190233,-0.2994765495998363,0.02929599934152252,-0.06958959373873397,-0.1550737991458164,0.4863192814008609,-0.2490000340989673,-0.19195943676491106,-0.04621249814054649,-0.18690374200838467
1930,-0.13124957559198644,-0.3578742988406065,-0.3145521667935606,-0.25988681422987436,-0.22269655546150777,-0.22068851346150148,-0.21138507984483368,-0.19492044256375773,-0.17998258683930896,-0.12145730859723525,-0.11552967779221278,-0.21450764640385023,0.0745737515543433,-0.2410760708792131,0.08324883551233525,-0.12610693189880295,-0.03668505131513078,-0.07795624395872562,-0.6987434087568164,-0.3704842206395526,-0.09167032111935683,-0.2819796289115124,-0.020224807504979448,-0.11527827157068933,-0.18976764566979237,-0.11433044548312167,-0.21152290200001542,-0.13347120877834184,-0.29133047384135063,-0.20637659426072025,-0.1168559957454303,-0.24942202001525776,-0.03584094426790827,-0.014110699659387382,0.09917196792771546,0.05914669844355383,0.02439493026316384,0.12163523934190233,-0.2994765495998363,0.02929599934152252,-0.06958959373873397,-0.1550737991458164,0.261982830852406,-0.2490000340989673,-0.19195943676491106,-0.04621249814054649,-0.18690374200838467
1931,-0.13124957559198644,-0.3578742988406065,-0.3145521667935606,-0.25988681422987436,-0.22269655546150777,-0.22068851346150148,-0.21138507984483368,-0.19492044256375773,-0.17998258683930896,-0.12145730859723525,-0.11552967779221278,-0.21450764640385023,0.0745737515543433,-0.2410760708792131,0.08324883551233525,-0.12610693189880295,-0.03668505131513078,-0.07795624395872562,-0.3688284821884583,-0.27075165060614853,-0.09167032111935683,-0.2819796289115124,-0.020224807504979448,-0.11527827157068933,-0.18976764566979237,-0.11433044548312167,-0.21152290200001542,-0.13347120877834184,-0.29133047384135063,-0.20637659426072025,-0.1168559957454303,-0.24942202001525776,-0.03584094426790827,-0.014110699659387382,0.09917196792771546,0.05914669844355383,0.02439493026316384,0.12163523934190233,-0.2994765495998363,0.02929599934152252,-0.06958959373873397,-0.1550737991458164,-1.1712778254293919,-0.2490000340989673,-0.19195943676491106,-0.04621249814054649,-0.18690374200838467
1932,-0.13124957559198644,-0.3578742988406065,-0.3145521667935606,-0.25988681422987436,-0.22269655546150777,-0.22068851346150148,-0.21138507984483368,-0.19492044256375773,-0.17998258683930896,-0.12145730859723525,-0.11552967779221278,-0.21450764640385023,0.0745737515543433,-0.2410760708792131,0.08324883551233525,-0.12610693189880295,-0.03668505131513078,-0.07795624395872562,-0.47556566431351543,-0.10453070055047534,-0.09167032111935683,-0.2819796289115124,-0.020224807504979448,-0.11527827157068933,-0.18976764566979237,-0.11433044548312167,-0.21152290200001542,-0.13347120877834184,-0.29133047384135063,-0.20637659426072025,-0.1168559957454303,-0.24942202001525776,-0.03584094426790827,-0.014110699659387382,0.09917196792771546,0.05914669844355383,0.02439493026316384,0.12163523934190233,-0.2994765495998363,0.02929599934152252,-0.06958959373873397,-0.1550737991458164,-1.1214252808630683,-0.2490000340989673,-0.19195943676491106,-0.04621249814054649,-0.18690374200838467
1933,-0.13124957559198644,-0.3578742988406065,-0.3145521667935606,-0.25988681422987436,-0.22269655546150777,-0.22068851346150148,-0.21138507984483368,-0.19492044256375773,-0.17998258683930896,-0.12145730859723525,-0.11552967779221278,-0.21450764640385023,0.0745737515543433,-0.2410760708792131,0.08324883551233525,-0.12610693189880295,-0.03668505131513078,-0.07795624395872562,-0.6793366483704424,-0.10453070055047534,-0.09167032111935683,-0.2819796289115124,-0.020224807504979448,-0.11527827157068933,-0.18976764566979237,-0.11433044548312167,-0.21152290200001542,-0.13347120877834184,-0.29133047384135063,-0.20637659426072025,-0.1168559957454303,-0.24942202001525776,-0.03584094426790827,-0.014110699659387382,0.09917196792771546,0.05914669844355383,0.02439493026316384,0.12163523934190233,-0.2994765495998363,0.02929599934152252,-0.06958959373873397,-0.1550737991458164,-0.8970888303146132,-0.2490000340989673,-0.19195943676491106,-0.04621249814054649,-0.18690374200838467
1934,-0.13124957559198644,-0.3578742988406065,-0.3145521667935606,-0.25988681422987436,-0.22269655546150777,-0.22068851346150148,-0.21138507984483368,-0.19492044256375773,-0.17998258683930896,-0.12145730859723525,-0.11552967779221278,-0.21450764640385023,0.0745737515543433,-0.2410760708792131,0.08324883551233525,-0.12610693189880295,-0.03668505131513078,-0.07795624395872562,-0.8054805908818734,-0.43697260066182175,-0.09167032111935683,-0.2819796289115124,-0.020224807504979448,-0.11527827157068933,-0.18976764566979237,-0.11433044548312167,-0.21152290200001542,-0.13347120877834184,-0.29133047384135063,-0.20637659426072025,-0.1168559957454303,-0.24942202001525776,-0.03584094426790827,-0.014110699659387382,0.09917196792771546,0.05914669844355383,0.02439493026316384,0.12163523934190233,-0.2994765495998363,0.02929599934152252,-0.06958959373873397,-0.1550737991458164,-0.8472362857482897,-0.2490000340989673,-0.19195943676491106,-0.04621249814054649,-0.18690374200838467
1935,-0.13124957559198644,-0.3578742988406065,-0.3145521667935606,-0.25988681422987436,-0.22269655546150777,-0.22068851346150148,-0.21138507984483368,-0.19492044256375773,-0.17998258683930896,-0.12145730859723525,-0.11552967779221278,-0.21450764640385023,0.0745737515543433,-0.2410760708792131,0.08324883551233525,-0.12610693189880295,-0.03668505131513078,-0.07795624395872562,-0.38823524257483233,-0.2485888572653921,-0.09167032111935683,-0.2819796289115124,-0.020224807504979448,-0.11527827157068933,-0.18976764566979237,-0.11433044548312167,-0.21152290200001542,-0.13347120877834184,-0.29133047384135063,-0.20637659426072025,-0.1168559957454303,-0.24942202001525776,-0.03584094426790827,-0.014110699659387382,0.09917196792771546,0.05914669844355383,0.02439493026316384,0.12163523934190233,-0.2994765495998363,0.02929599934152252,-0.06958959373873397,-0.1550737991458164,-1.4828562289689131,-0.2490000340989673,-0.19195943676491106,-0.04621249814054649,-0.18690374200838467
1936,-0.13124957559198644,-0.3578742988406065,-0.3145521667935606,-0.25988681422987436,-0.22269655546150777,-0.22068851346150148,-0.21138507984483368,-0.19492044256375773,-0.17998258683930896,-0.12145730859723525,-0.11552967779221278,-0.21450764640385023,0.0745737515543433,-0.2410760708792131,0.08324883551233525,-0.12610693189880295,-0.03668505131513078,-0.07795624395872562,0.15515404824363982,0.5271089096610834,-0.09167032111935683,-0.2819796289115124,-0.020224807504979448,-0.11527827157068933,-0.18976764566979237,-0.11433044548312167,-0.21152290200001542,-0.13347120877834184,-0.29133047384135063,-0.20637659426072025,-0.1168559957454303,-0.24942202001525776,-0.03584094426790827,-0.014110699659387382,0.09917196792771546,0.05914669844355383,0.02439493026316384,0.12163523934190233,-0.2994765495998363,0.02929599934152252,-0.06958959373873397,-0.1550737991458164,-1.3457617314115236,-0.2490000340989673,-0.19195943676491106,-0.04621249814054649,-0.18690374200838467
1937,-0.13124957559198644,-0.3578742988406065,-0.3145521667935606,-0.25988681422987436,-0.22269655546150777,-0.22068851346150148,-0.21138507984483368,-0.19492044256375773,-0.17998258683930896,-0.12145730859723525,-0.11552967779221278,-0.21450764640385023,0.0745737515543433,-0.2410760708792131,0.08324883551233525,-0.12610693189880295,-0.03668505131513078,-0.07795624395872562,0.49477235500518496,1.2584810899060461,-0.09167032111935683,-0.6244637086480914,-0.020224807504979448,-0.11527827157068933,-0.18976764566979237,-0.11433044548312167,-0.21152290200001542,-0.13347120877834184,-0.29133047384135063,-0.20637659426072025,-0.1168559957454303,-0.24942202001525776,-0.03584094426790827,-0.014110699659387382,0.09917196792771546,0.05914669844355383,0.02439493026316384,0.12163523934190233,-0.2994765495998363,0.02929599934152252,-0.06958959373873397,-0.1550737991458164,-1.3582248675531048,-0.2490000340989673,-0.19195943676491106,-0.04621249814054649,-0.18690374200838467
1938,-0.13124957559198644,-0.3578742988406065,-0.3145521667935606,-0.25988681422987436,-0.22269655546150777,-0.22068851346150148,-0.21138507984483368,-0.19492044256375773,-0.17998258683930896,-0.12145730859723525,-0.11552967779221278,-0.21450764640385023,0.0745737515543433,-0.2410760708792131,0.08324883551233525,-0.12610693189880295,-0.03668505131513078,-0.07795624395872562,-0.19416763871109213,0.0173646628236852,-0.09167032111935683,-1.1304060991680371,-0.020224807504979448,-0.11527827157068933,-0.18976764566979237,-0.11433044548312167,-0.21152290200001542,-0.13347120877834184,-0.29133047384135063,-0.20637659426072025,-0.1168559957454303,-0.24942202001525776,-0.03584094426790827,-0.014110699659387382,0.09917196792771546,0.05914669844355383,0.02439493026316384,0.12163523934190233,-0.2994765495998363,0.02929599934152252,-0.06958959373873397,-0.1550737991458164,-1.0217201917304217,-0.2490000340989673,-0.19195943676491106,-0.04621249814054649,-0.18690374200838467
1939,-0.13124957559198644,-0.3578742988406065,-0.3145521667935606,-0.25988681422987436,-0.22269655546150777,-0.22068851346150148,-0.21138507984483368,-0.19492044256375773,-0.17998258683930896,-0.12145730859723525,-0.11552967779221278,-0.21450764640385023,0.0745737515543433,-0.2410760708792131,0.08324883551233525,-0.12610693189880295,-0.03668505131513078,-0.07795624395872562,0.4462554540392497,0.33872516626465365,-0.09167032111935683,-0.8579755811957586,-0.020224807504979448,-0.11527827157068933,-0.18976764566979237,-0.11433044548312167,-0.21152290200001542,-0.13347120877834184,-0.29133047384135063,-0.20637659426072025,-0.1168559957454303,-0.24942202001525776,-0.03584094426790827,-0.014110699659387382,0.09917196792771546,0.05914669844355383,0.02439493026316384,0.12163523934190233,-0.2994765495998363,0.02929599934152252,-0.06958959373873397,-0.1550737991458164,-1.0591096001551643,-0.2490000340989673,-0.19195943676491106,-0.04621249814054649,-0.18690374200838467
1940,-0.13124957559198644,-0.3578742988406065,0.37889238272860776,-0.25988681422987436,-0.22269655546150777,-0.22068851346150148,-0.21138507984483368,-0.19492044256375773,-0.17998258683930896,-0.12145730859723525,-0.11552967779221278,-0.21450764640385023,0.0745737515543433,-0.2410760708792131,0.08324883551233525,-0.12610693189880295,-0.03668505131513078,-0.07795624395872562,-0.3494217218020843,-0.10453070055047534,-0.09167032111935683,-1.2938644099514043,-0.020224807504979448,-0.11527827157068933,-0.18976764566979237,-0.11433044548312167,-0.21152290200001542,-1.3342279953163456,-0.29133047384135063,-0.20637659426072025,-0.1168559957454303,-0.24942202001525776,-0.03584094426790827,-0.014110699659387382,0.09917196792771546,0.05914669844355383,0.02439493026316384,0.12163523934190233,-0.2994765495998363,0.02929599934152252,-0.06958959373873397,-0.1550737991458164,-1.495319365110494,-0.2490000340989673,-0.19195943676491106,-0.04621249814054649,-0.18690374200838467
1941,-0.13124957559198644,-0.3578742988406065,0.5522535201091494,-0.25988681422987436,-0.22269655546150777,-0.22068851346150148,-0.21138507984483368,-0.19492044256375773,-0.17998258683930896,-0.12145730859723525,-0.11552967779221278,-0.21450764640385023,0.0745737515543433,-0.2410760708792131,0.08324883551233525,-0.12610693189880295,-0.03668505131513078,-0.07795624395872562,-0.7278535493363775,-0.1821004772431227,-0.09167032111935683,-0.6322474377330135,-0.020224807504979448,-0.11527827157068933,-0.18976764566979237,-0.11433044548312167,-0.21152290200001542,-1.226897779759876,-0.29133047384135063,-0.20637659426072025,-0.1168559957454303,-0.24942202001525776,-0.03584094426790827,-0.014110699659387382,0.09917196792771546,0.05914669844355383,0.02439493026316384,0.12163523934190233,-0.2994765495998363,0.02929599934152252,-0.06958959373873397,-0.1550737991458164,-0.9718676471640983,-0.2490000340989673,-0.19195943676491106,-0.04621249814054649,-0.18690374200838467
1942,-0.13124957559198644,-0.3578742988406065,0.5522535201091494,0.3400506074361777,-0.22269655546150777,-0.22068851346150148,-0.21138507984483368,-0.19492044256375773,-0.17998258683930896,-0.12145730859723525,-0.11552967779221278,-0.21450764640385023,0.0745737515543433,-0.2410760708792131,0.08324883551233525,-0.12610693189880295,-0.03668505131513078,-0.07795624395872562,0.3298148917210056,0.7930624297501608,-0.09167032111935683,-0.780138290346536,-0.020224807504979448,-0.11527827157068933,-0.18976764566979237,-0.11433044548312167,-0.21152290200001542,-0.7439118097557629,-0.29133047384135063,-0.20637659426072025,-0.1168559957454303,-0.24942202001525776,-0.03584094426790827,-0.014110699659387382,0.09917196792771546,0.05914669844355383,0.02439493026316384,0.12163523934190233,-0.2994765495998363,0.02929599934152252,-0.06958959373873397,-0.1550737991458164,-1.3706880036946854,-0.2490000340989673,-0.19195943676491106,-0.04621249814054649,-0.18690374200838467
1943,-0.13124957559198644,-0.3578742988406065,0.6636999655680696,0.02552030869863589,-0.22269655546150777,-0.22068851346150148,-0.21138507984483368,-0.19492044256375773,-0.17998258683930896,-0.12145730859723525,-0.11552967779221278,-0.21450764640385023,0.0745737515543433,-0.2410760708792131,0.08324883551233525,-0.12610693189880295,-0.03668505131513078,-0.07795624395872562,0.795577140993982,1.04793455316886,-0.09167032111935683,-1.2004596609323372,-0.020224807504979448,-0.11527827157068933,-0.18976764566979237,-0.11433044548312167,-0.21152290200001542,-0.46216999392003016,-0.29133047384135063,-0.20637659426072025,-0.1168559957454303,-0.24942202001525776,-0.03584094426790827,-0.014110699659387382,0.09917196792771546,-1.341886207301185,0.02439493026316384,0.12163523934190233,-0.2994765495998363,0.02929599934152252,-0.06958959373873397,-0.1550737991458164,0.03764638030395048,-0.2490000340989673,-0.19195943676491106,-0.04621249814054649,-0.18690374200838467
1944,-0.13124957559198644,-0.42657449893235966,-0.5002962425584269,-0.3239578010097442,-0.22269655546150777,-0.22068851346150148,-0.21138507984483368,-0.19492044256375773,-0.29052062607043505,-0.12145730859723525,-0.11552967779221278,-0.21450764640385023,0.0745737515543433,-0.2410760708792131,0.08324883551233525,-0.12610693189880295,-0.03668505131513078,-0.07795624395872562,0.10663714727770454,0.2389925962312498,-0.09167032111935683,-1.3327830553760154,-0.020224807504979448,-0.11527827157068933,-0.18976764566979237,-0.11433044548312167,-0.21152290200001542,-1.2403140567044346,-0.29133047384135063,-0.20637659426072025,-0.1168559957454303,-0.24942202001525776,-0.03584094426790827,-0.014110699659387382,0.09917196792771546,-2.0213871665873833,0.02439493026316384,0.12163523934190233,-0.2994765495998363,0.02929599934152252,-0.06958959373873397,-0.1550737991458164,-0.21161634252766642,-0.2490000340989673,-0.19195943676491106,-0.04621249814054649,-0.18690374200838467
1945,-0.13124957559198644,-1.2348121470706321,-0.6612744415546445,-0.7549808029834124,-0.22269655546150777,-0.22068851346150148,-0.21138507984483368,-0.19492044256375773,-0.8599590099883575,-0.12145730859723525,-0.11552967779221278,-0.21450764640385023,0.0745737515543433,-0.2410760708792131,0.08324883551233525,-0.12610693189880295,-0.03668505131513078,-0.07795624395872562,-0.49497242469988945,0.1281786295274675,-0.09167032111935683,-1.4106203462252378,-0.020224807504979448,-0.11527827157068933,-0.18976764566979237,-0.11433044548312167,-0.21152290200001542,-1.8306302422650176,-0.29133047384135063,-0.20637659426072025,-0.1168559957454303,-0.24942202001525776,-0.03584094426790827,-0.014110699659387382,0.09917196792771546,-1.8672735469554622,0.02439493026316384,0.12163523934190233,-0.2994765495998363,0.02929599934152252,3.577404798266064,1.6598180664484201,-0.3736371123682176,-0.2490000340989673,-0.19195943676491106,-0.04621249814054649,-0.18690374200838467
1946,-0.13124957559198644,-0.07903231023290225,0.5894023352621229,0.3516998777597901,-0.22269655546150777,-0.22068851346150148,-0.21138507984483368,-0.19492044256375773,-0.37761120243435287,-0.12145730859723525,-0.11552967779221278,-0.21450764640385023,0.0745737515543433,-0.2410760708792131,0.08324883551233525,-0.12610693189880295,-0.03668505131513078,-0.07795624395872562,-0.5240825652794505,0.0062832661533069704,-0.09167032111935683,-1.3405667844609377,-0.020224807504979448,-0.11527827157068933,-0.18976764566979237,-0.11433044548312167,-0.21152290200001542,-0.046265408638710356,-0.29133047384135063,-0.20637659426072025,-0.1168559957454303,-0.24942202001525776,-0.03584094426790827,-0.014110699659387382,0.09917196792771546,-1.9793561794150412,0.02439493026316384,0.12163523934190233,-0.2994765495998363,0.02929599934152252,1.1421346369921954,1.1786363614493718,1.072086680055161,-0.2490000340989673,-0.19195943676491106,-0.04621249814054649,-0.18690374200838467
1947,-0.13124957559198644,0.37358077272453055,0.8989757948702337,0.6079838248792688,-0.22269655546150777,-0.22068851346150148,-0.21138507984483368,-0.19492044256375773,0.20522573169340305,-0.12145730859723525,-0.11552967779221278,-0.21450764640385023,0.0745737515543433,-0.2410760708792131,0.08324883551233525,-0.12610693189880295,-0.03668505131513078,-0.07795624395872562,0.8440940419599169,1.1698299165430202,-0.09167032111935683,-1.317215597206171,-0.020224807504979448,-0.11527827157068933,-0.18976764566979237,-0.11433044548312167,-0.21152290200001542,-0.01943285474959293,-0.29133047384135063,-0.20637659426072025,-0.1168559957454303,-0.24942202001525776,-0.03584094426790827,-0.014110699659387382,0.09917196792771546,-1.7621960790246065,0.02439493026316384,0.12163523934190233,-0.2994765495998363,0.02929599934152252,0.7401968433838874,2.2560649617733275,1.8323379846915926,-0.2490000340989673,-0.19195943676491106,-0.04621249814054649,-0.18690374200838467
1948,-0.13124957559198644,-0.35383311059991485,0.886592856485909,0.9225141236168106,-0.22269655546150777,-0.22068851346150148,-0.21138507984483368,-0.19492044256375773,0.5937836877785739,-0.12145730859723525,-0.11552967779221278,-0.21450764640385023,0.0745737515543433,-0.2410760708792131,0.08324883551233525,-0.12610693189880295,-0.03668505131513078,-0.07795624395872562,0.12604390766407855,0.6046786863537307,-0.09167032111935683,-1.005866433809281,-0.020224807504979448,-0.11527827157068933,-0.18976764566979237,-0.11433044548312167,-0.21152290200001542,0.11472991469599421,-0.29133047384135063,-0.20637659426072025,-0.1168559957454303,-0.24942202001525776,-0.03584094426790827,-0.014110699659387382,-1.8835103527034798,-1.6361031175075802,0.02439493026316384,0.12163523934190233,-0.2994765495998363,0.02929599934152252,1.496785631352468,-0.1550737991458164,1.6952434871342035,-0.2490000340989673,-0.19195943676491106,-0.04621249814054649,-0.18690374200838467
1949,-0.13124957559198644,-0.2568445928233224,0.24268006050103866,0.3400506074361777,-0.22269655546150777,-0.22068851346150148,-0.21138507984483368,-0.19492044256375773,1.2503126480604134,-0.12145730859723525,-0.11552967779221278,-0.21450764640385023,0.0745737515543433,-0.2410760708792131,0.08324883551233525,-0.12610693189880295,-0.03668505131513078,-0.07795624395872562,-0.5531927058590113,-0.47021679067295646,-0.09167032111935683,-0.6322474377330135,-0.020224807504979448,-0.11527827157068933,-0.18976764566979237,-0.11433044548312167,-0.21152290200001542,0.4769693921990792,-0.29133047384135063,-0.20637659426072025,-0.1168559957454303,-0.24942202001525776,1.6040513170467685,-0.014110699659387382,-2.116047168086151,-1.1247261069107506,0.02439493026316384,0.12163523934190233,-0.2994765495998363,2.291805502627867,1.9578319240208213,3.8146752670963306,2.181305796655857,-0.2490000340989673,-0.19195943676491106,-0.04621249814054649,-0.18690374200838467
1950,-0.13124957559198644,-0.7175400522621378,-1.2185066688492439,-0.6617866403945111,-0.22269655546150777,-0.22068851346150148,-0.21138507984483368,-0.19492044256375773,0.05784167938523507,-0.12145730859723525,-0.11552967779221278,-0.21450764640385023,0.0745737515543433,-0.2410760708792131,0.08324883551233525,-0.12610693189880295,-0.03668505131513078,-1.5741324983323441,-0.6890400285636294,-0.9356354508288419,-0.09167032111935683,-0.616679979563169,-0.020224807504979448,-0.11527827157068933,-0.18976764566979237,-0.11433044548312167,-0.21152290200001542,0.4769693921990792,-0.29133047384135063,-0.20637659426072025,-1.4707106746247351,-0.24942202001525776,0.055993022365713414,-0.014110699659387382,-1.9814205907593414,-1.138736435968198,0.02439493026316384,0.12163523934190233,-0.2994765495998363,0.9161997246297694,3.7547302954462003,2.6431024201421263,1.3213494028867776,-0.2490000340989673,-0.19195943676491106,-0.04621249814054649,-0.18690374200838467
1951,-0.13124957559198644,-0.887269958371175,-0.5869768112486979,-0.9530183984848276,-0.22269655546150777,-0.22068851346150148,-0.21138507984483368,-0.19492044256375773,0.1047366051196521,-0.12145730859723525,-0.11552967779221278,2.5133594664417656,0.0745737515543433,-0.2410760708792131,0.08324883551233525,-0.12610693189880295,-0.03668505131513078,-1.5741324983323441,-0.6017096068249463,-0.8802284674769507,-0.09167032111935683,-0.710084728582236,-0.020224807504979448,-0.11527827157068933,-0.18976764566979237,-0.11433044548312167,-0.089715848275732,-1.0122373486469365,-0.29133047384135063,-0.20637659426072025,-1.330656742326876,-0.24942202001525776,-0.18015146326359965,-0.014110699659387382,-2.1038083883291683,-1.5870669658065142,0.02439493026316384,0.12163523934190233,-0.2994765495998363,0.427497671919919,-0.06958959373873397,1.157715417753761,2.7421469230269953,-0.2490000340989673,-0.19195943676491106,-0.04621249814054649,-0.18690374200838467
1952,-0.13124957559198644,-0.7337048052249032,-0.37646685871518276,-0.8947720468667645,-0.22269655546150777,-0.22068851346150148,-0.21138507984483368,-0.19492044256375773,0.4196025350507384,-0.12145730859723525,-0.11552967779221278,-0.21450764640385023,0.0745737515543433,-0.2410760708792131,0.08324883551233525,-0.12610693189880295,-0.03668505131513078,-1.4528209101398881,0.3589250323005668,-0.15993768390236623,-0.09167032111935683,-0.07960267270353427,-0.020224807504979448,-0.11527827157068933,-0.18976764566979237,-0.11433044548312167,0.7223311765528226,-1.1598163950370828,-0.29133047384135063,-0.20637659426072025,-1.8535247562388832,-0.24942202001525776,0.4233288889002013,-0.014110699659387382,-1.846794013432532,-1.250819068427777,0.02439493026316384,0.12163523934190233,-0.2994765495998363,0.13789645549926713,2.2888395187570754,1.4924505168835336,0.4489298729761186,-0.2490000340989673,-0.19195943676491106,-1.2205306551148318,-0.18690374200838467
1953,-0.13124957559198644,-0.8226109465201131,-0.5002962425584269,-1.1277574533390176,-0.22269655546150777,-0.22068851346150148,-0.21138507984483368,-0.19492044256375773,0.38610615952615485,-0.12145730859723525,0.8539789159958725,2.005511865646039,0.0745737515543433,-0.2410760708792131,0.08324883551233525,-0.12610693189880295,-0.03668505131513078,-1.3180302565927156,-0.3688284821884583,-0.702926120750899,-0.09167032111935683,0.27844886520288886,-0.020224807504979448,-0.11527827157068933,-0.18976764566979237,-0.11433044548312167,-0.18896604019922192,-1.2537303336489933,-0.29133047384135063,-0.20637659426072025,-1.1439181659297304,-0.24942202001525776,-0.32446198225929135,-0.7626392206534547,-1.7121674361057224,-1.4679791688182113,0.02439493026316384,0.12163523934190233,-0.2994765495998363,0.9161997246297694,1.7686847270286765,0.9589664526454587,1.819874848550012,-0.2490000340989673,-0.19195943676491106,-1.5867158868595017,-0.18690374200838467
1954,-0.13124957559198644,-0.4508216283765077,-0.15357396779734284,-0.39385342295141995,-0.22269655546150777,-0.22068851346150148,-0.21138507984483368,-0.19492044256375773,1.5517800277816667,-0.12145730859723525,1.8947749063860226,1.3235450874346348,0.0745737515543433,-0.2410760708792131,0.08324883551233525,-0.12610693189880295,-0.03668505131513078,-0.10491437466816021,1.2031191091078361,0.11709723285708903,-0.09167032111935683,1.6172502678095144,-0.020224807504979448,-0.11527827157068933,-0.18976764566979237,-0.11433044548312167,0.6862401976715535,-0.4085048861417953,3.235281541094098,1.6010707016163719,-1.0972335218304443,-0.24942202001525776,-0.022721806177390554,0.9739469480527821,-1.6999286563487397,-0.8445195257618024,0.02439493026316384,0.12163523934190233,-0.2994765495998363,0.011195923315231756,1.579537530036531,1.8585670315567224,2.3682528387795694,-0.2490000340989673,-0.19195943676491106,-0.5386684994523437,-0.18690374200838467
1955,-0.13124957559198644,-0.4508216283765077,-0.3145521667935606,-0.10262166486110373,-0.22269655546150777,-0.22068851346150148,-0.21138507984483368,-0.19492044256375773,1.8532474075029197,-0.12145730859723525,3.4916125902722803,2.2376707688669426,0.0745737515543433,-0.2410760708792131,0.08324883551233525,-0.12610693189880295,-0.03668505131513078,-0.14535157073231209,1.309856291232893,-0.42589120399144353,2.561173878968968,1.2747661880729362,-0.020224807504979448,-0.11527827157068933,-0.18976764566979237,-0.11433044548312167,1.191513902009321,-0.15359562419518005,2.505956019680746,1.4644613129744988,-0.9478426607127277,-0.24942202001525776,-0.07519835853946026,1.0509384530693147,-1.6754510968347742,-0.41019932498093364,0.02439493026316384,0.12163523934190233,-0.2994765495998363,-0.04310430476364055,2.09969232176493,1.7016599538396415,1.1468654969046461,-0.2490000340989673,-0.19195943676491106,0.39573519534439977,-0.18690374200838467
1956,-0.6279874924639682,-0.42657449893235966,-0.7851038253978887,-0.056024583566653054,-0.22269655546150777,-0.3534437742724513,-0.21138507984483368,-0.19492044256375773,-0.00915107166393232,0.41865324842752205,0.9537812712387634,2.6874786438574425,0.0745737515543433,-0.2410760708792131,0.08324883551233525,-0.12610693189880295,-0.03668505131513078,-0.18578876679646367,0.8732041825394777,0.3830507529461666,-0.5736109204807381,0.2395302197782778,-0.020224807504979448,-1.5236003025861364,-0.18976764566979237,-0.11433044548312167,0.26217119581664183,-1.0256536255914956,1.573527188506714,1.0966668050925323,-1.4146891017055914,-0.24942202001525776,2.391199602477813,0.8456277730252282,-1.7978388944046013,-0.6623852480149865,0.02439493026316384,0.12163523934190233,-0.2994765495998363,0.08359622742039483,1.3194601341723313,0.18489153590785914,1.3587388113115204,3.4768314872764003,-0.19195943676491106,0.787174581002495,-0.18690374200838467
1957,-1.0971288583986176,-0.8791875818897923,-0.7974867637822132,0.13036374161114966,-0.22269655546150777,0.05588494656131051,-0.21138507984483368,-0.19492044256375773,-0.056045997398349645,0.0017258008996390516,1.8092300304635445,1.6862933737172965,0.0745737515543433,-0.2410760708792131,0.08324883551233525,-0.12610693189880295,-0.03668505131513078,-1.3989046487210193,0.5918061569370546,0.6379228763648657,-0.2610008019760583,0.6520678612791565,-0.020224807504979448,-0.6862196354958707,-0.18976764566979237,-0.11433044548312167,0.5779672610277461,0.3293903458089336,3.7061119409938574,1.8007305773237252,-1.125244308290016,-0.24942202001525776,1.0005709648829675,0.4264518012685501,-1.9691818110023587,-1.2298035748416059,0.02439493026316384,0.8860810913696142,-0.2994765495998363,0.8799995725771879,0.31461565015156073,-0.06615978843947035,0.4738561452592803,3.053769327429907,-0.19195943676491106,-0.13460203683753552,-0.18690374200838467
1958,-0.683180594338633,-0.6205515344855449,-1.057528469853026,-0.8365256952487011,0.5918702638388313,-0.13218500625420154,-0.21138507984483368,-0.19492044256375773,-0.7326727829949395,-0.6868361957751973,1.7094276752206536,0.1627505713301179,0.0745737515543433,-0.2410760708792131,0.08324883551233525,-0.12610693189880295,-0.03668505131513078,-0.6845141849210032,-0.9122177730069304,-0.9688796408399764,-0.13943020033534934,-0.2819796289115124,-0.020224807504979448,-1.1852646795193624,3.1584999615222857,-0.11433044548312167,0.15389825917283442,-1.2000652258707585,2.2105330236652114,1.8742894789001188,-1.3213198135070188,-0.24942202001525776,0.5676394078958927,-0.5316647056038567,-1.8957491324604625,-1.4259481816458695,0.02439493026316384,0.5139166634087545,-0.2994765495998363,0.39129751986733746,0.39736754883562425,0.9066640934064314,0.959918454780933,0.8134628900609764,-0.19195943676491106,-1.3089201938118213,-0.18690374200838467
1959,0.04352858034445153,-0.11944419263981573,-0.4383815506368047,-0.3705548823041946,1.6613778433782078,1.0515494026434336,-0.21138507984483368,-0.19492044256375773,0.21192500679831994,-0.30149416093882103,1.8234875097839578,1.0913861842137318,0.0745737515543433,-0.2410760708792131,0.08324883551233525,-0.12610693189880295,-0.03668505131513078,0.2724994552639237,-1.1353955174502315,-1.2348331609290537,0.5205244942856414,0.6209329449394675,-0.020224807504979448,0.6163725133112093,1.220029241568977,1.6419235329079678,1.570469180262647,-0.4755862708645886,2.3674764902984644,2.8095383703714045,-0.17287756866457402,-0.24942202001525776,0.48892457935278816,0.6488717046496443,-1.369481602910207,-1.3488913718299087,0.02439493026316384,0.28257120818984177,-0.2994765495998363,1.947904058128342,1.520429030976486,1.8062646723176952,2.555199880903282,1.7557377006281663,-0.19195943676491106,-0.7407017307597473,-0.18690374200838467
1960,0.7242435034653156,0.1796037371713449,-0.6117426880173469,-0.12592020550832908,1.1514963229001332,0.8081647578233593,-0.21138507984483368,-0.19492044256375773,0.18512790637865298,-0.1182987673280847,1.9945772616289135,1.6717834422659905,0.0745737515543433,-0.9588699548207754,0.08324883551233525,-0.12610693189880295,-0.03668505131513078,2.0517360820866046,-0.3397183416088975,-0.6586005340693863,-0.22626634436442716,0.2706651361179668,-0.020224807504979448,0.2864952808211049,2.08513187692004,2.56938349902461,1.579491924982964,0.718462377201136,3.8353595017506543,2.746487883305925,-0.20088835512414566,-0.24942202001525776,1.3941451075984896,0.665980927986652,-1.0879896684996053,-0.5643129446128547,0.02439493026316384,-0.029242231453040682,-0.2994765495998363,1.223901017076712,1.4613205319164404,1.0217292837322907,1.296423130603616,3.4095261436644586,-0.19195943676491106,0.33259981056083626,-0.18690374200838467
1961,0.4022837425297718,0.001791454580925103,-1.1442090385432973,-0.5569432074819973,1.014698841796259,0.8192276962242715,-0.21138507984483368,-0.19492044256375773,-0.28382135096551847,-0.8131778465412222,1.424278088812393,0.540008789064086,0.0745737515543433,-0.7794214838353847,0.08324883551233525,-0.12610693189880295,-0.03668505131513078,1.323866552931872,-0.8831076324273694,-1.1794261775771626,-0.4520403188400295,0.23174649069335537,-0.020224807504979448,-0.11950746685902391,0.6112533129885994,0.8525959021703998,0.8486496026372646,0.38305545358716847,2.958322482329534,2.021407282052905,-0.6677347961170094,-0.24942202001525776,-0.00960266808687342,-0.3263540255597697,-1.2960489243683109,-0.09496692118836728,0.02439493026316384,-0.019183733400044242,-0.2994765495998363,0.8799995725771879,0.40918924864763306,0.4882452194942156,1.0097709993472563,1.6307420624917024,-0.19195943676491106,-0.05883957509725897,-0.18690374200838467
1962,0.24590328721822205,-0.21643271041640855,-0.8470185173195109,0.07211738999308656,1.3753467465246536,1.0736752794452584,-0.21138507984483368,-0.19492044256375773,-0.5383938049523543,-0.15620126255789224,0.8397214366754598,1.8894324140355874,0.0745737515543433,-0.8242836015817324,0.08324883551233525,-0.12610693189880295,-0.03668505131513078,1.5664897293167828,-0.8345907314614344,-0.747251707432412,0.3902702782420244,0.69877023578869,-0.020224807504979448,0.7094148096545725,1.043804630664131,0.8525959021703998,0.8576723473575817,-0.19384445502885592,1.8874141217732197,1.9688652094983385,-1.0132011624517288,-0.24942202001525776,0.7250690649821019,0.08426733452840456,-1.0267957697146919,-0.746447222359671,0.02439493026316384,0.35298069456081504,-0.2994765495998363,2.092704666338668,-0.016391944584693244,0.6660732409069072,0.07503578872869279,1.3230604916942523,-0.19195943676491106,0.004295809686304546,-0.18690374200838467
1963,1.3313676240866268,1.456619221229816,-0.3145521667935606,0.5846852842320435,1.8479198630653082,1.9587103515182571,-0.21138507984483368,-0.19492044256375773,1.3508017746341647,2.332729257532801,0.6543742055100901,2.3827700833800067,0.0745737515543433,-0.26350712975238694,0.08324883551233525,-0.12610693189880295,-0.03668505131513078,2.806563741950773,-0.6502265077908814,-0.8469842774658161,3.3340155608277606,2.893781837736763,-0.020224807504979448,1.9020478809649513,3.5429900216783135,2.6877826436352454,2.310334247328663,2.3284156105481806,-0.29133047384135063,3.1352992202097183,1.040923177916872,-0.24942202001525776,0.31837578417606194,0.6146532579756298,-0.708587496033142,-0.3961889959234863,0.02439493026316384,0.9967245699525724,-0.2994765495998363,3.34160991215273,-1.0921666274775184,2.036395052969414,1.7450960317005269,2.6018620203211533,-0.19195943676491106,3.161065048864492,0.34330338272672145
1964,0.6598515512782066,0.745370090868136,-0.5622109344800491,-0.19581582745000484,1.7608669205446614,1.3170599242653331,-0.21138507984483368,-0.19492044256375773,2.4360843416306754,2.408534247992416,0.8967513539571113,2.3682601519287005,0.0745737515543433,-0.35323136524508225,0.08324883551233525,-0.12610693189880295,-0.03668505131513078,1.7282385135733902,-0.3300149614157103,-0.6475191373990081,2.4048688197166284,2.0842740129048494,-0.020224807504979448,1.1746262913713867,2.5657444521150756,1.2867260990760618,2.066720139880097,2.865066688330528,1.942805933526133,2.1790334997166054,0.5554028792842937,-0.24942202001525776,1.1580006219691765,1.2134760747708841,-0.8554528531169343,2.5810059287840845,0.02439493026316384,1.2180115271184893,-0.2994765495998363,1.3868017013133294,0.5274062467677239,1.900408918947944,1.3712019474531012,2.717242609370197,-0.19195943676491106,-0.04621249814054649,3.1397183793134906
1965,0.015932029407119387,1.4889487271553468,1.8524620504632148,1.1205517191182257,1.748430785898855,1.7485145219009195,-0.21138507984483368,-0.19492044256375773,1.8465481323980026,1.2461910609449858,0.5688293295876119,0.9898166640545862,0.0745737515543433,-1.0373786608768838,0.08324883551233525,-0.12610693189880295,2.782165519150261,1.000368984418657,1.018754885437283,0.05060885283481965,0.9633888288339377,1.7417899331682705,-0.020224807504979448,0.6417476850412176,1.3161517566079841,0.43819889603317613,1.4621962436188394,1.1477832394270142,1.2873361611166643,1.916323136943772,0.34999044524743345,-0.24942202001525776,1.5909321789562514,1.2990221914559201,0.05021684889978467,0.6405753543276206,0.02439493026316384,1.0771925543765422,2.7413906319896353,1.3325014732344567,1.59135922984854,1.6493575946006143,0.28690910313556767,1.6307420624917024,-0.19195943676491106,1.4564096597082703,1.6175108276546377
1966,1.460151528460844,2.951858870285621,1.518122714086455,1.3418878552668663,1.7733030551904685,1.405563431472633,-0.21138507984483368,-0.19492044256375773,1.6790662547750843,1.5494110227834461,0.04130259473233085,0.9607968011519733,-0.15218655881466184,-0.49903324792071196,0.08324883551233525,-0.12610693189880295,1.3866949397119486,0.8386202001620494,0.12604390766407855,-0.04912371719858418,1.1457447312950009,1.6717363714039704,0.33078465804100704,0.09195229755770949,0.32288576787157847,-0.5484606423887841,0.5328535374261599,0.530634499977314,0.4564589848229722,0.6237881521014322,0.4060120181665771,0.6766616523858905,0.895617860158828,1.0423838414008113,-1.0023182102007264,0.2903171278914358,0.02439493026316384,1.1073680485355306,-0.2994765495998363,0.5903983561565359,0.7993053424439325,0.5405475787332424,0.03764638030395048,-0.061506576894271504,-0.19195943676491106,1.0523431970934627,0.6084069450942745
1967,1.2669756718995178,3.444883835649967,1.9515255575378097,1.6680674243280205,0.8779013606923856,1.1621787866525584,-0.21138507984483368,-0.19492044256375773,1.665667704565251,0.9556052641831282,-0.8141461644924503,0.4964789947101666,0.15393986018349484,-0.050412070457235725,1.7640465914220227,-0.12610693189880295,2.168158464197403,0.4881645009394004,1.3195596714260798,0.6822484630463785,0.694196782343797,0.916714650166513,0.8308529377229597,-0.7623451506858948,0.21074283365940352,-0.23272959009375657,0.171943748613469,-0.8914908561459084,-0.20824275621198154,0.34006096030677285,-0.2849207145028614,-0.24942202001525776,0.7775456173441715,0.29813262624099535,-1.210377466069432,0.25529130524781746,0.02439493026316384,0.4937996673027621,1.0241950470920513,-0.8757078019730151,0.9766308396240684,-0.13938309137410818,0.42400360069295684,0.2557900429905986,-0.19195943676491106,0.13056657925343212,-0.375041754011164
1968,1.7637135887714996,2.5800695521420147,2.124886694918352,2.54176269859897,1.574324900857561,2.456542579559319,-0.21138507984483368,-0.19492044256375773,2.3221966648470906,1.5430939402451445,0.12684747065480903,1.7878628938764423,1.8206281413956809,1.7440726393966697,3.1708012349551304,-0.12610693189880295,3.53571963204695,-1.3854255833663018,1.1254920675623399,0.5271089096610834,0.8852362992077678,1.7573573913381153,1.138587263681085,1.2422934159847416,-0.17374722649662452,0.6157976129491292,1.3990370305766182,-0.07309796252782778,-0.1066911013316413,-0.20637659426072025,1.0689339643764437,1.9037225183174116,1.6040513170467685,0.2895780145724919,-0.7330650555471074,-0.445225147624552,0.02439493026316384,1.600234453132345,1.8470179315221436,1.5678024615762363,0.25550715109151534,0.3731800291683564,0.5486349621087655,-0.2153473622929963,-0.19195943676491106,-0.07146665205397201,-0.7855246892899558
1969,-0.13124957559198644,-0.3578742988406065,-0.3145521667935606,-0.25988681422987436,2.29562071031435,2.1799691195365063,-0.21138507984483368,-0.19492044256375773,3.0591169263879316,3.393999123967412,-0.11552967779221278,1.8604125511329743,1.7185860017296288,2.1926938168601455,0.02844021303701932,-0.12610693189880295,0.36800141672198006,1.189075899384699,-0.3300149614157103,-0.12669349389123155,2.022789785988687,2.4501092798961945,-0.5058680406576453,1.3776276652114512,2.6458465479809146,-0.11433044548312167,1.8772425007534341,-0.14017934725062106,-0.4575059091000892,-0.3745112264353337,2.2920716397777467,3.2465438432990763,3.375134959266619,2.898734573466099,0.6988721760198668,2.419887144623439,0.02439493026316384,0.815671604998641,2.634065907933536,0.8256993444983155,0.019073154851333995,-0.08708073213508115,0.000256971879207907,2.0441891732507758,-0.19195943676491106,-0.5512955764090562,-0.7171108667434904
1970,2.5180193143919167,2.903364611397324,3.1774364575859284,3.46205505416437,1.027134976442066,1.0736752794452584,-0.21138507984483368,-0.19492044256375773,1.310606124004664,1.1703860704853706,-0.7998886851720372,0.4964789947101666,0.10858779810969382,0.7683215784136086,0.37556148871401984,-0.12610693189880295,-0.16227740346457936,-0.17230970144174637,1.9696861443696092,2.7766324337478623,1.3975695489793265,0.6442841321942344,-0.140433528582372,0.16807781274773353,0.5471716362959284,1.0696610006232308,1.9404017137956544,-0.23409328586253175,-0.4205780345981473,-0.8053562213827803,0.7514783845012964,0.9544867541062346,0.8824987220683109,1.1535937930913585,0.30723122379642104,1.6493190464638328,0.696924639307682,-0.029242231453040682,2.7056157239709355,0.5903983561565359,-0.2882910402609018,-0.09754120398288656,-1.0341833278720025,0.8134628900609764,-0.19195943676491106,-0.39977065292850317,-0.7684212336533395
1971,3.19873423751278,1.836490915854804,2.583055415138355,2.576710509569808,1.4997080929827207,1.6378851378917951,-0.21138507984483368,2.7808510676253455,1.5919756784111667,1.385166876787613,-0.5717690160454291,1.004326595505893,1.219713318917818,1.4188222857356494,0.22940516211317774,-0.12610693189880295,-0.008775639726364493,-0.2801422242794847,3.0176512052338054,-0.12669349389123155,1.2238972609211716,0.9945519410157352,1.196287449798233,0.007368391791016284,-0.28589016070879913,1.1485937636969876,0.8666950920778992,-0.4487537169754712,-0.3836501600962054,-0.3009523248589405,0.35932737406729093,0.7461179278159766,1.8008383884045296,1.0423838414008113,0.36842512258133425,0.1782344954318566,1.7679904722304334,0.051225752970929045,2.365754097793289,0.5722982801302452,0.35008074958758795,-0.37997394387363226,0.03764638030395048,0.9576886263722808,-0.19195943676491106,-0.6649392690194709,-0.5204211269224027
1972,2.058076798769711,0.8585233616074942,3.301265841429172,2.576710509569808,1.014698841796259,1.0294235258416085,-0.21138507984483368,2.9225544728724455,1.7728561062439188,1.3725327117110109,-0.3579068262392339,0.6560882406745375,2.070064482801587,1.0038476965819336,0.08324883551233525,-0.12610693189880295,0.11681671242308347,-0.3205794203436366,2.1346436076537882,2.843120813770131,0.4944736510769178,1.5394129769602922,1.3982381012082523,1.9274230526949587,-0.18976764566979237,1.7997890590554817,1.065195475924879,-0.12676307030606263,-0.2728665365903799,-0.38501964094624724,0.051208723012000794,0.09785935713517302,1.2498345886027984,0.7600816563401914,-0.010977049885129087,1.6493190464638328,0.6221991160805138,0.7352036205746713,2.6519533619428857,0.13789645549926713,-0.46561653744103776,0.1953520077556643,0.1622777417197591,1.274985246257151,-0.19195943676491106,-0.07146665205397201,0.5656483060027339
1973,2.1040710503319318,2.0466327043707553,2.805948306056196,2.099090426301689,3.39000055914534,2.5561090251675314,-0.21138507984483368,3.00352784729936,2.2619031889028403,1.985289717926232,0.0698175533731569,1.7008033051686033,1.7752760793218798,1.6207018155942134,0.6313350602654942,-0.12610693189880295,1.2052837643849674,0.3129366513280759,1.1740089685282749,2.7212254503959716,0.22528160458677715,1.9986529929707046,1.2155208451706163,2.240383504031725,0.4350287020837534,0.023801889895952884,2.4817663970146913,0.718462377201136,-0.36518622284523444,0.539720836014126,0.9662277473580138,2.56355713490323,1.709004421770908,0.9653923363842787,0.08693318817073249,0.6195598607414493,1.4068171099657847,2.083042359676163,3.7430880565132254,2.165104970443831,0.31461565015156073,1.1263340022103445,0.8851396379314483,0.8711531845854982,-0.19195943676491106,1.5195450444918344,0.7110276789139722
1974,2.4536273622048075,2.814458470102114,-0.3145521667935606,3.683391190313011,3.5392341748950207,2.456542579559319,-0.21138507984483368,3.347664688613746,0.7009720894572412,0.9808735943363333,-0.40067926420047273,0.5545187205153925,1.072319117177965,1.3851756974258884,1.362116693269706,-0.12610693189880295,1.3448308223287988,0.17814599778090295,1.9114658632104868,2.16715561687706,1.4670384642025887,1.7651411204230374,1.1866707521120416,1.2169182442547333,1.5724784633786697,0.8920622837072782,2.8156079516664305,1.4563576091518644,-0.7160010306136824,0.24548522970855258,0.8635215303395835,2.4246445840430573,0.8824987220683109,1.1364845697543515,0.39290268209529966,0.353363608649949,2.428065927403756,0.8458470991576293,3.063364804157932,1.4230018533659108,1.0830261379321504,1.79580420046989,0.21213028628608252,0.6403920064874107,-0.19195943676491106,1.6963241218858132,-0.375041754011164
1975,1.7453158881466109,1.2222303032697168,2.37254546260484,2.425269995362844,1.4872719583369143,1.1843046634543835,-0.21138507984483368,2.639147662378246,0.6540771637228244,0.5892144769616555,-0.9424634783761675,0.061181051170972535,1.163023241325567,1.2393738147502587,0.9784563359424947,-0.12610693189880295,0.2842731819556812,-0.18578876679646367,0.9896447448577218,1.0922601398503728,0.33816859182457815,1.4615756861110702,0.09998391357241311,1.5214203050148303,1.0758454690104666,0.8723290929388386,2.0216064162785106,0.6782135463674596,-0.7990887482430514,0.2139599861758128,0.49938130636515,1.0470951213463495,-0.04896008235842541,1.0081653947267968,0.11141074768469789,1.0608852260510426,1.4192713638369794,0.7352036205746713,2.0437799256249916,1.5316023095236546,-0.09914384326875654,0.5928499379722697,-2.479907120295381,0.005798766717670902,-0.19195943676491106,-0.24824572944795006,-0.44345557655762935
1976,3.309120441262109,0.8504409851261113,2.5954383535226806,2.4485685360100686,0.8779013606923856,0.9962347106388714,-0.21138507984483368,3.3071780014002887,0.41290325994582183,1.757874746547387,-0.11552967779221278,0.7866776237362958,1.6505579086189277,1.2393738147502587,2.0015506221483914,-0.12610693189880295,-0.2739150498196445,-0.07795624395872562,1.5815509366421288,1.6463299733692838,0.060292930931529466,2.0375716383953155,0.8597030307815341,2.6717614234418616,1.8288051701493553,4.286171095878821,2.0035609268378756,1.067285577759662,-0.8175526854940224,-0.20637659426072025,0.6114244522034373,0.0862833112301584,-0.5343681917075699,2.1630379699747873,0.9926028901874515,0.6265650252701734,1.96725853416955,0.9967245699525724,1.5965935753912457,1.296301321181875,0.6456232448878146,0.6660732409069072,0.5237086898256037,0.9096133809351795,-0.19195943676491106,0.2947185796906977,0.49723448345626853
1977,1.3037710731492942,0.8261938556819634,1.8029302969259169,1.3418878552668663,0.529689590609798,0.9187941418324836,3.5853717751115792,2.841581098445531,1.310606124004664,1.2904106387130947,-0.514739098763777,0.24981016003795675,1.3897835516945716,1.2057272264404981,0.7957609276914416,-0.12610693189880295,-0.5111450483241573,-0.2801422242794847,0.9023143231190389,1.5798415933470145,0.42500473585365556,1.5082780606206034,2.263740892965479,2.621011079981846,1.1239067265299707,1.4643248159920152,1.1283546889671001,0.9867879160923098,-0.96526418350179,-0.5636626876317737,1.7411928394061675,0.5145970097156894,-0.48189163934550017,0.8884008313677462,0.30723122379642104,1.137942035867003,-0.012967831350420256,1.3588304998604357,0.7022208749237541,0.04739607536781329,0.10182505353539754,-0.07662026028727574,-0.14930066181976212,0.8999983318477589,-0.19195943676491106,-0.09672080596739753,0.5656483060027339
1978,1.193384869399965,1.1494889149372722,1.1714004393253707,0.5613867435848182,0.8281568221091586,1.2174934786571205,2.5219067100869332,-0.23540712977721498,1.4445916261029987,1.378849794249312,-0.6858288506087333,0.2933399543918759,0.8795728533643108,2.2599869934796675,1.2159603666688634,-0.12610693189880295,-0.4832356367353913,-0.49580726995496116,0.659729818289364,0.9260391897946991,-0.14811381473825733,0.47304209232594496,2.9465264286850688,2.6125526894051765,0.5471716362959284,0.3000665606541016,1.5343782013813776,2.4357458261046503,-0.5590575639804293,-0.8578982939373467,3.1977537353039023,1.2438879017315934,1.1711197600596936,1.4444505898204818,0.7233497355338322,0.3183377860063306,0.2859342615582542,1.7611704219802844,0.14770980063390954,0.5722982801302452,0.1372901529714248,0.6556127690591022,0.5112455536840226,1.0826842645087447,-0.19195943676491106,0.28209150273398526,1.8655109343855745
1979,0.696646952527983,1.157571291418655,0.11885067665779428,0.06046811966947364,0.579434129193025,1.1179270330489084,1.1785824174242219,-0.6200306583050581,0.9689430936539107,1.4672889497855293,-1.398702816629384,-0.6207857270404313,0.7661926981798082,2.1926938168601455,0.9601867951173895,-0.12610693189880295,-0.23205093243649477,-0.5092863353096785,1.8726523424377386,1.214155503224533,-0.8341193525679715,-0.24306098348690133,1.9175397762625883,0.05811873525103206,0.018497803581389673,-0.9431244577575681,0.5057853032652082,0.9197065313695164,-0.7621608737411095,-1.3202685324175334,3.431176955800334,1.1397034885864643,0.4364480269907185,1.119375346417344,2.057376729044945,0.14320867278823823,0.32329702317183884,0.8760225933166178,-1.1044119800205787,0.3550973678147559,-0.004570244772684164,0.06982634558199968,-1.6698032710926258,0.2269448957283379,4.290648892134227,-0.12197495988082305,2.0964075854798945
1980,1.441753827835956,1.2222303032697168,1.0847198706351,0.4099462293778532,1.027134976442066,1.9033956595136945,2.5592212737720086,-0.4783272530579583,0.7880626658211586,2.256924267073186,-0.6715713712883202,-0.6788254528456572,2.206120669022989,2.316064640662602,1.9102029180228643,-0.12610693189880295,1.177374352796201,1.2429921608035683,3.0661681061997403,2.156074220206682,-0.6257126068981848,0.26288140703304436,1.7155891248525688,1.2169182442547333,0.8836004389324524,0.33953294219098,0.5148080479855254,1.4966064399855408,-0.3005624424668361,-1.0155245116010467,1.7505297682260248,2.818230144813545,0.9349752744303806,0.6403170929811408,2.510211580053305,-0.4802509702681704,2.1665265961086657,1.3085380095954549,0.48757142681155624,1.0067001047612227,0.24368545127950625,0.0907472892776105,-0.04959557268711553,0.5057813192635268,3.8053522639343194,0.3199727336041232,3.379166758226119
1981,0.770237755027536,0.7049582084612225,-0.19072278295031644,0.5264389326139799,1.4250912851078805,1.5272557538826703,4.984667913301903,0.23018977317754266,0.6607764388277411,2.0926801210773536,-0.14404463643303883,0.2788300229405694,1.4237975982499227,1.7216415805234955,2.1111678670990233,-0.12610693189880295,2.8240296365334108,1.9708616899583016,2.299601070937967,1.0700973465096164,0.9633888288339377,1.5160617897055253,2.773425870333624,2.3757177532584346,1.989009361881033,0.26060017911722355,1.1824911572890038,0.20864385330790491,-0.28209850521586516,-1.4043358485048398,0.6487721674828661,3.142359430153947,0.9349752744303806,1.4615598131574894,1.910511371961153,1.1659626939818977,1.6683564412608751,1.1878360329595004,1.5965935753912457,0.789499192445734,-0.31193443988492,0.3836405010161616,1.308886266745197,0.5730866628754687,2.311149487634607,0.09268534838329358,3.250890840951497
1982,-0.10365302465465431,0.49481641994527137,0.15599949181076786,0.934163393940423,0.9898265725046457,1.8259550907073072,2.1114465095511044,0.4326232092448288,0.3660083342114045,0.368116588121112,0.16961990861604778,0.22079029713534382,1.174361256844017,1.7552881688332564,2.622715010201971,-0.12610693189880295,1.1215555296186686,1.9034663631847148,1.6688813583808118,1.214155503224533,-0.17416465794698047,0.1772603870988998,2.004090055438311,0.6332892944645485,-0.10966554980395313,0.16193422527502746,0.6230809846293327,0.34280662275349205,-0.3744181914707199,-0.8368814649155201,1.6011389071083082,2.389916446328014,0.8824987220683109,1.059493064737819,0.09917196792771546,1.299060820027648,0.7342874009212667,0.41333168287879235,0.6485585128957045,1.1877008650241305,-0.2291825412008564,-0.1707645069175244,0.5735612343919272,0.5923167610503094,0.20394044413501283,0.24421027186384667,1.4464762712884744
1983,0.93581706065153,0.8989352440144077,-0.05451046072274733,0.11871447128753673,0.18147782052721004,1.6710739530945324,2.876395065095149,0.6148133017053858,0.15163153085406914,0.15965286435717063,-0.11552967779221278,0.8156974866389085,1.934008296580184,1.8450124043259517,1.7640465914220227,-0.12610693189880295,1.051782000646753,1.13515963796583,-0.3300149614157103,1.6352485766989053,0.10371100294606818,2.0142204511405493,-0.020224807504979448,0.49795504523783873,-1.199054053579366,1.1880601452338662,0.1809664933337861,-1.1464001180925236,-0.4575059091000892,0.6553133956341726,-0.1168559957454303,3.1539354760589613,1.118643207697624,2.9243984084716104,0.6132007177209882,0.42341525393718626,-2.067919720097559,0.0009332627059481876,0.5948961508676553,0.6446985842354083,0.14911185278343386,-0.39043441572143767,0.28690910313556767,-0.013431331457169723,2.9241557548344894,1.393274274924707,3.8067531491415267
1984,0.8990216594017536,1.755667151040977,-0.16595690618166756,-0.11427093518471615,-0.0921171416805374,0.24395489937682258,2.2233902006063304,-0.07346038092338607,0.6875735392474079,0.368116588121112,3.20646300386402,0.3949094745510212,1.6392198931004767,1.9459521692552337,0.17459653963786181,-0.12610693189880295,0.5075484746658109,1.4586572064790444,2.4451517738357724,2.2668881869104642,0.5726261807030885,1.4927106024507584,1.6386555433630376,1.6398377730882008,-0.22180848401612807,2.352318400571779,0.34337589829949716,-1.0793187333697305,-0.4944337836020311,2.7044542252622716,1.8625729140643121,1.5564411411669807,0.2527800937234751,0.9397285013787676,0.34394756306736884,2.7351195484160056,-2.130190989453533,0.7553206166806636,-0.03116473945958893,0.2826970637095933,-0.08732214345674746,-0.45319724680827006,0.1996671501445014,0.3327104356899611,3.2689717801344225,1.4185284288381323,1.3267520818321603
1985,0.29189753878044244,1.2464774327138652,-0.042127522338423165,-0.4753983152167086,-0.10455327632634412,0.31033252978229753,1.1785824174242219,-0.15443375535030052,0.24542138232290348,0.41233616588922034,1.2531883369674366,-0.21450764640385023,0.3807001705525,1.7328571099600831,0.3390224070638092,-0.12610693189880295,0.01913377186240179,0.8655783308714841,0.6112129173234286,0.8263066197612953,-0.9209554965970493,-0.01733284002415627,-0.17890031932713765,-0.4240095276191208,-0.28589016070879913,-0.3313955439359527,-0.7393534681385757,-0.9183234100350258,-0.5128977208530019,1.306835095310799,-0.2755837856830039,0.5377491015257182,0.6069968221674453,-0.07827028717316438,0.013500509628836305,1.3691124653148847,-0.2994156703879002,0.5943846478327243,0.4339090647835067,0.427497671919919,-0.051857044020720486,-1.5306258471322256,0.6981925958077352,0.2557900429905986,1.813081895534703,0.8124287349159205,0.5228896669111929
1986,-0.32442543215331265,-0.7498695581876687,-0.3640839203308583,-0.463749044893096,-0.5522541235753853,-0.09899619105146433,0.7494649350458558,0.007512993503527932,-0.19003149949668413,-0.12461584986638581,0.9252663125979373,0.4239293374536342,-0.6397212261080226,1.2730204030600196,0.22940516211317774,-0.12610693189880295,1.8751096425153575,-0.17230970144174637,-0.1456507377451573,0.8263066197612953,-1.58091019121804,-0.2897633579964348,-0.8424524596743446,-1.4982251308561285,1.4282946908201595,-0.11433044548312167,-0.874694638943335,-0.5560839325319409,-0.7252329992391678,0.38209461835042574,1.1809771102147306,-0.3420303872553721,1.1711197600596936,-0.2579171322117406,-0.18231996648288656,0.2062551535467514,0.11157470736152765,0.12163523934190233,0.9168703230359522,-0.025004228737349782,0.10182505353539754,-1.2900349946327014,0.1996671501445014,-0.09035172415653223,2.183439848634632,2.365559200591588,1.4208210878335497
1987,-0.6279874924639682,-1.0246703585546812,-1.057528469853026,-0.8831227765431519,-1.572017164531535,-0.9287165711199002,-0.4072865391914786,-0.8629507815858015,-0.9805459618768588,-1.0848123956881761,0.32645218114059077,-0.3305870980143021,-1.3426781882519379,-0.2522916003158003,-0.7754195832676136,-0.12610693189880295,0.43777494569389547,-0.3744956817625058,0.03871348592539568,-0.13777489056160977,-1.9195711529314434,-1.0525688083188147,-1.0059363203395988,-2.073395690069644,-0.6703802208648272,-1.6337861346529403,-1.361922853840468,-1.589137257262961,-1.1222076501350429,-0.4901037860553804,0.1072302959311445,-1.198657784226434,0.2396609556329574,-0.48889164726133866,0.4418578011232304,0.09417252108717218,-2.2547335281654806,-0.7635125893217637,-0.2994765495998363,-1.3463097786565745,-0.46561653744103776,-1.1540488606112316,-0.6602892436245771,-0.4653386385659242,-0.10256268946492847,1.2543764284008667,-0.18690374200838467
1988,-0.6555840434013006,-0.7579519346690514,-1.3051872375395148,-1.3723921301348834,-1.3357306062612078,-0.97296832472355,-0.295342848136253,-0.1341904117435719,-0.6522814817359387,-0.6173482878538836,-0.10127219847179944,-0.3741168923682215,-0.5943691640342216,-0.3083692474987346,0.24767470293828306,-1.0941364019421331,-0.03668505131513078,0.3668529127469445,-0.1262439773587833,0.09493443951633257,-1.4853904327860545,-0.36760064884565735,-0.6597352036367079,-0.7623451506858948,0.19472241448623567,-1.3772546546632307,-1.7499008768141107,-1.2000652258707585,-0.9283363089998481,-0.8473898794264334,0.6861198827622952,-1.0250170956512188,0.2658992318139922,0.3836787429260317,-0.35366288308064403,0.05914669844355383,-1.3829357571818461,-1.2060865036535968,-0.19215182554373755,-0.8757078019730151,0.007251455039324914,-1.1017465013722045,-0.8846256941730323,-0.2826527059049383,-0.39629485916487195,0.37048104143097427,0.20647573763379076
1989,0.5678630481537659,-0.37808024004406326,-0.45076448902112914,-0.7200329920125744,-0.8382852204289395,-0.22068851346150148,-0.5752020757743176,0.12897305514389962,-0.5584916302671047,0.05857954374435051,-0.1725595950738649,-0.21450764640385023,0.2446439843310969,-0.33080030637190844,1.4169253157450221,-1.49014845786895,1.6239249382164616,1.0273271151280916,-0.2620913000634014,0.08385304284595459,-1.042526098237758,-0.5466264177988689,-1.0059363203395988,-1.3967244439360962,0.5471716362959284,-0.844458503915372,-0.7573989575792103,-0.9585722408687017,-0.8544805599959643,-1.2992517033957067,2.581516433193322,0.468292826095632,0.5414011317148579,0.9996107830582933,0.39290268209529966,0.03112604032865934,-0.3990497013574585,-0.5221086360498548,0.6664459669050543,-0.26030521707912935,-0.654763734433183,-0.9657603673507343,-0.5481210183503493,-0.6864847675765912,0.48490164993495843,1.6836970449290996,0.2748895601802561
1990,-0.8763564508999592,-0.9195994642967059,-0.7974867637822132,-0.8714735062195391,-0.8755936243663596,-0.4308843430788385,-0.23937100260863997,-0.4783272530579583,-0.9403503112473584,-0.3836162339367372,1.4100206094919803,-1.4333418883135935,0.4033762015894005,0.25240722433061086,0.9601867951173895,-1.930161853343191,0.6331408268152594,1.6878013175092386,-0.32031158122252346,0.715492653057513,0.3729030494362093,0.09163936716475522,-0.8328357619881533,-1.159889507789354,0.41900828291058556,-0.2524627808621958,-1.370945598560785,-0.046265408638710356,-1.1683674932624701,-0.22739342328254694,0.9008692456190125,1.0702472131563783,0.22654181754244024,1.4102321431464673,0.013500509628836305,1.7543965143946878,0.036849184134358906,0.051225752970929045,-0.3173640036091861,-1.2558093985251209,-0.5129033366890741,-0.6519462119165725,-0.8347731496067089,-1.090316829248244,-0.44737871476486213,1.6205616601455366,0.6340621285491989
1991,-0.784367947775518,-0.5397277696717178,-0.5250621193270758,-0.6501373700708984,-0.36571210388828485,-0.5857654806916134,-0.1647418752384893,-0.6605173455185154,-1.0207416125063593,-0.5541774624708711,0.7684340400733943,-0.4611764810760604,0.32401009296024846,-0.2410760708792131,0.1563269988127565,-1.0061337228472849,-0.03668505131513078,0.3129366513280759,-0.48526904450670244,-0.42589120399144353,-0.8775374245825103,-0.46100539786472433,0.09998391357241311,0.5909973415812011,0.6112533129885994,-0.055130873177804005,-1.100263256951267,0.2220601302524639,-1.3253109598957233,0.02480852497937271,0.2846319435084327,0.7808460655310194,-0.06207922044894312,-0.28358096721725135,-0.4515731211365056,0.7176321641435814,0.27348000768705966,0.9061980874756067,0.12982234662455971,-1.2739094745514115,-0.69022883386921,-1.0285231984375667,-0.3113214316603133,-1.032626534723722,-0.5240044981648475,0.9260724275263351,0.5742000338210419
1992,-1.133924259648394,-1.0731646174429776,-0.8717843940881598,-0.9297198578376022,-0.6268709314502255,-0.7406466183043879,-0.48191566656162926,-0.8224640943723442,-1.3892017432767794,-0.7942265989263185,-0.7856312058516242,-1.2737326423492223,-0.2542286984807139,-0.7009127777792765,-0.5013764708910343,1.5239433011296015,-0.9856050453331838,0.3129366513280759,-0.6599298879840684,-0.47021679067295646,-1.4940740471889622,-0.811273206686225,-1.9002892051553992,0.36262079601112895,-0.6543598016916593,-1.5745865623476227,-1.1814679594341222,-0.328007224474443,-0.5590575639804293,-1.0890834131774403,-0.5463547214588649,-0.6314315348807311,-0.7049169868842964,-1.5582181058242925,-1.136944787527536,-0.42420965403838107,-1.0342166487883926,-0.5925181224208281,-0.4604636356839849,-1.3825099307091562,-0.7256939333052372,-1.1540488606112316,-1.0964990085799067,-0.9941663383740408,-1.3285752238646926,-0.7028204998896094,-0.9309040622011945
1993,-1.2535093137101674,-0.9600113467036197,-0.7231891334762666,-0.9064213171903771,-0.8755936243663596,-1.459737614363699,0.7494649350458558,0.4326232092448288,-1.2083213154440275,-0.6931532783134984,0.7114041227917423,-0.5917658641378184,0.18795390673884535,-0.46538665961095144,0.35729194788891455,0.29190579380172643,-0.13436799187581308,0.3398947820375105,-0.1650574981315313,0.32764376959427516,-1.3377689879366226,-0.710084728582236,-1.823355623665868,-0.11527827157068933,0.5311512171227605,-0.35112873470439193,-0.5679213184525476,0.10131363775143579,-0.5682895326059147,-0.9104403664919134,0.9195431032587271,-0.3420303872553721,-0.07519835853946026,-0.4119001422448057,-0.830975293602969,-0.1930392245904991,0.5723821005957346,-0.77357108737476,-0.3531389116278858,-1.020508410183341,-0.7020505336812191,-0.9657603673507343,-0.6478261074829963,-0.7153299148388521,0.24225333583500522,-0.04621249814054649,-0.3921452096477804
1994,-0.8211633490252944,-1.2752240294775459,-1.0451455314687017,-0.4753983152167086,-0.9129020283037798,-1.1721012159399748,0.8614086261010818,-0.05321703731665746,-0.9135532108276914,-0.7879095163880174,0.19813486725687385,-0.7658850415534959,0.6981646050691067,-0.11770524707675724,0.10151837633744057,1.0179278963342238,-0.06459446290389706,1.1621177686752646,-0.15535411793834453,-0.03804232052820595,-0.04391044190336393,-0.2819796289115124,-0.9770862272810243,2.4518432684484583,-0.39803309492097405,-1.179922746978839,-1.2897408960779295,-0.5963327633656167,-0.9006404031233917,-1.24670963084114,1.0315862490970145,-0.8398003611709893,-0.24574715371618708,-0.33490863722827313,-0.586199698463315,1.8664791468542672,-0.6232262710389648,-0.7534540912687675,-0.8003252618616318,-1.23770932249883,-0.7138722334932281,-0.9448394236551235,-0.6852155159077388,-0.6480245712269099,-1.4690558267646654,0.33259981056083626,-0.19545546982669265
1995,-0.6923794446510768,-1.0489174879988294,-0.5745938728643735,-0.5219953965111593,-0.2662230267218311,-0.47513609668248846,0.0031736613443497574,0.2909198039977285,-0.6790785821556057,-0.23200625301750705,-0.04424228119014732,-0.9690240818717865,0.14260184466504483,-0.35323136524508225,-0.1725247360391387,1.3039366033924806,0.5912767094321097,0.6094760891318558,-0.3300149614157103,-0.45913539400257825,-0.4694075476458451,-0.7178684576671581,0.35963475109958065,-0.10259068570568519,-0.12568596897712098,-0.6865929777678587,-1.1904907041544395,-0.9988210717023781,-0.08822716408067034,-0.5741711021426869,1.040923177916872,-0.6661596725957742,-0.07519835853946026,-0.2579171322117406,-0.43933434137952293,0.6545856833850683,-0.06278484683519941,-0.029242231453040682,-0.567788359740084,-1.2015091704462484,-0.9030194304853733,-1.0703650858287883,-0.7849206050403854,-0.8884007984124176,-0.9199043790647714,0.825055811872633,-0.41780039310270506
1996,-0.2140392284039833,-0.4831511343020386,-0.06689339910707204,0.0371695790222483,-0.45276504640893184,-0.5193878502861384,0.7681222168883934,1.6269804820418161,-0.19003149949668413,0.178604111972074,2.1799244927942834,-0.3015672351116891,0.15393986018349484,0.5215799308086964,0.4121005703642305,2.9539868364208846,0.4656843572826617,1.6338850560903695,0.31040813133463196,-0.03804232052820595,1.2152136465182632,-0.18857487989244576,1.9367731716349716,-0.7961787129925723,-0.31793099905513483,0.7933963298650817,-1.0280812991887287,-0.3682560553081189,0.7888098553404489,-0.35349439741350697,1.2743463984133039,-0.36518247906540086,-0.23262801562566937,0.05004888785439,0.30723122379642104,0.3603687731786731,0.8837384473756041,0.021050258811940618,-0.3173640036091861,-1.1291088663410855,-0.9030194304853733,-1.0285231984375667,-0.33624770394347503,-0.7249449639262725,-0.2941271479648915,1.7973407375395152,1.172820981102613
1997,0.34709064065510714,-0.5154806402275696,-0.2774033516405872,0.0022217680514105506,-0.4776373157005453,-0.6078913574934384,0.6561785258331674,0.39213652203137156,-0.7326727829949395,-0.09934751971318079,-0.4434517021617118,-0.5047062754299795,-0.6057071795526716,0.1963295771476765,-0.3734896851152971,0.929925217239376,0.34009200513321375,1.4316990757696098,-0.07772707639284844,-0.8469842774658161,0.4597391934652867,-0.6633823540727025,1.196287449798233,-0.8384706658759189,-0.38201267574780623,-0.31166235316751345,-1.1904907041544395,-1.4281419339282564,0.9734492278501585,-0.826373050404607,0.6767829539424381,0.06313121942012968,-0.7049169868842964,-0.11248873384717893,0.8090211938327108,0.913776770947845,3.0383243670923004,0.0914597451829139,-0.9255374399270805,-1.3644098546828654,-1.0921666274775184,-0.9657603673507343,-0.5481210183503493,-0.9941663383740408,-0.7027979927648127,1.3680201210112815,0.13806191508732577
1998,0.29189753878044244,-0.35383311059991485,-0.6365085647859957,-0.2890099900389062,-0.651743200741839,-0.8512760023135129,0.6375212439906297,0.8982201121995864,-0.6053865560015217,0.02699413105284408,1.8092300304635445,-0.2580374407577697,0.06323573603589279,0.8243992255965429,-0.08117703191361256,1.7439499988667222,1.051782000646753,1.2564712261582853,-0.20387101890427936,-0.0934493038800971,2.135676773226488,-0.01733284002415627,0.09998391357241311,0.07503551640437116,-0.5422168674794847,-0.4300614977781488,-0.8927401283839695,-0.7573280867003213,-0.023603383702272208,-0.9734908535573935,-0.06083442282628661,-0.3188782954453434,-0.46877250125498304,0.5119979179535861,1.2251397055701225,0.7806786449020946,1.9548042802983545,-0.5221086360498548,-0.6930005378055327,-1.23770932249883,-0.9030194304853733,-0.7774718740902371,0.12488833329501622,-0.6480245712269099,-0.7666528122648008,1.4059013518814194,0.49723448345626853
1999,-0.13124957559198644,0.001791454580925103,0.45319001303455386,0.09541593064031191,-0.05480873774311726,-0.11005912945237657,-0.2766855662937153,1.6674671692552732,-0.5249952547425208,-0.4846895545495573,0.46902697434472107,-0.4611764810760604,-0.35627083814676647,0.7907526372867825,-0.39175922594040247,3.0199888457420205,0.423820239899512,0.3803319781016621,-0.2523879198702142,-0.3926470139803091,0.32080136301876255,-0.2508447125718238,1.0520369845053623,-0.1787162008957096,-0.30191057988196696,-0.41032830700970957,-0.6491260209354032,0.38305545358716847,-0.060531258204214115,-1.4568779210594065,0.2099365129495744,-0.3188782954453434,-0.6262021583411919,-0.3006901905542586,1.0905131282433131,1.2780453264414768,2.428065927403756,1.117426546588527,-0.5320134517213843,-0.6585068896575259,-1.163096826349573,-0.9971417828941506,-0.3113214316603133,-0.6672546694017506,-0.24304329236490127,0.15582073316685766,0.3090964714534888
2000,-0.06685762340487784,0.2038508666154933,0.27982887565401227,-0.6384880997472857,-0.7636684125540995,-0.6521431110970883,-0.7058030486720813,-0.5188139402714156,-1.1279300141850268,-1.3438127797585275,-0.7143438092495593,-1.1286333278361576,-0.05014441914860977,0.36456251869648004,-0.7388805016174029,1.9199553570564178,-0.4832356367353913,0.43424823952053127,-1.0286583353251744,-1.3788913176439705,0.12976184615479172,0.24731394886319988,0.17691749506194443,-0.474759871079137,-1.1670132152330301,-0.8247253131469329,-0.9198083625449213,0.9599553622031923,-0.21747472483746702,-1.1731507292647467,-0.19155142630428856,-1.0713212792712763,-0.8229892296989529,-0.659983880631411,1.9472277112321008,1.004843909821253,0.011940676391969326,0.7150866244686788,-0.6930005378055327,-1.1834090944199578,-1.1867402259735909,-1.0703650858287883,-1.2585197784204578,-1.0518566328985626,-1.0986978736647366,-0.46290603771206723,-1.0677317072941253
2001,-0.04845992277998962,0.3089217608734687,0.9732734251761803,-0.6268388294236731,-0.8631574897205528,-0.22068851346150148,-0.1647418752384893,-0.37711053502431524,-0.5249952547425208,-1.0658611480732725,-0.11552967779221278,-1.172163122190077,0.46006627918165155,0.31970040095013236,0.4669091928395464,3.7240102785008067,0.20054494718938234,0.029876278879012425,0.12604390766407855,-0.47021679067295646,3.0561398999347116,0.45747463415610046,1.5713386595596983,0.4472047017778222,-1.2150744727525338,-1.614052943884501,-0.874694638943335,1.91251102526686,-0.18054685033552512,-1.2887432888847934,-0.023486707546857475,-0.8050722234559462,-0.2063897394446345,-0.548773928940864,2.08185428855891,0.353363608649949,0.27348000768705966,1.258245519330474,-0.7287754458242324,-0.4594060533683278,-1.1039883272895274,-0.8402347051770696,-0.759994332757224,-0.8691707002375769,-0.2813561840648942,0.39573519534439977,1.0103381525547583
2002,-0.370419683715533,-0.3619154870812978,-0.042127522338423165,-0.7083837216889618,-1.0496995094076536,-0.441947281479751,0.07780278871450044,0.4123798656381002,-0.8130640842539405,-1.3753981924500336,0.7399190814325682,-1.0851035334822383,-0.5830311485157711,-0.2410760708792131,-0.3734896851152971,5.022049795149817,-0.580918577296073,-0.8327839038228931,-0.40764200296120634,-0.6475191373990081,1.9185864131537933,0.3095837815425779,0.24423437886528368,-0.1617994197423709,-1.1029315385403589,-1.4561874177369876,-0.9107856178246039,0.20864385330790491,-0.005139446451301252,-1.18365914377566,-0.583702436738294,-0.7703440857409032,-0.4425342250739482,-0.7968576673274692,1.5800643185226204,1.495205426831911,-1.5697495652497677,1.5700589589733565,-0.6035632677587837,-0.5499064334997816,-0.9148411302973823,-0.746090458546821,-0.11191125339501982,-0.7730202093633738,-1.4690558267646654,0.875564119699484,0.018337725631011402
2003,-0.7935667980879622,-0.5397277696717178,-0.6860403183232935,-0.9763169391320529,-1.2362415290947542,-1.271667661548187,-0.7058030486720813,-0.09370372453011468,-1.0140423374014422,-1.35644694483513,-0.514739098763777,-1.3462822996057546,-0.9345096295877288,-1.115887366932992,-1.049462695644193,0.9519258870130876,-1.4740197481365935,-0.7923467077587416,-1.3973867826662805,-1.3345657309624577,-0.9817407974174037,-0.8579755811957586,-1.4002209254734461,-1.9380614408429344,-1.7437483054670724,-2.067916331558603,-1.0190585544684114,-0.31459094752988404,-0.5313616581039728,-0.9314571955137401,-0.8264625860545832,-0.9208326825060899,-1.4002313056817193,-1.8576295142219192,-0.05993216891305988,-0.08796175665964373,-2.055465466226364,0.4032731848257964,-0.6214507217681333,-1.0929087142885041,-1.1512751265375638,-0.9448394236551235,-1.0217201917304217,-1.1768522710350264,-1.9415814910645746,-1.1195140394611298,-1.4696629147546088
2004,-0.4716070371524185,0.3816631492059131,-0.5993597496330224,-0.6501373700708984,-1.3108583369695943,-1.6699334439810363,-0.20205643892356462,-0.4580839094512297,-1.2887126167030285,-1.4701544305245526,-0.52899657808419,-1.012553876225706,-1.263312079622786,-1.0598097197500573,-0.684071879142087,0.9519258870130876,0.18659024139499888,0.0703134749431646,-0.47556566431351543,-0.5699493607063605,-0.7125487509272626,-0.6555986249877804,-1.3906042277872548,-1.2952237570160638,-1.5835441137353938,-2.12711590386392,-1.0280812991887287,-1.7098837497639894,0.2164278005603502,-0.763322563339127,0.097893367111287,-0.26099806592027186,-0.9148231963325749,-1.2160336390841473,-0.36590166283762676,-1.089700284267132,-1.171213441371535,-2.0912343323172626,-0.657225629786833,-1.0567085622359225,-1.056701528041491,-0.7670114022424317,-0.06205870882869639,-0.5422590312652865,-1.213636548764715,-1.207903578158119,-0.8539385118364211
2005,-0.8303621993377386,0.17152136068996235,-0.5993597496330224,-0.7433315326597998,-1.2859860676779808,-1.3933599839582242,0.4136338618801781,-0.7010040327319726,-1.174824939919444,-1.55859358606077,-0.9567209576965805,-0.9109843560665607,-0.9911997071799801,-0.9925165431305362,-0.3734896851152971,0.15990177515945397,-0.678601517856755,-0.07795624395872562,-0.5240825652794505,-0.8802284674769507,-0.1567974291411649,-0.38316810701550186,-1.0251697157119812,-0.6439276826125238,-1.3272174069647087,-1.5745865623476227,-1.370945598560785,-0.7841606405894387,-0.17131488171003964,-0.5741711021426869,-0.42497464680072045,-0.8745284988860323,-0.7180361249748138,-0.49744625892984207,-0.25575264502478273,-0.4172044895096572,-1.1338506797579504,-2.1415268225822444,-1.0686370720018792,-1.0386084862096319,-1.210383625597609,-0.8193137614814587,-0.27393202323557075,-0.48456873674076484,-1.034843054164749,0.06743119446986862,-0.5289728547407111
2006,-0.784367947775518,-0.37808024004406326,-0.673657379938969,-0.5452939371583847,-0.9253381629495865,-1.1167865239354122,-0.2207137207661023,-0.4580839094512297,-1.0877343635555266,-1.5017398432160587,-1.5697925684743401,-0.8964744246152543,-0.7757774123294252,-0.6672661894695158,-1.2504276447203513,-1.050135062394709,-0.32973387299717677,-0.3475375510530712,-0.5823028464385723,-0.8359028807954378,-1.0598933270435735,-1.0681362664886591,-1.0924865995153212,-0.9738049151026286,-0.9587477659818483,-0.8641916946838113,-1.3258318749591986,-0.690246701977528,-0.4298100032236328,-0.35349439741350697,-0.5370177926390078,-0.017901101914970578,-1.0328954391472318,-1.1048236873936,0.4051414618522826,0.8016941384882659,-0.4613209707134327,-2.0912343323172626,-1.0507496179925295,-1.3644098546828654,-1.2340270252216272,-0.9134580081117074,-0.38610024850979846,-0.8691707002375769,-0.9582172707647637,-0.21036449857781206,-1.213111080205364
2007,-0.9131518521497356,-0.5073982637461868,-0.46314742740545356,-0.0793231242138784,-0.9626465668870066,-1.3048564767509243,-1.0043195581526836,-1.3083043409338304,-1.4026002934866129,-1.5143740082926613,-1.355930378668145,-1.476871682667513,-0.8551435209585773,-0.633619601159755,-1.3052362671956672,-1.4681477880952378,-0.3018244614084108,-0.6845141849210032,-0.8054805908818734,-1.0021238308511111,-1.4419723607715158,-1.3483505135458598,-1.6502550653144228,-1.422099615666104,-0.18976764566979237,-1.179922746978839,-0.5679213184525476,0.23547640719702234,-0.04206732095324316,-0.5741711021426869,-0.2849207145028614,0.4335646883805892,-1.2428016485955102,-1.2331428624211547,0.662155836748919,0.24128097619036976,0.4602938157549807,-2.0208248459462896,-1.0328621639831796,-1.2015091704462484,-1.364065723153727,-0.714709043003405,-0.3237845678018942,-1.090316829248244,-0.1791884728649138,-0.5134143455389183,-1.1019386185673579
2008,-0.9039530018372914,-0.9034347113339405,-0.3021692284092361,-0.3705548823041946,-0.8009768164915196,-1.1721012159399748,-0.4632583847190916,-0.6605173455185154,-0.8532597348834409,-1.211154046454201,-1.527020130513101,-1.4043220254109805,-1.172607955475184,-0.7233438366524504,-1.5610098387471414,-0.43411630873077145,-1.1251521032770153,-0.7519095116945897,-0.7860738304954993,-0.8469842774658161,-0.929639110999957,-0.492140314204413,-1.6791051583729968,-1.3713492722060878,-0.28589016070879913,-0.2524627808621958,-0.7393534681385757,1.8185970866549488,0.041020396676126336,0.7498891262323923,-0.7984517995950113,0.10943540304018712,-1.0591337153282665,-1.0021683473715566,0.12364952744168085,0.10117768561589635,-0.9843996333036134,-1.9202398654163275,-1.301173974123427,-1.3644098546828654,-1.174918526161582,-0.7879323459380425,-0.3237845678018942,-0.5999493257898084,0.037917913435044345,-0.07146665205397201,-0.8710419674730374
2009,-1.0235380558990648,-0.8145285700387304,-0.6117426880173469,-0.9996154797792782,0.09442487800656332,-0.5747025422907008,-0.5565447939317799,-0.4580839094512297,-1.3222089922276121,-1.3627640273734312,-1.9547445101254914,-1.4188319568622871,-0.8097914588847762,-0.5887574834134073,-1.7071661653479837,-1.3581444392266777,-1.2646991612208465,-0.6979932502757206,-1.3585732618935324,-1.0907750042141369,-1.58091019121804,-0.8268406648560696,-2.0253062750758875,-0.7200531978025482,-0.4460943524404776,-1.239122319284156,-0.5228075948509612,0.6379647155337838,-0.4298100032236328,0.003791695957546033,-1.1719289523893024,-0.9787129120311616,-1.0197763010567142,-1.498335824144767,0.5642455986930573,-0.6483749189575392,-1.781471881060079,-1.990649351787301,-1.3727237901608262,-1.3644098546828654,-1.1985619257856002,-0.9657603673507343,-0.3237845678018942,-0.8210954548004754,0.6253822528349319,-0.7028204998896094,-1.2815249027518292
2010,-0.508402438402195,0.26850987846655516,-0.02974458395409845,-0.498696855863934,-0.1791700842011844,-0.7074578031016505,-0.14608459339595162,0.8577334249861291,-0.33071627669993553,-0.30149416093882103,-1.370187857988558,-0.8819644931639478,0.0745737515543433,-0.3868779535548428,-1.670627083697773,-0.12610693189880295,-0.8879221047725019,-0.5497235313738303,-0.8248873512682474,-1.4342983009958619,-0.7646504373447093,-0.5154915014591799,-0.727052087440048,-0.356342403005766,1.3481925949543199,-0.5089942608519057,0.6321037293496499,1.7112668710984802,-0.337490316968778,0.22446840068672588,-0.8357995148744405,-0.4577908463055157,-0.9410614725136097,-1.4213443191282342,0.33170878331038645,-1.068684790680961,-0.2620529087743161,-1.9604738576283123,-0.3173640036091861,-1.1291088663410855,-1.2340270252216272,-0.3067506409389944,0.012720108020788767,-0.6287944730520694,2.489942982234573,-0.4376518837986417,-0.8111798727448805
2011,-1.0695323074612852,-0.5154806402275696,-0.017361645569774285,-0.5219953965111593,-0.9129020283037798,-1.3269823535527494,-0.6498312031444683,-0.31638050420412944,-0.16993367418193406,0.08384787389755553,-1.1420681888619495,-1.1286333278361576,-0.4129609157390175,0.31970040095013236,-1.670627083697773,-0.9841330530735728,-0.8181485758005864,0.21858319384505454,-1.2130225589957275,-0.6364377407286299,-0.33046971719932056,-0.7334359158370025,-0.1500502262685632,-0.4493846993491287,-0.8145639934233379,0.6157976129491292,-0.32430721100398135,-0.13347120877834184,0.23489173781132114,0.3085357167740326,-0.9945273048120141,-0.49251898402055905,-1.360873891410167,-1.0706052407195854,1.4209601816818451,-0.4172044895096572,-1.619566580734547,-2.000707849840297,-0.4604636356839849,-1.310109626603993,-1.2222053254096183,-0.5054996060472968,0.05010951644553107,-0.7057148657514318,1.4044110507347811,-0.34926234510165216,-0.7684212336533395
2012,-1.1523219602732822,-0.8064461935573476,-0.7231891334762666,-0.7200329920125744,-0.46520118105473857,-1.039345955129025,-0.7804321760422316,-0.9236808124059873,-0.34411482690976897,-0.181469592711097,-1.1135532302211235,-1.0996134649335447,-0.7077493192187236,1.2505893441868459,-1.6340880020475625,-1.3581444392266777,-1.3344726901927622,-0.4014538124719404,-0.9510312937796785,-1.0686122108733804,0.4076375070478404,0.2083953034385888,0.17691749506194443,-0.5678021674224998,-0.9427273468086804,0.6157976129491292,-0.5949895526134994,1.9661761330450949,0.16103598880743733,0.22446840068672588,-0.7050825113964385,-0.08735737734505673,-1.3477547533196497,-1.1561513574046216,1.3964826221678803,-0.7604575514171183,0.49765657736856533,-1.8900643712573388,-0.2994765495998363,-1.3644098546828654,-1.2694921246576547,-1.1435883887634262,-0.29885829551873244,-0.8499406020627364,0.7530918918349068,-0.5765497303224818,-0.7427660501984151
2013,-0.8211633490252944,-0.5801396520786313,-0.5622109344800491,-0.13756947583194148,-0.45276504640893184,-1.0946606471335874,-0.23937100260863997,-0.5390572838781441,-1.1212307390801102,-0.32676249109202604,-1.5412776098335141,-1.070593602030932,-0.7304253502556242,-0.47660218904753815,-1.6340880020475625,0.40190914267028627,-0.42741681355785877,-0.5092863353096785,-0.8539974918478084,-1.6559262344034262,0.4510555790623791,-0.4298704815250353,-0.9770862272810243,0.04966034467436289,-1.1670132152330301,-0.4892610700834665,-0.23407976380080853,1.9795924099896534,0.410299141695545,0.3610777893285991,-0.8544733725141551,-0.9671368661261472,-1.5051844104058585,-1.566772717492796,0.7233497355338322,-0.6413697544288156,-0.4613209707134327,-1.8800058732043425,0.4339090647835067,-1.020508410183341,-1.3404223235297088,-1.3423373538717285,-0.5855104267750919,-0.7441750621011131,-0.7538818483648029,-1.6751054255564908,-1.580835376392615
2014,-0.7383736962132974,-0.6447986639296931,-0.06689339910707204,-0.23076363842084283,-0.7263600086166793,-1.039345955129025,-0.44460110287655397,-0.2961371605974008,-1.0274408876112757,-1.0974465607647785,-0.9709784370169935,-1.0996134649335447,-1.263312079622786,-0.5551108951036469,-1.5244707570969307,-0.21410961099365075,-1.01351445692195,-0.6845141849210032,-0.8831076324273694,-1.3678099209735923,0.3642194350333017,-0.7178684576671581,-1.5540880884525088,-0.11104907628235475,-0.38201267574780623,0.004068699127513662,-0.6310805314947686,3.012645734720674,0.27181961231326307,0.9390405874288325,-0.9945273048120141,-0.9555608202211329,-1.2690399247765451,-1.3700166491172125,1.6290194375505511,-1.9723510148863173,-2.6034526365589343,-2.101292830370259,-0.6751130837961828,-0.8395076499204336,-1.1276317269135456,-1.1749698043068424,-0.33624770394347503,-0.6095643748772287,0.5615274333349438,-1.0437515777208533,-1.2558697192969046
2015,-1.0695323074612852,-0.8711052054084095,-0.5002962425584269,-0.5452939371583847,-1.1740608558657206,-1.183164154340887,-0.8177467397273069,-0.336623847810858,-0.8599590099883575,-1.2048369639158998,-1.6695949237172314,-1.476871682667513,-2.1590153055803554,-1.34019795566473,-1.8350529511237208,-0.9621323832998607,-1.6693856292579572,-0.7114723156304379,-0.8928110126205564,-0.9910424341807328,-0.9383227254028645,-0.32089827433612383,-1.9002892051553992,-0.5593437768458301,-1.4073195028305476,-1.4364542269685483,-1.0280812991887287,-0.1670119011397385,-0.3467222855942635,0.045825354001199387,-1.498721461084307,-1.163929646511391,-1.8331628626687941,-1.934621019238452,0.19708220598357648,-1.5030049914618298,-2.902354729467609,-2.101292830370259,-1.623148146291724,-1.328209702630284,-1.3877091227777452,-1.1540488606112316,-0.8970888303146132,-1.157622172860186,-0.5240044981648475,-2.167561426868288,-1.0335247960208924
2016,-1.7594460808945933,-0.03862042782598875,-0.3021692284092361,0.0022217680514105506,-1.397911279490241,-1.2384788463454497,-0.6498312031444683,-0.3973538786310439,-2.280205332230705,-2.158716427199389,-1.5697925684743401,-1.6655007915344968,-2.4651417245785123,-1.5532930149598816,-2.200443767625827,-1.8421591742483427,-2.646215034864776,-2.302002027487077,-0.7569636899159385,-0.8913098641473289,-1.0338424838348503,-0.710084728582236,-1.1982702740634266,-1.0245552585626447,-1.6636462096012332,-0.6668597869994195,-0.23407976380080853,0.7855437619239293,-0.5128977208530019,-1.1416254857320067,-1.4146891017055914,-0.8976805906960611,-1.6363757913110328,-1.335798202443198,1.188423366299174,0.05914669844355383,0.02439493026316384,-2.1214098264762518,-0.2994765495998363,-2.269413655997403,-0.06958959373873397,-0.1550737991458164,-0.49826847378402594,-1.5422241363569982,0.5742983972349416,-2.1801885038250006,-1.692007838030621
2017,-1.6674575777701521,-0.9680937231850023,-0.8346355789351865,-0.463749044893096,-1.3606028755528212,-1.526115244769174,-0.8177467397273069,-0.6402740019117867,-1.8916473761455344,-2.0197406113567613,-1.8121697169213615,-0.21450764640385023,-2.5331698176892137,-1.5420774855232946,-2.017748359374774,-0.9841330530735728,-2.422939742154646,-2.1806904392946214,-0.9704380541660526,-0.9023912608177072,-0.6604470645098159,-0.9669477883846699,-1.4579211115905946,-1.3036821475927334,-1.279156149445205,0.3000665606541016,-1.2536499171966604,-0.23409328586253175,-0.3836501600962054,0.2875188877522059,-1.125244308290016,-1.3838745187066637,-1.7806863103067245,-1.7293103391943652,1.3720050626539149,0.05914669844355383,0.02439493026316384,-2.131468324529248,-0.2994765495998363,0.02929599934152252,-0.06958959373873397,-0.1550737991458164,-1.0840358724383259,-1.2056974182972877,-0.19195943676491106,-1.8392574259937566,-1.7689733883953944
2018,-1.7134518293323728,-0.6852105463366068,-1.082294346621675,-0.8132271546014758,-1.4103474141360481,-1.039345955129025,-1.3028360676332862,-1.6726845258549454,-0.17998258683930896,-0.12145730859723525,-0.11552967779221278,-0.21450764640385023,-2.907324329798072,-2.71970807636492,-2.5110259616526167,-1.2921424299055415,-2.9113544449580555,-2.3828764196153807,-1.1645056580297926,-1.0132052275214893,-1.8587858521110887,-1.356134242630782,-1.4675378092767861,-1.3375157098994108,-1.6155849520817296,-0.17353001778843935,-1.100263256951267,-1.3744768261500218,-0.5775215012314002,-0.8368814649155201,-1.2839720982275897,-1.592243344996922,-2.5809537338282866,-2.3024693209841085,0.6009619379640052,0.05914669844355383,0.02439493026316384,0.12163523934190233,-0.2994765495998363,0.02929599934152252,-0.06958959373873397,-0.1550737991458164,-0.08698498111185811,-0.2490000340989673,-0.19195943676491106,-3.2029817373187335,-0.18690374200838467
2019,-1.5018782721461583,-0.6124691580041622,-0.7355720718605909,-0.9646676688084402,-1.037263374761847,-0.7517095567053005,-2.1797283142325563,-2.522904957337546,-0.17998258683930896,-0.12145730859723525,-0.11552967779221278,-0.21450764640385023,-3.1680986867224274,-2.484181958196595,-2.4927564208275115,-0.12610693189880295,-2.883445033369289,-2.490708942453119,-1.0286583353251744,-1.0353680208622458,-1.81536778009655,-0.772354561261614,-0.9770862272810243,-1.1683478983660236,-0.8305844125965056,0.5960644221806894,-0.7393534681385757,-0.2877583936407666,0.08718023980355352,-1.1311170712210934,-1.3773413864261623,-1.3375703350866062,-2.502238905285182,-2.0201671359234887,0.19708220598357648,0.05914669844355383,0.02439493026316384,0.12163523934190233,-0.2994765495998363,0.02929599934152252,-0.06958959373873397,-0.1550737991458164,-0.08698498111185811,-0.2490000340989673,-0.19195943676491106,-3.1272192755784567,-0.18690374200838467
2020,-1.474281721208826,-1.0489174879988294,-0.5745938728643735,-1.209302345604306,-0.22269655546150777,-0.22068851346150148,-2.440930260028083,-2.4216882393039034,-0.17998258683930896,-0.12145730859723525,-0.11552967779221278,-0.21450764640385023,-2.7032400504659675,-2.4056732521404864,0.08324883551233525,-0.12610693189880295,-0.03668505131513078,-2.490708942453119,-0.9025143928137435,-1.101856400884515,-1.311718144727899,-0.9124616847902143,0.9847201007020223,-0.23792493493239494,-1.3912990836573798,1.83925544059236,-0.7573989575792103,-0.11334679336150362,-0.3744181914707199,-0.08027562012976067,-1.0318750200914433,-1.360722426896635,-2.2923326958369032,-1.9773940775809706,-0.023215829642111514,0.05914669844355383,0.02439493026316384,0.12163523934190233,-0.2994765495998363,0.02929599934152252,-0.06958959373873397,-0.1550737991458164,-0.08698498111185811,-0.2490000340989673,-0.19195943676491106,-0.04621249814054649,-0.18690374200838467
