age_CE,433011_raw,433012_raw,433021_raw,433022_raw,433031_raw,433032_raw,433041_raw,433042_raw,433061_raw,433071_raw,433072_raw,433091_raw,433092_raw,433111_raw,433121_raw,433131_raw,433141_raw,433151_raw,433161_raw,433171_raw,433181_raw,433011_raw_outlier_flag,433012_raw_outlier_flag,433021_raw_outlier_flag,433022_raw_outlier_flag,433031_raw_outlier_flag,433032_raw_outlier_flag,433041_raw_outlier_flag,433042_raw_outlier_flag,433061_raw_outlier_flag,433071_raw_outlier_flag,433072_raw_outlier_flag,433091_raw_outlier_flag,433092_raw_outlier_flag,433111_raw_outlier_flag,433121_raw_outlier_flag,433131_raw_outlier_flag,433141_raw_outlier_flag,433151_raw_outlier_flag,433161_raw_outlier_flag,433171_raw_outlier_flag,433181_raw_outlier_flag
1599,NA,NA,NA,NA,NA,NA,NA,NA,NA,NA,NA,NA,NA,2.54,NA,NA,NA,NA,NA,NA,NA,NA,NA,NA,NA,NA,NA,NA,NA,NA,NA,NA,NA,NA,TRUE,NA,NA,NA,NA,NA,NA,NA
1600,NA,NA,NA,NA,NA,NA,NA,NA,NA,NA,NA,NA,NA,1.84,NA,NA,NA,NA,NA,NA,NA,NA,NA,NA,NA,NA,NA,NA,NA,NA,NA,NA,NA,NA,TRUE,NA,NA,NA,NA,NA,NA,NA
1601,NA,NA,NA,NA,NA,NA,NA,NA,NA,NA,NA,NA,NA,1.16,NA,NA,NA,NA,NA,NA,NA,NA,NA,NA,NA,NA,NA,NA,NA,NA,NA,NA,NA,NA,FALSE,NA,NA,NA,NA,NA,NA,NA
1602,NA,NA,NA,NA,NA,NA,NA,NA,NA,NA,NA,NA,NA,1.02,NA,NA,NA,NA,NA,NA,NA,NA,NA,NA,NA,NA,NA,NA,NA,NA,NA,NA,NA,NA,FALSE,NA,NA,NA,NA,NA,NA,NA
1603,NA,NA,NA,NA,NA,NA,NA,NA,NA,NA,NA,NA,NA,0.88,NA,NA,NA,NA,NA,NA,NA,NA,NA,NA,NA,NA,NA,NA,NA,NA,NA,NA,NA,NA,FALSE,NA,NA,NA,NA,NA,NA,NA
1604,NA,NA,NA,NA,NA,NA,NA,NA,NA,NA,NA,NA,NA,0.6,NA,NA,NA,NA,NA,NA,NA,NA,NA,NA,NA,NA,NA,NA,NA,NA,NA,NA,NA,NA,FALSE,NA,NA,NA,NA,NA,NA,NA
1605,NA,NA,NA,NA,NA,NA,NA,NA,NA,NA,NA,NA,NA,0.68,NA,NA,NA,NA,NA,NA,NA,NA,NA,NA,NA,NA,NA,NA,NA,NA,NA,NA,NA,NA,FALSE,NA,NA,NA,NA,NA,NA,NA
1606,NA,NA,NA,NA,NA,NA,NA,NA,NA,NA,NA,NA,NA,0.62,NA,NA,NA,NA,NA,NA,NA,NA,NA,NA,NA,NA,NA,NA,NA,NA,NA,NA,NA,NA,FALSE,NA,NA,NA,NA,NA,NA,NA
1607,NA,NA,NA,NA,NA,NA,NA,NA,NA,NA,NA,NA,NA,0.53,NA,NA,NA,NA,NA,NA,NA,NA,NA,NA,NA,NA,NA,NA,NA,NA,NA,NA,NA,NA,FALSE,NA,NA,NA,NA,NA,NA,NA
1608,NA,NA,NA,NA,NA,NA,NA,NA,NA,NA,NA,NA,NA,0.62,NA,NA,NA,NA,NA,NA,NA,NA,NA,NA,NA,NA,NA,NA,NA,NA,NA,NA,NA,NA,FALSE,NA,NA,NA,NA,NA,NA,NA
1609,NA,NA,NA,NA,NA,NA,NA,NA,NA,NA,NA,NA,NA,0.66,NA,NA,NA,NA,NA,NA,NA,NA,NA,NA,NA,NA,NA,NA,NA,NA,NA,NA,NA,NA,FALSE,NA,NA,NA,NA,NA,NA,NA
1610,NA,NA,NA,NA,NA,NA,NA,NA,NA,NA,NA,NA,NA,0.53,NA,NA,NA,NA,NA,NA,NA,NA,NA,NA,NA,NA,NA,NA,NA,NA,NA,NA,NA,NA,FALSE,NA,NA,NA,NA,NA,NA,NA
1611,NA,NA,NA,NA,NA,NA,NA,NA,NA,NA,NA,NA,NA,0.69,NA,NA,NA,NA,NA,NA,NA,NA,NA,NA,NA,NA,NA,NA,NA,NA,NA,NA,NA,NA,FALSE,NA,NA,NA,NA,NA,NA,NA
1612,NA,NA,NA,NA,NA,NA,NA,NA,NA,NA,NA,NA,NA,0.68,NA,NA,NA,NA,NA,NA,NA,NA,NA,NA,NA,NA,NA,NA,NA,NA,NA,NA,NA,NA,FALSE,NA,NA,NA,NA,NA,NA,NA
1613,NA,NA,NA,NA,NA,NA,NA,NA,NA,NA,NA,NA,NA,0.55,NA,NA,NA,NA,NA,NA,NA,NA,NA,NA,NA,NA,NA,NA,NA,NA,NA,NA,NA,NA,FALSE,NA,NA,NA,NA,NA,NA,NA
1614,NA,NA,NA,NA,NA,NA,NA,NA,NA,NA,NA,NA,NA,0.42,NA,NA,NA,NA,NA,NA,NA,NA,NA,NA,NA,NA,NA,NA,NA,NA,NA,NA,NA,NA,FALSE,NA,NA,NA,NA,NA,NA,NA
1615,NA,NA,NA,NA,NA,NA,NA,NA,NA,NA,NA,NA,NA,0.55,NA,NA,NA,NA,NA,NA,NA,NA,NA,NA,NA,NA,NA,NA,NA,NA,NA,NA,NA,NA,FALSE,NA,NA,NA,NA,NA,NA,NA
1616,NA,NA,NA,NA,NA,NA,NA,NA,NA,NA,NA,NA,NA,0.61,NA,NA,NA,NA,NA,NA,NA,NA,NA,NA,NA,NA,NA,NA,NA,NA,NA,NA,NA,NA,FALSE,NA,NA,NA,NA,NA,NA,NA
1617,NA,NA,NA,NA,NA,NA,NA,NA,NA,NA,NA,NA,NA,0.45,NA,NA,NA,NA,NA,NA,NA,NA,NA,NA,NA,NA,NA,NA,NA,NA,NA,NA,NA,NA,FALSE,NA,NA,NA,NA,NA,NA,NA
1618,NA,NA,NA,NA,NA,NA,NA,NA,NA,NA,NA,NA,NA,1.2,NA,NA,NA,NA,NA,NA,NA,NA,NA,NA,NA,NA,NA,NA,NA,NA,NA,NA,NA,NA,FALSE,NA,NA,NA,NA,NA,NA,NA
1619,NA,NA,NA,NA,NA,NA,NA,NA,NA,NA,NA,NA,NA,0.73,NA,NA,NA,NA,NA,NA,NA,NA,NA,NA,NA,NA,NA,NA,NA,NA,NA,NA,NA,NA,FALSE,NA,NA,NA,NA,NA,NA,NA
1620,NA,NA,NA,NA,NA,NA,NA,NA,NA,NA,NA,NA,NA,0.79,NA,NA,NA,NA,NA,NA,NA,NA,NA,NA,NA,NA,NA,NA,NA,NA,NA,NA,NA,NA,FALSE,NA,NA,NA,NA,NA,NA,NA
1621,NA,NA,NA,NA,NA,NA,NA,NA,NA,NA,NA,NA,NA,1.23,NA,NA,NA,NA,NA,NA,NA,NA,NA,NA,NA,NA,NA,NA,NA,NA,NA,NA,NA,NA,FALSE,NA,NA,NA,NA,NA,NA,NA
1622,NA,NA,NA,NA,NA,NA,NA,NA,NA,NA,NA,NA,NA,0.75,NA,NA,NA,NA,NA,NA,NA,NA,NA,NA,NA,NA,NA,NA,NA,NA,NA,NA,NA,NA,FALSE,NA,NA,NA,NA,NA,NA,NA
1623,NA,NA,NA,NA,NA,NA,NA,NA,NA,NA,NA,NA,NA,0.53,NA,NA,NA,NA,NA,NA,NA,NA,NA,NA,NA,NA,NA,NA,NA,NA,NA,NA,NA,NA,FALSE,NA,NA,NA,NA,NA,NA,NA
1624,NA,NA,NA,NA,NA,NA,NA,NA,NA,NA,NA,NA,NA,0.28,NA,NA,NA,NA,NA,NA,NA,NA,NA,NA,NA,NA,NA,NA,NA,NA,NA,NA,NA,NA,FALSE,NA,NA,NA,NA,NA,NA,NA
1625,NA,NA,NA,NA,NA,NA,NA,NA,NA,NA,NA,NA,NA,0.27,NA,NA,NA,NA,NA,NA,NA,NA,NA,NA,NA,NA,NA,NA,NA,NA,NA,NA,NA,NA,FALSE,NA,NA,NA,NA,NA,NA,NA
1626,NA,NA,NA,NA,NA,NA,NA,NA,NA,NA,NA,NA,NA,0.34,NA,NA,NA,NA,NA,NA,NA,NA,NA,NA,NA,NA,NA,NA,NA,NA,NA,NA,NA,NA,FALSE,NA,NA,NA,NA,NA,NA,NA
1627,NA,NA,NA,NA,NA,NA,NA,NA,NA,NA,NA,NA,NA,0.73,NA,NA,NA,NA,NA,NA,NA,NA,NA,NA,NA,NA,NA,NA,NA,NA,NA,NA,NA,NA,FALSE,NA,NA,NA,NA,NA,NA,NA
1628,NA,NA,NA,NA,NA,NA,NA,NA,NA,NA,NA,NA,NA,0.79,NA,NA,NA,NA,NA,NA,NA,NA,NA,NA,NA,NA,NA,NA,NA,NA,NA,NA,NA,NA,FALSE,NA,NA,NA,NA,NA,NA,NA
1629,NA,NA,NA,NA,NA,NA,NA,NA,NA,NA,NA,NA,NA,1.15,NA,NA,NA,NA,NA,NA,NA,NA,NA,NA,NA,NA,NA,NA,NA,NA,NA,NA,NA,NA,FALSE,NA,NA,NA,NA,NA,NA,NA
1630,NA,NA,NA,NA,NA,NA,NA,NA,NA,NA,NA,NA,NA,1.5,NA,NA,NA,NA,NA,NA,NA,NA,NA,NA,NA,NA,NA,NA,NA,NA,NA,NA,NA,NA,FALSE,NA,NA,NA,NA,NA,NA,NA
1631,NA,NA,NA,NA,NA,NA,NA,NA,NA,NA,NA,NA,NA,1.36,NA,NA,NA,NA,NA,NA,NA,NA,NA,NA,NA,NA,NA,NA,NA,NA,NA,NA,NA,NA,FALSE,NA,NA,NA,NA,NA,NA,NA
1632,NA,NA,NA,NA,NA,NA,NA,NA,NA,NA,NA,NA,NA,1.02,NA,NA,NA,NA,NA,NA,NA,NA,NA,NA,NA,NA,NA,NA,NA,NA,NA,NA,NA,NA,FALSE,NA,NA,NA,NA,NA,NA,NA
1633,NA,NA,NA,NA,NA,NA,NA,NA,NA,NA,NA,NA,NA,1.08,NA,NA,NA,NA,NA,NA,NA,NA,NA,NA,NA,NA,NA,NA,NA,NA,NA,NA,NA,NA,FALSE,NA,NA,NA,NA,NA,NA,NA
1634,NA,NA,NA,NA,NA,NA,NA,NA,NA,NA,NA,NA,NA,1.14,NA,NA,NA,NA,NA,NA,NA,NA,NA,NA,NA,NA,NA,NA,NA,NA,NA,NA,NA,NA,FALSE,NA,NA,NA,NA,NA,NA,NA
1635,NA,NA,NA,NA,NA,NA,NA,NA,NA,NA,NA,NA,NA,0.65,NA,NA,NA,NA,NA,NA,NA,NA,NA,NA,NA,NA,NA,NA,NA,NA,NA,NA,NA,NA,FALSE,NA,NA,NA,NA,NA,NA,NA
1636,NA,NA,NA,NA,NA,NA,NA,NA,NA,NA,NA,NA,NA,0.44,NA,NA,NA,NA,NA,NA,NA,NA,NA,NA,NA,NA,NA,NA,NA,NA,NA,NA,NA,NA,FALSE,NA,NA,NA,NA,NA,NA,NA
1637,NA,NA,NA,NA,NA,NA,NA,NA,NA,NA,NA,NA,NA,0.35,NA,NA,NA,NA,NA,NA,NA,NA,NA,NA,NA,NA,NA,NA,NA,NA,NA,NA,NA,NA,FALSE,NA,NA,NA,NA,NA,NA,NA
1638,NA,NA,NA,NA,NA,NA,NA,NA,NA,NA,NA,NA,NA,0.16,NA,NA,NA,NA,NA,NA,NA,NA,NA,NA,NA,NA,NA,NA,NA,NA,NA,NA,NA,NA,FALSE,NA,NA,NA,NA,NA,NA,NA
1639,NA,NA,NA,NA,NA,NA,NA,NA,NA,NA,NA,NA,NA,0.25,NA,NA,NA,NA,NA,NA,NA,NA,NA,NA,NA,NA,NA,NA,NA,NA,NA,NA,NA,NA,FALSE,NA,NA,NA,NA,NA,NA,NA
1640,NA,NA,NA,NA,NA,NA,NA,NA,NA,NA,NA,NA,NA,0.37,NA,NA,NA,NA,NA,NA,NA,NA,NA,NA,NA,NA,NA,NA,NA,NA,NA,NA,NA,NA,FALSE,NA,NA,NA,NA,NA,NA,NA
1641,NA,NA,NA,NA,NA,NA,NA,NA,NA,NA,NA,NA,NA,0.48,NA,NA,NA,NA,NA,NA,NA,NA,NA,NA,NA,NA,NA,NA,NA,NA,NA,NA,NA,NA,FALSE,NA,NA,NA,NA,NA,NA,NA
1642,NA,NA,NA,NA,NA,NA,NA,NA,NA,NA,NA,NA,NA,0.48,NA,NA,NA,NA,NA,NA,NA,NA,NA,NA,NA,NA,NA,NA,NA,NA,NA,NA,NA,NA,FALSE,NA,NA,NA,NA,NA,NA,NA
1643,NA,NA,NA,NA,NA,NA,NA,NA,NA,NA,NA,NA,NA,0.5,NA,NA,NA,NA,NA,NA,NA,NA,NA,NA,NA,NA,NA,NA,NA,NA,NA,NA,NA,NA,FALSE,NA,NA,NA,NA,NA,NA,NA
1644,NA,NA,NA,NA,NA,NA,NA,NA,NA,NA,NA,NA,NA,0.58,NA,NA,NA,NA,NA,NA,NA,NA,NA,NA,NA,NA,NA,NA,NA,NA,NA,NA,NA,NA,FALSE,NA,NA,NA,NA,NA,NA,NA
1645,NA,NA,NA,NA,NA,NA,NA,NA,NA,NA,NA,NA,NA,0.62,NA,NA,NA,NA,NA,NA,NA,NA,NA,NA,NA,NA,NA,NA,NA,NA,NA,NA,NA,NA,FALSE,NA,NA,NA,NA,NA,NA,NA
1646,NA,NA,NA,NA,NA,NA,NA,NA,NA,NA,NA,NA,NA,0.62,NA,NA,NA,NA,NA,NA,NA,NA,NA,NA,NA,NA,NA,NA,NA,NA,NA,NA,NA,NA,FALSE,NA,NA,NA,NA,NA,NA,NA
1647,NA,NA,NA,NA,NA,NA,NA,NA,NA,NA,NA,NA,NA,0.38,NA,NA,NA,NA,NA,NA,NA,NA,NA,NA,NA,NA,NA,NA,NA,NA,NA,NA,NA,NA,FALSE,NA,NA,NA,NA,NA,NA,NA
1648,NA,NA,NA,NA,NA,NA,NA,NA,NA,NA,NA,NA,NA,0.24,NA,NA,NA,NA,NA,NA,NA,NA,NA,NA,NA,NA,NA,NA,NA,NA,NA,NA,NA,NA,FALSE,NA,NA,NA,NA,NA,NA,NA
1649,NA,NA,NA,NA,NA,NA,NA,NA,NA,NA,NA,NA,NA,0.46,NA,NA,NA,NA,NA,NA,NA,NA,NA,NA,NA,NA,NA,NA,NA,NA,NA,NA,NA,NA,FALSE,NA,NA,NA,NA,NA,NA,NA
1650,NA,NA,NA,NA,NA,NA,NA,NA,NA,NA,NA,NA,NA,0.42,NA,NA,NA,NA,NA,NA,NA,NA,NA,NA,NA,NA,NA,NA,NA,NA,NA,NA,NA,NA,FALSE,NA,NA,NA,NA,NA,NA,NA
1651,NA,NA,NA,NA,NA,NA,NA,NA,NA,NA,NA,NA,NA,0.58,NA,NA,NA,NA,NA,NA,NA,NA,NA,NA,NA,NA,NA,NA,NA,NA,NA,NA,NA,NA,FALSE,NA,NA,NA,NA,NA,NA,NA
1652,NA,NA,NA,NA,NA,NA,NA,NA,NA,NA,NA,NA,NA,0.38,NA,NA,NA,NA,NA,NA,NA,NA,NA,NA,NA,NA,NA,NA,NA,NA,NA,NA,NA,NA,FALSE,NA,NA,NA,NA,NA,NA,NA
1653,NA,NA,NA,NA,NA,NA,NA,NA,NA,NA,NA,NA,NA,0.69,NA,NA,NA,NA,NA,NA,NA,NA,NA,NA,NA,NA,NA,NA,NA,NA,NA,NA,NA,NA,FALSE,NA,NA,NA,NA,NA,NA,NA
1654,NA,NA,NA,NA,NA,NA,NA,NA,NA,NA,NA,NA,NA,0.46,NA,NA,NA,NA,NA,NA,NA,NA,NA,NA,NA,NA,NA,NA,NA,NA,NA,NA,NA,NA,FALSE,NA,NA,NA,NA,NA,NA,NA
1655,NA,NA,NA,NA,NA,NA,NA,NA,NA,NA,NA,NA,NA,0.73,NA,NA,NA,NA,NA,NA,NA,NA,NA,NA,NA,NA,NA,NA,NA,NA,NA,NA,NA,NA,FALSE,NA,NA,NA,NA,NA,NA,NA
1656,NA,NA,NA,NA,NA,NA,NA,NA,NA,NA,NA,NA,NA,0.91,NA,NA,NA,NA,NA,NA,NA,NA,NA,NA,NA,NA,NA,NA,NA,NA,NA,NA,NA,NA,FALSE,NA,NA,NA,NA,NA,NA,NA
1657,NA,NA,NA,NA,NA,NA,NA,NA,NA,NA,NA,NA,NA,0.76,NA,NA,NA,NA,NA,NA,NA,NA,NA,NA,NA,NA,NA,NA,NA,NA,NA,NA,NA,NA,FALSE,NA,NA,NA,NA,NA,NA,NA
1658,NA,NA,NA,NA,NA,NA,NA,NA,NA,NA,NA,NA,NA,0.99,NA,NA,NA,NA,NA,NA,NA,NA,NA,NA,NA,NA,NA,NA,NA,NA,NA,NA,NA,NA,FALSE,NA,NA,NA,NA,NA,NA,NA
1659,NA,NA,NA,NA,NA,NA,NA,NA,NA,NA,NA,NA,NA,1.23,NA,NA,NA,NA,NA,NA,NA,NA,NA,NA,NA,NA,NA,NA,NA,NA,NA,NA,NA,NA,FALSE,NA,NA,NA,NA,NA,NA,NA
1660,NA,NA,NA,NA,NA,NA,NA,NA,NA,NA,NA,NA,NA,1.6,NA,NA,NA,NA,NA,NA,NA,NA,NA,NA,NA,NA,NA,NA,NA,NA,NA,NA,NA,NA,TRUE,NA,NA,NA,NA,NA,NA,NA
1661,NA,NA,NA,NA,NA,NA,NA,NA,NA,NA,NA,NA,NA,1.47,NA,NA,NA,NA,NA,NA,NA,NA,NA,NA,NA,NA,NA,NA,NA,NA,NA,NA,NA,NA,FALSE,NA,NA,NA,NA,NA,NA,NA
1662,NA,NA,NA,NA,NA,NA,NA,NA,NA,NA,NA,NA,NA,1.33,NA,NA,NA,NA,NA,NA,NA,NA,NA,NA,NA,NA,NA,NA,NA,NA,NA,NA,NA,NA,FALSE,NA,NA,NA,NA,NA,NA,NA
1663,NA,NA,NA,NA,NA,NA,NA,NA,NA,NA,NA,NA,NA,1.04,NA,NA,NA,NA,NA,NA,NA,NA,NA,NA,NA,NA,NA,NA,NA,NA,NA,NA,NA,NA,FALSE,NA,NA,NA,NA,NA,NA,NA
1664,1.75,NA,NA,NA,NA,NA,NA,NA,NA,NA,NA,NA,NA,1.3,NA,NA,NA,NA,NA,NA,NA,TRUE,NA,NA,NA,NA,NA,NA,NA,NA,NA,NA,NA,NA,FALSE,NA,NA,NA,NA,NA,NA,NA
1665,1.86,NA,NA,NA,NA,NA,NA,NA,NA,NA,NA,NA,NA,1.08,NA,NA,NA,NA,NA,NA,1.93,TRUE,NA,NA,NA,NA,NA,NA,NA,NA,NA,NA,NA,NA,FALSE,NA,NA,NA,NA,NA,NA,TRUE
1666,1.07,NA,NA,NA,NA,NA,NA,NA,NA,NA,NA,NA,NA,0.9,NA,NA,NA,NA,NA,NA,1.92,FALSE,NA,NA,NA,NA,NA,NA,NA,NA,NA,NA,NA,NA,FALSE,NA,NA,NA,NA,NA,NA,TRUE
1667,0.64,NA,NA,NA,NA,NA,NA,NA,NA,NA,NA,NA,NA,1.1,NA,NA,NA,NA,NA,NA,1.11,FALSE,NA,NA,NA,NA,NA,NA,NA,NA,NA,NA,NA,NA,FALSE,NA,NA,NA,NA,NA,NA,FALSE
1668,0.67,NA,NA,NA,NA,NA,NA,NA,NA,NA,NA,NA,NA,1.04,NA,NA,NA,NA,NA,NA,0.76,FALSE,NA,NA,NA,NA,NA,NA,NA,NA,NA,NA,NA,NA,FALSE,NA,NA,NA,NA,NA,NA,FALSE
1669,0.59,NA,NA,NA,NA,NA,NA,NA,NA,NA,NA,NA,NA,0.98,NA,NA,NA,NA,NA,NA,0.85,FALSE,NA,NA,NA,NA,NA,NA,NA,NA,NA,NA,NA,NA,FALSE,NA,NA,NA,NA,NA,NA,FALSE
1670,0.35,NA,NA,NA,NA,NA,NA,NA,NA,NA,NA,NA,NA,0.49,NA,NA,NA,NA,NA,NA,0.38,FALSE,NA,NA,NA,NA,NA,NA,NA,NA,NA,NA,NA,NA,FALSE,NA,NA,NA,NA,NA,NA,FALSE
1671,0.73,NA,NA,NA,NA,NA,NA,NA,NA,NA,NA,NA,NA,0.93,NA,NA,NA,NA,NA,NA,1.13,FALSE,NA,NA,NA,NA,NA,NA,NA,NA,NA,NA,NA,NA,FALSE,NA,NA,NA,NA,NA,NA,FALSE
1672,0.57,NA,NA,NA,NA,NA,NA,NA,NA,NA,NA,NA,NA,1.57,NA,NA,NA,NA,NA,NA,1.33,FALSE,NA,NA,NA,NA,NA,NA,NA,NA,NA,NA,NA,NA,FALSE,NA,NA,NA,NA,NA,NA,FALSE
1673,0.59,NA,NA,NA,NA,NA,NA,NA,NA,NA,NA,NA,NA,1.07,NA,NA,NA,NA,NA,NA,1.47,FALSE,NA,NA,NA,NA,NA,NA,NA,NA,NA,NA,NA,NA,FALSE,NA,NA,NA,NA,NA,NA,FALSE
1674,0.79,NA,NA,NA,NA,NA,NA,NA,NA,NA,NA,NA,NA,1.21,NA,NA,NA,NA,NA,NA,1.56,FALSE,NA,NA,NA,NA,NA,NA,NA,NA,NA,NA,NA,NA,FALSE,NA,NA,NA,NA,NA,NA,FALSE
1675,0.61,NA,NA,NA,NA,NA,NA,NA,NA,NA,NA,NA,NA,1.14,NA,NA,NA,NA,NA,NA,1.71,FALSE,NA,NA,NA,NA,NA,NA,NA,NA,NA,NA,NA,NA,FALSE,NA,NA,NA,NA,NA,NA,FALSE
1676,0.59,NA,NA,NA,NA,NA,NA,NA,NA,NA,NA,NA,NA,1.18,NA,NA,NA,NA,NA,NA,0.93,FALSE,NA,NA,NA,NA,NA,NA,NA,NA,NA,NA,NA,NA,FALSE,NA,NA,NA,NA,NA,NA,FALSE
1677,0.95,NA,NA,NA,NA,NA,NA,NA,NA,NA,NA,NA,NA,1.12,NA,NA,NA,NA,NA,NA,1.25,FALSE,NA,NA,NA,NA,NA,NA,NA,NA,NA,NA,NA,NA,FALSE,NA,NA,NA,NA,NA,NA,FALSE
1678,0.75,NA,NA,NA,NA,NA,NA,NA,NA,NA,NA,NA,NA,0.87,NA,NA,NA,NA,NA,NA,0.8,FALSE,NA,NA,NA,NA,NA,NA,NA,NA,NA,NA,NA,NA,FALSE,NA,NA,NA,NA,NA,NA,FALSE
1679,0.51,NA,NA,NA,NA,NA,NA,NA,NA,NA,NA,NA,NA,0.86,NA,NA,NA,NA,NA,NA,1.72,FALSE,NA,NA,NA,NA,NA,NA,NA,NA,NA,NA,NA,NA,FALSE,NA,NA,NA,NA,NA,NA,FALSE
1680,0.95,NA,NA,NA,NA,NA,NA,NA,NA,NA,NA,NA,NA,0.92,NA,NA,NA,NA,NA,NA,1.77,FALSE,NA,NA,NA,NA,NA,NA,NA,NA,NA,NA,NA,NA,FALSE,NA,NA,NA,NA,NA,NA,FALSE
1681,0.54,NA,NA,NA,NA,NA,NA,NA,NA,NA,NA,NA,NA,0.8,NA,NA,NA,NA,NA,NA,1.08,FALSE,NA,NA,NA,NA,NA,NA,NA,NA,NA,NA,NA,NA,FALSE,NA,NA,NA,NA,NA,NA,FALSE
1682,0.54,NA,NA,NA,NA,NA,NA,NA,NA,NA,NA,NA,NA,0.62,NA,NA,NA,NA,NA,NA,1.09,FALSE,NA,NA,NA,NA,NA,NA,NA,NA,NA,NA,NA,NA,FALSE,NA,NA,NA,NA,NA,NA,FALSE
1683,0.98,NA,NA,NA,NA,NA,NA,NA,NA,NA,NA,NA,NA,0.68,NA,NA,NA,NA,NA,NA,1.05,FALSE,NA,NA,NA,NA,NA,NA,NA,NA,NA,NA,NA,NA,FALSE,NA,NA,NA,NA,NA,NA,FALSE
1684,0.4,NA,NA,NA,NA,NA,NA,NA,NA,NA,NA,NA,NA,0.49,NA,NA,NA,NA,NA,NA,0.7,FALSE,NA,NA,NA,NA,NA,NA,NA,NA,NA,NA,NA,NA,FALSE,NA,NA,NA,NA,NA,NA,FALSE
1685,0.15,NA,NA,NA,NA,NA,NA,NA,NA,NA,NA,NA,NA,0.37,NA,NA,NA,NA,NA,NA,0.29,FALSE,NA,NA,NA,NA,NA,NA,NA,NA,NA,NA,NA,NA,FALSE,NA,NA,NA,NA,NA,NA,FALSE
1686,0.67,NA,NA,NA,NA,NA,NA,NA,NA,NA,NA,NA,NA,0.65,NA,NA,NA,NA,NA,NA,0.9,FALSE,NA,NA,NA,NA,NA,NA,NA,NA,NA,NA,NA,NA,FALSE,NA,NA,NA,NA,NA,NA,FALSE
1687,0.7,NA,NA,NA,NA,NA,NA,NA,NA,NA,NA,NA,NA,1.04,NA,NA,NA,NA,NA,NA,0.88,FALSE,NA,NA,NA,NA,NA,NA,NA,NA,NA,NA,NA,NA,FALSE,NA,NA,NA,NA,NA,NA,FALSE
1688,0.77,NA,NA,NA,NA,NA,NA,NA,NA,NA,NA,NA,NA,1.4,NA,NA,NA,NA,NA,NA,1,FALSE,NA,NA,NA,NA,NA,NA,NA,NA,NA,NA,NA,NA,FALSE,NA,NA,NA,NA,NA,NA,FALSE
1689,0.73,NA,NA,NA,NA,NA,NA,NA,NA,NA,NA,NA,NA,1.49,NA,NA,NA,NA,NA,NA,1.21,FALSE,NA,NA,NA,NA,NA,NA,NA,NA,NA,NA,NA,NA,FALSE,NA,NA,NA,NA,NA,NA,FALSE
1690,0.95,NA,NA,NA,NA,NA,NA,NA,NA,NA,NA,NA,NA,1.38,NA,NA,NA,NA,NA,NA,1.34,FALSE,NA,NA,NA,NA,NA,NA,NA,NA,NA,NA,NA,NA,FALSE,NA,NA,NA,NA,NA,NA,FALSE
1691,0.75,NA,NA,NA,NA,NA,NA,NA,NA,NA,NA,NA,NA,1,NA,NA,NA,NA,NA,NA,1.16,FALSE,NA,NA,NA,NA,NA,NA,NA,NA,NA,NA,NA,NA,FALSE,NA,NA,NA,NA,NA,NA,FALSE
1692,1,NA,NA,NA,NA,NA,NA,NA,NA,NA,NA,NA,NA,0.81,NA,NA,NA,NA,NA,NA,1.67,FALSE,NA,NA,NA,NA,NA,NA,NA,NA,NA,NA,NA,NA,FALSE,NA,NA,NA,NA,NA,NA,FALSE
1693,0.96,NA,NA,NA,NA,NA,NA,NA,NA,NA,NA,NA,NA,0.91,NA,NA,NA,NA,NA,NA,1.44,FALSE,NA,NA,NA,NA,NA,NA,NA,NA,NA,NA,NA,NA,FALSE,NA,NA,NA,NA,NA,NA,FALSE
1694,1,NA,NA,NA,NA,NA,NA,NA,NA,NA,NA,NA,NA,1.04,NA,NA,NA,NA,NA,NA,1.97,FALSE,NA,NA,NA,NA,NA,NA,NA,NA,NA,NA,NA,NA,FALSE,NA,NA,NA,NA,NA,NA,TRUE
1695,0.8,NA,NA,NA,NA,NA,NA,NA,NA,NA,NA,NA,NA,0.94,NA,NA,NA,NA,NA,NA,1.64,FALSE,NA,NA,NA,NA,NA,NA,NA,NA,NA,NA,NA,NA,FALSE,NA,NA,NA,NA,NA,NA,FALSE
1696,0.37,NA,NA,NA,NA,NA,NA,NA,NA,NA,NA,NA,NA,0.8,NA,NA,NA,NA,NA,NA,0.93,FALSE,NA,NA,NA,NA,NA,NA,NA,NA,NA,NA,NA,NA,FALSE,NA,NA,NA,NA,NA,NA,FALSE
1697,0.33,NA,NA,NA,NA,NA,NA,NA,NA,NA,NA,NA,NA,0.82,NA,NA,NA,NA,NA,NA,0.68,FALSE,NA,NA,NA,NA,NA,NA,NA,NA,NA,NA,NA,NA,FALSE,NA,NA,NA,NA,NA,NA,FALSE
1698,0.46,NA,NA,NA,NA,NA,NA,NA,NA,NA,NA,NA,NA,0.68,NA,NA,NA,NA,NA,NA,0.85,FALSE,NA,NA,NA,NA,NA,NA,NA,NA,NA,NA,NA,NA,FALSE,NA,NA,NA,NA,NA,NA,FALSE
1699,0.83,NA,NA,NA,NA,NA,NA,NA,NA,NA,NA,NA,NA,1.09,NA,NA,NA,NA,NA,NA,0.98,FALSE,NA,NA,NA,NA,NA,NA,NA,NA,NA,NA,NA,NA,FALSE,NA,NA,NA,NA,NA,NA,FALSE
1700,0.78,NA,NA,NA,NA,NA,NA,NA,NA,NA,NA,NA,NA,1.13,NA,NA,NA,NA,NA,NA,0.78,FALSE,NA,NA,NA,NA,NA,NA,NA,NA,NA,NA,NA,NA,FALSE,NA,NA,NA,NA,NA,NA,FALSE
1701,0.92,NA,NA,NA,NA,NA,NA,NA,NA,NA,NA,NA,NA,1.08,NA,NA,NA,NA,NA,NA,1.05,FALSE,NA,NA,NA,NA,NA,NA,NA,NA,NA,NA,NA,NA,FALSE,NA,NA,NA,NA,NA,NA,FALSE
1702,0.72,NA,NA,NA,NA,NA,NA,NA,NA,NA,NA,NA,NA,0.66,NA,NA,NA,NA,NA,NA,1.21,FALSE,NA,NA,NA,NA,NA,NA,NA,NA,NA,NA,NA,NA,FALSE,NA,NA,NA,NA,NA,NA,FALSE
1703,0.64,NA,NA,NA,NA,NA,NA,NA,NA,NA,NA,NA,NA,0.74,NA,NA,NA,NA,NA,NA,0.97,FALSE,NA,NA,NA,NA,NA,NA,NA,NA,NA,NA,NA,NA,FALSE,NA,NA,NA,NA,NA,NA,FALSE
1704,0.52,NA,NA,NA,NA,NA,NA,NA,NA,NA,NA,NA,NA,0.7,NA,NA,NA,NA,NA,NA,1.06,FALSE,NA,NA,NA,NA,NA,NA,NA,NA,NA,NA,NA,NA,FALSE,NA,NA,NA,NA,NA,NA,FALSE
1705,0.48,NA,NA,NA,NA,NA,NA,NA,NA,NA,NA,NA,NA,0.63,NA,NA,NA,NA,NA,NA,1.07,FALSE,NA,NA,NA,NA,NA,NA,NA,NA,NA,NA,NA,NA,FALSE,NA,NA,NA,NA,NA,NA,FALSE
1706,0.61,NA,NA,NA,NA,NA,NA,NA,NA,NA,NA,NA,NA,0.82,NA,NA,NA,NA,NA,NA,1.09,FALSE,NA,NA,NA,NA,NA,NA,NA,NA,NA,NA,NA,NA,FALSE,NA,NA,NA,NA,NA,NA,FALSE
1707,0.46,NA,NA,NA,NA,NA,NA,NA,NA,NA,NA,NA,NA,0.65,NA,NA,NA,NA,NA,NA,0.74,FALSE,NA,NA,NA,NA,NA,NA,NA,NA,NA,NA,NA,NA,FALSE,NA,NA,NA,NA,NA,NA,FALSE
1708,0.42,NA,NA,NA,NA,NA,NA,NA,NA,NA,NA,NA,NA,0.64,NA,NA,NA,NA,NA,NA,0.88,FALSE,NA,NA,NA,NA,NA,NA,NA,NA,NA,NA,NA,NA,FALSE,NA,NA,NA,NA,NA,NA,FALSE
1709,0.45,NA,NA,NA,NA,NA,NA,NA,NA,NA,NA,NA,NA,0.53,NA,NA,NA,NA,NA,NA,0.89,FALSE,NA,NA,NA,NA,NA,NA,NA,NA,NA,NA,NA,NA,FALSE,NA,NA,NA,NA,NA,NA,FALSE
1710,1.08,NA,NA,NA,NA,NA,NA,NA,NA,NA,NA,NA,NA,0.99,NA,NA,NA,NA,NA,NA,1.38,FALSE,NA,NA,NA,NA,NA,NA,NA,NA,NA,NA,NA,NA,FALSE,NA,NA,NA,NA,NA,NA,FALSE
1711,0.72,NA,NA,NA,NA,NA,NA,NA,NA,NA,NA,NA,NA,0.9,NA,NA,NA,NA,NA,NA,1.15,FALSE,NA,NA,NA,NA,NA,NA,NA,NA,NA,NA,NA,NA,FALSE,NA,NA,NA,NA,NA,NA,FALSE
1712,0.83,NA,NA,NA,NA,NA,NA,NA,NA,NA,NA,NA,NA,0.76,NA,NA,NA,NA,NA,NA,1.4,FALSE,NA,NA,NA,NA,NA,NA,NA,NA,NA,NA,NA,NA,FALSE,NA,NA,NA,NA,NA,NA,FALSE
1713,0.64,NA,NA,NA,NA,NA,NA,NA,NA,NA,NA,NA,NA,0.63,NA,NA,NA,NA,NA,NA,1.29,FALSE,NA,NA,NA,NA,NA,NA,NA,NA,NA,NA,NA,NA,FALSE,NA,NA,NA,NA,NA,NA,FALSE
1714,0.8,NA,NA,NA,NA,NA,NA,NA,NA,NA,NA,NA,NA,0.74,NA,NA,NA,NA,NA,NA,1.9,FALSE,NA,NA,NA,NA,NA,NA,NA,NA,NA,NA,NA,NA,FALSE,NA,NA,NA,NA,NA,NA,TRUE
1715,0.47,NA,NA,NA,NA,NA,NA,NA,NA,NA,NA,NA,NA,0.7,NA,NA,NA,NA,NA,NA,1,FALSE,NA,NA,NA,NA,NA,NA,NA,NA,NA,NA,NA,NA,FALSE,NA,NA,NA,NA,NA,NA,FALSE
1716,0.36,NA,NA,NA,NA,NA,NA,NA,NA,NA,NA,NA,NA,0.37,NA,NA,NA,NA,NA,NA,0.5,FALSE,NA,NA,NA,NA,NA,NA,NA,NA,NA,NA,NA,NA,FALSE,NA,NA,NA,NA,NA,NA,FALSE
1717,0.9,NA,NA,NA,NA,NA,NA,NA,NA,NA,NA,NA,NA,0.48,NA,NA,NA,NA,NA,NA,1.18,FALSE,NA,NA,NA,NA,NA,NA,NA,NA,NA,NA,NA,NA,FALSE,NA,NA,NA,NA,NA,NA,FALSE
1718,1.09,NA,NA,NA,NA,NA,NA,NA,NA,NA,NA,NA,NA,0.53,NA,NA,NA,NA,NA,NA,1.13,FALSE,NA,NA,NA,NA,NA,NA,NA,NA,NA,NA,NA,NA,FALSE,NA,NA,NA,NA,NA,NA,FALSE
1719,0.81,NA,NA,NA,NA,NA,NA,NA,NA,NA,NA,NA,NA,0.64,NA,NA,NA,NA,NA,NA,0.67,FALSE,NA,NA,NA,NA,NA,NA,NA,NA,NA,NA,NA,NA,FALSE,NA,NA,NA,NA,NA,NA,FALSE
1720,0.87,NA,NA,NA,NA,NA,NA,NA,NA,NA,NA,NA,NA,0.82,NA,NA,NA,NA,NA,NA,0.91,FALSE,NA,NA,NA,NA,NA,NA,NA,NA,NA,NA,NA,NA,FALSE,NA,NA,NA,NA,NA,NA,FALSE
1721,0.97,NA,NA,NA,NA,NA,NA,NA,NA,NA,NA,NA,NA,1.1,NA,NA,NA,NA,NA,NA,0.94,FALSE,NA,NA,NA,NA,NA,NA,NA,NA,NA,NA,NA,NA,FALSE,NA,NA,NA,NA,NA,NA,FALSE
1722,0.53,NA,NA,NA,NA,NA,NA,NA,NA,NA,NA,NA,NA,0.88,NA,NA,NA,NA,NA,NA,0.74,FALSE,NA,NA,NA,NA,NA,NA,NA,NA,NA,NA,NA,NA,FALSE,NA,NA,NA,NA,NA,NA,FALSE
1723,0.92,NA,NA,NA,NA,NA,NA,NA,NA,NA,NA,NA,NA,0.73,NA,NA,NA,NA,NA,NA,0.67,FALSE,NA,NA,NA,NA,NA,NA,NA,NA,NA,NA,NA,NA,FALSE,NA,NA,NA,NA,NA,NA,FALSE
1724,0.53,NA,NA,NA,NA,NA,NA,NA,NA,NA,NA,NA,NA,0.5,NA,NA,NA,NA,NA,NA,0.78,FALSE,NA,NA,NA,NA,NA,NA,NA,NA,NA,NA,NA,NA,FALSE,NA,NA,NA,NA,NA,NA,FALSE
1725,1.21,NA,NA,NA,NA,NA,NA,NA,NA,NA,NA,NA,NA,0.83,NA,NA,NA,NA,NA,NA,1.28,FALSE,NA,NA,NA,NA,NA,NA,NA,NA,NA,NA,NA,NA,FALSE,NA,NA,NA,NA,NA,NA,FALSE
1726,1.64,NA,NA,NA,NA,NA,NA,NA,NA,NA,NA,NA,NA,1.15,NA,NA,NA,NA,NA,NA,1.44,FALSE,NA,NA,NA,NA,NA,NA,NA,NA,NA,NA,NA,NA,FALSE,NA,NA,NA,NA,NA,NA,FALSE
1727,0.97,NA,NA,NA,NA,NA,NA,NA,NA,NA,NA,NA,NA,0.79,NA,NA,NA,NA,NA,NA,0.94,FALSE,NA,NA,NA,NA,NA,NA,NA,NA,NA,NA,NA,NA,FALSE,NA,NA,NA,NA,NA,NA,FALSE
1728,0.9,NA,NA,NA,NA,NA,NA,NA,NA,NA,NA,NA,NA,0.73,NA,NA,NA,NA,NA,NA,0.73,FALSE,NA,NA,NA,NA,NA,NA,NA,NA,NA,NA,NA,NA,FALSE,NA,NA,NA,NA,NA,NA,FALSE
1729,0.92,NA,NA,NA,NA,NA,NA,NA,NA,NA,NA,NA,NA,0.6,NA,NA,NA,NA,NA,NA,0.69,FALSE,NA,NA,NA,NA,NA,NA,NA,NA,NA,NA,NA,NA,FALSE,NA,NA,NA,NA,NA,NA,FALSE
1730,1.31,NA,NA,NA,NA,NA,NA,NA,NA,NA,NA,NA,NA,0.58,NA,NA,NA,NA,NA,NA,0.66,FALSE,NA,NA,NA,NA,NA,NA,NA,NA,NA,NA,NA,NA,FALSE,NA,NA,NA,NA,NA,NA,FALSE
1731,1.3,NA,NA,NA,NA,NA,NA,NA,NA,NA,NA,NA,NA,0.54,NA,NA,NA,NA,NA,NA,1.08,FALSE,NA,NA,NA,NA,NA,NA,NA,NA,NA,NA,NA,NA,FALSE,NA,NA,NA,NA,NA,NA,FALSE
1732,1.37,NA,NA,NA,NA,NA,NA,NA,NA,NA,NA,NA,NA,0.66,NA,NA,NA,NA,NA,NA,1.07,FALSE,NA,NA,NA,NA,NA,NA,NA,NA,NA,NA,NA,NA,FALSE,NA,NA,NA,NA,NA,NA,FALSE
1733,0.64,NA,NA,NA,NA,NA,NA,NA,NA,NA,NA,NA,NA,0.38,NA,NA,NA,NA,NA,NA,0.48,FALSE,NA,NA,NA,NA,NA,NA,NA,NA,NA,NA,NA,NA,FALSE,NA,NA,NA,NA,NA,NA,FALSE
1734,0.77,NA,NA,NA,NA,NA,NA,NA,NA,NA,NA,NA,NA,0.57,NA,NA,NA,NA,NA,NA,0.58,FALSE,NA,NA,NA,NA,NA,NA,NA,NA,NA,NA,NA,NA,FALSE,NA,NA,NA,NA,NA,NA,FALSE
1735,0.68,NA,NA,NA,NA,NA,NA,NA,NA,NA,NA,NA,NA,0.31,NA,NA,NA,NA,NA,NA,0.44,FALSE,NA,NA,NA,NA,NA,NA,NA,NA,NA,NA,NA,NA,FALSE,NA,NA,NA,NA,NA,NA,FALSE
1736,0.79,NA,NA,NA,NA,NA,NA,NA,NA,NA,NA,NA,NA,0.59,NA,NA,NA,NA,NA,NA,0.66,FALSE,NA,NA,NA,NA,NA,NA,NA,NA,NA,NA,NA,NA,FALSE,NA,NA,NA,NA,NA,NA,FALSE
1737,0.96,NA,NA,NA,NA,NA,NA,NA,NA,NA,NA,NA,NA,0.58,NA,NA,NA,NA,NA,NA,0.66,FALSE,NA,NA,NA,NA,NA,NA,NA,NA,NA,NA,NA,NA,FALSE,NA,NA,NA,NA,NA,NA,FALSE
1738,1.25,NA,NA,NA,NA,NA,NA,NA,NA,NA,NA,NA,NA,0.67,NA,NA,NA,NA,NA,NA,1.13,FALSE,NA,NA,NA,NA,NA,NA,NA,NA,NA,NA,NA,NA,FALSE,NA,NA,NA,NA,NA,NA,FALSE
1739,1.48,NA,NA,NA,NA,NA,NA,NA,NA,NA,NA,NA,NA,0.8,NA,NA,NA,NA,NA,NA,1.24,FALSE,NA,NA,NA,NA,NA,NA,NA,NA,NA,NA,NA,NA,FALSE,NA,NA,NA,NA,NA,NA,FALSE
1740,1.14,NA,NA,NA,NA,NA,NA,NA,NA,NA,NA,NA,NA,0.59,NA,NA,NA,NA,NA,NA,0.9,FALSE,NA,NA,NA,NA,NA,NA,NA,NA,NA,NA,NA,NA,FALSE,NA,NA,NA,NA,NA,NA,FALSE
1741,1.28,NA,NA,NA,NA,NA,NA,NA,NA,NA,NA,NA,NA,0.74,NA,NA,NA,NA,1.73,NA,1.12,FALSE,NA,NA,NA,NA,NA,NA,NA,NA,NA,NA,NA,NA,FALSE,NA,NA,NA,NA,FALSE,NA,FALSE
1742,1.29,NA,NA,NA,NA,NA,NA,NA,NA,NA,NA,NA,NA,0.71,NA,NA,NA,NA,2.08,NA,1.05,FALSE,NA,NA,NA,NA,NA,NA,NA,NA,NA,NA,NA,NA,FALSE,NA,NA,NA,NA,FALSE,NA,FALSE
1743,1.47,NA,NA,NA,NA,NA,NA,NA,NA,NA,NA,NA,NA,0.67,NA,NA,NA,NA,1.44,NA,0.86,FALSE,NA,NA,NA,NA,NA,NA,NA,NA,NA,NA,NA,NA,FALSE,NA,NA,NA,NA,FALSE,NA,FALSE
1744,1.48,NA,NA,NA,NA,NA,NA,NA,NA,NA,NA,NA,NA,0.66,NA,NA,NA,NA,1.34,NA,0.85,FALSE,NA,NA,NA,NA,NA,NA,NA,NA,NA,NA,NA,NA,FALSE,NA,NA,NA,NA,FALSE,NA,FALSE
1745,1.14,NA,NA,NA,NA,NA,NA,NA,NA,NA,NA,NA,NA,0.82,NA,NA,NA,NA,0.97,NA,0.84,FALSE,NA,NA,NA,NA,NA,NA,NA,NA,NA,NA,NA,NA,FALSE,NA,NA,NA,NA,FALSE,NA,FALSE
1746,1.26,NA,NA,NA,NA,NA,NA,NA,NA,NA,NA,NA,NA,0.99,NA,NA,NA,NA,0.83,NA,0.98,FALSE,NA,NA,NA,NA,NA,NA,NA,NA,NA,NA,NA,NA,FALSE,NA,NA,NA,NA,FALSE,NA,FALSE
1747,1.47,NA,NA,NA,NA,NA,NA,NA,NA,NA,NA,NA,NA,1.14,NA,NA,NA,NA,0.68,NA,1.06,FALSE,NA,NA,NA,NA,NA,NA,NA,NA,NA,NA,NA,NA,FALSE,NA,NA,NA,NA,FALSE,NA,FALSE
1748,0.37,NA,NA,NA,NA,NA,NA,NA,NA,NA,NA,NA,NA,0.26,NA,NA,NA,NA,0.29,NA,0.21,FALSE,NA,NA,NA,NA,NA,NA,NA,NA,NA,NA,NA,NA,FALSE,NA,NA,NA,NA,FALSE,NA,FALSE
1749,1.28,NA,NA,NA,NA,NA,NA,NA,NA,NA,NA,NA,NA,0.65,NA,NA,NA,NA,1,NA,0.78,FALSE,NA,NA,NA,NA,NA,NA,NA,NA,NA,NA,NA,NA,FALSE,NA,NA,NA,NA,FALSE,NA,FALSE
1750,0.9,NA,NA,NA,NA,NA,NA,NA,NA,NA,NA,NA,NA,0.54,NA,NA,NA,NA,1.43,NA,0.56,FALSE,NA,NA,NA,NA,NA,NA,NA,NA,NA,NA,NA,NA,FALSE,NA,NA,NA,NA,FALSE,NA,FALSE
1751,1.35,NA,NA,NA,NA,NA,NA,NA,NA,NA,NA,NA,NA,0.84,NA,NA,NA,NA,1.57,NA,0.95,FALSE,NA,NA,NA,NA,NA,NA,NA,NA,NA,NA,NA,NA,FALSE,NA,NA,NA,NA,FALSE,NA,FALSE
1752,0.76,NA,NA,NA,NA,NA,NA,NA,NA,NA,NA,NA,NA,0.44,NA,NA,NA,NA,0.89,NA,0.4,FALSE,NA,NA,NA,NA,NA,NA,NA,NA,NA,NA,NA,NA,FALSE,NA,NA,NA,NA,FALSE,NA,FALSE
1753,0.42,NA,NA,NA,NA,NA,NA,NA,1.24,NA,NA,NA,NA,0.31,NA,NA,NA,NA,0.72,NA,0.25,FALSE,NA,NA,NA,NA,NA,NA,NA,FALSE,NA,NA,NA,NA,FALSE,NA,NA,NA,NA,FALSE,NA,FALSE
1754,0.87,NA,NA,NA,NA,NA,NA,NA,3.09,NA,NA,NA,NA,0.47,NA,NA,NA,NA,1.66,NA,0.43,FALSE,NA,NA,NA,NA,NA,NA,NA,FALSE,NA,NA,NA,NA,FALSE,NA,NA,NA,NA,FALSE,NA,FALSE
1755,0.63,NA,NA,NA,NA,NA,NA,NA,3.08,NA,NA,NA,NA,0.5,NA,NA,NA,NA,1.89,NA,0.33,FALSE,NA,NA,NA,NA,NA,NA,NA,FALSE,NA,NA,NA,NA,FALSE,NA,NA,NA,NA,FALSE,NA,FALSE
1756,0.88,NA,NA,NA,NA,NA,NA,NA,2.93,NA,NA,NA,NA,0.36,NA,NA,NA,NA,1.72,NA,0.35,FALSE,NA,NA,NA,NA,NA,NA,NA,FALSE,NA,NA,NA,NA,FALSE,NA,NA,NA,NA,FALSE,NA,FALSE
1757,0.78,NA,NA,NA,NA,NA,NA,NA,2.94,NA,NA,NA,NA,0.28,NA,NA,NA,NA,1.51,NA,0.33,FALSE,NA,NA,NA,NA,NA,NA,NA,FALSE,NA,NA,NA,NA,FALSE,NA,NA,NA,NA,FALSE,NA,FALSE
1758,1.05,NA,NA,NA,NA,NA,NA,NA,2.32,NA,NA,NA,NA,0.73,NA,NA,NA,NA,1.67,NA,0.53,FALSE,NA,NA,NA,NA,NA,NA,NA,FALSE,NA,NA,NA,NA,FALSE,NA,NA,NA,NA,FALSE,NA,FALSE
1759,1.48,NA,NA,NA,NA,NA,NA,NA,3.33,NA,NA,NA,2.51,0.67,NA,NA,NA,NA,1.9,NA,0.65,FALSE,NA,NA,NA,NA,NA,NA,NA,FALSE,NA,NA,NA,FALSE,FALSE,NA,NA,NA,NA,FALSE,NA,FALSE
1760,1.14,NA,NA,NA,NA,NA,NA,NA,2.8,NA,NA,NA,1.92,0.46,NA,NA,NA,NA,1.6,NA,0.41,FALSE,NA,NA,NA,NA,NA,NA,NA,FALSE,NA,NA,NA,FALSE,FALSE,NA,NA,NA,NA,FALSE,NA,FALSE
1761,0.85,NA,NA,NA,NA,1.34,NA,NA,2.78,NA,NA,NA,1.51,0.36,NA,NA,NA,NA,1.51,NA,0.33,FALSE,NA,NA,NA,NA,FALSE,NA,NA,FALSE,NA,NA,NA,FALSE,FALSE,NA,NA,NA,NA,FALSE,NA,FALSE
1762,1.24,NA,NA,NA,NA,1.44,NA,NA,3.17,NA,NA,NA,2.13,0.6,NA,NA,NA,NA,1.13,NA,0.54,FALSE,NA,NA,NA,NA,FALSE,NA,NA,FALSE,NA,NA,NA,FALSE,FALSE,NA,NA,NA,NA,FALSE,NA,FALSE
1763,0.67,NA,NA,NA,NA,1.31,NA,NA,3.68,NA,NA,NA,1.75,0.4,NA,NA,NA,NA,0.98,NA,0.35,FALSE,NA,NA,NA,NA,FALSE,NA,NA,FALSE,NA,NA,NA,FALSE,FALSE,NA,NA,NA,NA,FALSE,NA,FALSE
1764,1.07,1.67,NA,NA,NA,1.2,NA,NA,3.5,NA,NA,NA,2.29,0.64,NA,NA,NA,NA,1.05,NA,0.46,FALSE,FALSE,NA,NA,NA,FALSE,NA,NA,FALSE,NA,NA,NA,FALSE,FALSE,NA,NA,NA,NA,FALSE,NA,FALSE
1765,1.09,1.87,NA,NA,NA,1.1,NA,NA,3.5,NA,NA,NA,2.13,0.55,NA,NA,NA,NA,1.39,NA,0.4,FALSE,FALSE,NA,NA,NA,FALSE,NA,NA,FALSE,NA,NA,NA,FALSE,FALSE,NA,NA,NA,NA,FALSE,NA,FALSE
1766,1.09,2.14,NA,NA,NA,1.67,NA,NA,3.7,NA,NA,NA,2.74,0.53,NA,NA,NA,NA,1.48,NA,0.46,FALSE,FALSE,NA,NA,NA,FALSE,NA,NA,FALSE,NA,NA,NA,TRUE,FALSE,NA,NA,NA,NA,FALSE,NA,FALSE
1767,1.2,1.75,NA,NA,NA,1.95,NA,NA,4.25,NA,NA,NA,2.46,0.81,NA,NA,NA,NA,2.09,NA,0.5,FALSE,FALSE,NA,NA,NA,FALSE,NA,NA,FALSE,NA,NA,NA,FALSE,FALSE,NA,NA,NA,NA,FALSE,NA,FALSE
1768,1.26,1.52,NA,NA,2.75,1.76,NA,NA,2.81,NA,NA,NA,2.37,0.88,NA,NA,NA,NA,2.03,NA,0.68,FALSE,FALSE,NA,NA,FALSE,FALSE,NA,NA,FALSE,NA,NA,NA,FALSE,FALSE,NA,NA,NA,NA,FALSE,NA,FALSE
1769,0.95,1.65,NA,NA,2.56,2.08,NA,NA,2.87,NA,NA,1.56,2.13,0.65,NA,NA,NA,NA,1.78,NA,0.57,FALSE,FALSE,NA,NA,FALSE,FALSE,NA,NA,FALSE,NA,NA,FALSE,FALSE,FALSE,NA,NA,NA,NA,FALSE,NA,FALSE
1770,1.26,1.51,NA,NA,2.77,2.31,NA,NA,3.66,NA,NA,2.03,1.99,0.76,NA,NA,NA,1.29,1.62,NA,0.77,FALSE,FALSE,NA,NA,FALSE,FALSE,NA,NA,FALSE,NA,NA,FALSE,FALSE,FALSE,NA,NA,NA,FALSE,FALSE,NA,FALSE
1771,1.03,1.8,NA,NA,2.27,2.3,NA,NA,3.43,NA,NA,1.74,1.72,0.69,NA,NA,NA,1.47,1.38,NA,0.67,FALSE,FALSE,NA,NA,FALSE,FALSE,NA,NA,FALSE,NA,NA,FALSE,FALSE,FALSE,NA,NA,NA,FALSE,FALSE,NA,FALSE
1772,1,1.67,NA,NA,2.32,1.99,NA,NA,2.25,NA,NA,1.2,1.47,0.61,NA,NA,NA,0.42,1.27,NA,0.69,FALSE,FALSE,NA,NA,FALSE,FALSE,NA,NA,FALSE,NA,NA,FALSE,FALSE,FALSE,NA,NA,NA,FALSE,FALSE,NA,FALSE
1773,0.29,0.79,NA,NA,2.55,2.32,NA,NA,2.21,NA,NA,0.55,0.63,0.37,NA,NA,NA,0.34,0.61,NA,0.18,FALSE,FALSE,NA,NA,FALSE,FALSE,NA,NA,FALSE,NA,NA,FALSE,FALSE,FALSE,NA,NA,NA,FALSE,FALSE,NA,FALSE
1774,0.79,0.62,NA,NA,2.61,2.16,NA,NA,1.98,NA,NA,0.54,1.27,0.62,NA,NA,NA,0.2,0.59,NA,0.55,FALSE,FALSE,NA,NA,FALSE,FALSE,NA,NA,FALSE,NA,NA,FALSE,FALSE,FALSE,NA,NA,NA,FALSE,FALSE,NA,FALSE
1775,1.04,1.42,NA,NA,2.25,2.42,3.86,3.15,2.13,NA,NA,1.15,1.94,0.56,NA,NA,NA,1.08,1.11,NA,0.66,FALSE,FALSE,NA,NA,FALSE,FALSE,TRUE,FALSE,FALSE,NA,NA,FALSE,FALSE,FALSE,NA,NA,NA,FALSE,FALSE,NA,FALSE
1776,0.97,1.64,NA,NA,2.36,2.08,3.22,3.22,1.86,NA,NA,1.26,2.22,0.56,NA,NA,NA,0.43,0.92,NA,0.6,FALSE,FALSE,NA,NA,FALSE,FALSE,FALSE,FALSE,FALSE,NA,NA,FALSE,FALSE,FALSE,NA,NA,NA,FALSE,FALSE,NA,FALSE
1777,0.64,1.12,NA,NA,2.05,2.4,2.37,2.45,1.71,NA,NA,0.9,1.72,0.64,NA,NA,NA,1.22,0.71,NA,0.45,FALSE,FALSE,NA,NA,FALSE,FALSE,FALSE,FALSE,FALSE,NA,NA,FALSE,FALSE,FALSE,NA,NA,NA,FALSE,FALSE,NA,FALSE
1778,0.61,1.29,NA,NA,2.33,1.87,2.32,2.29,2.3,NA,NA,1.5,1.92,0.69,NA,NA,NA,1.76,0.98,NA,0.44,FALSE,FALSE,NA,NA,FALSE,FALSE,FALSE,FALSE,FALSE,NA,NA,FALSE,FALSE,FALSE,NA,NA,NA,TRUE,FALSE,NA,FALSE
1779,0.76,1.14,NA,NA,2,1.28,2.18,2.38,2.14,NA,NA,1.44,1.51,0.54,NA,NA,NA,1.26,0.86,NA,0.52,FALSE,FALSE,NA,NA,FALSE,FALSE,FALSE,FALSE,FALSE,NA,NA,FALSE,FALSE,FALSE,NA,NA,NA,FALSE,FALSE,NA,FALSE
1780,0.48,0.89,NA,NA,1.79,1.83,1.58,1.3,1.33,NA,NA,0.83,0.95,0.42,NA,NA,NA,0.91,0.57,NA,0.36,FALSE,FALSE,NA,NA,FALSE,FALSE,FALSE,FALSE,FALSE,NA,NA,FALSE,FALSE,FALSE,NA,NA,NA,FALSE,FALSE,NA,FALSE
1781,0.52,1.31,NA,NA,2.49,1.83,2.53,2.35,2.07,NA,NA,2.02,1.83,0.52,NA,NA,NA,1.47,0.8,NA,0.49,FALSE,FALSE,NA,NA,FALSE,FALSE,FALSE,FALSE,FALSE,NA,NA,FALSE,FALSE,FALSE,NA,NA,NA,FALSE,FALSE,NA,FALSE
1782,0.33,1.36,NA,NA,2.84,2.64,1.96,2.18,1.85,NA,NA,1.35,1.01,0.79,NA,NA,NA,1.19,0.7,1.49,0.29,FALSE,FALSE,NA,NA,FALSE,FALSE,FALSE,FALSE,FALSE,NA,NA,FALSE,FALSE,FALSE,NA,NA,NA,FALSE,FALSE,FALSE,FALSE
1783,0.9,2.28,NA,NA,3.25,2.52,3.79,3.29,2.81,NA,NA,2.13,1.58,0.92,NA,NA,NA,1.66,1.4,2.03,1.06,FALSE,TRUE,NA,NA,TRUE,FALSE,TRUE,FALSE,FALSE,NA,NA,FALSE,FALSE,FALSE,NA,NA,NA,FALSE,FALSE,FALSE,FALSE
1784,0.86,2.26,NA,NA,3.16,1.77,2.6,3.07,2.56,NA,NA,2.31,1.92,0.96,NA,NA,2.99,1.11,1.75,1.97,1.1,FALSE,FALSE,NA,NA,TRUE,FALSE,FALSE,FALSE,FALSE,NA,NA,FALSE,FALSE,FALSE,NA,NA,FALSE,FALSE,FALSE,FALSE,FALSE
1785,0.37,1.47,NA,NA,2.03,2.35,1.78,1.89,2.32,NA,NA,0.92,1.16,0.5,NA,NA,0.98,1,0.81,1.3,0.64,FALSE,FALSE,NA,NA,FALSE,FALSE,FALSE,FALSE,FALSE,NA,NA,FALSE,FALSE,FALSE,NA,NA,FALSE,FALSE,FALSE,FALSE,FALSE
1786,0.44,2.06,NA,NA,2.14,2.65,1.76,2.33,2.9,NA,NA,1.35,1.34,0.3,NA,NA,2.53,1.81,0.86,1.91,0.85,FALSE,FALSE,NA,NA,FALSE,FALSE,FALSE,FALSE,FALSE,NA,NA,FALSE,FALSE,FALSE,NA,NA,FALSE,TRUE,FALSE,FALSE,FALSE
1787,0.71,2.1,NA,NA,2.41,1.9,2.09,2.42,2.73,NA,NA,2.33,1.92,0.56,NA,NA,3.24,1.81,1.15,2.22,1.39,FALSE,FALSE,NA,NA,FALSE,FALSE,FALSE,FALSE,FALSE,NA,NA,FALSE,FALSE,FALSE,NA,NA,FALSE,TRUE,FALSE,FALSE,FALSE
1788,0.42,1.94,NA,NA,1.75,2.01,1.29,1.61,2.3,NA,NA,1.04,1.36,0.35,NA,NA,1.15,0.84,0.66,1.57,0.57,FALSE,FALSE,NA,NA,FALSE,FALSE,FALSE,FALSE,FALSE,NA,NA,FALSE,FALSE,FALSE,NA,NA,FALSE,FALSE,FALSE,FALSE,FALSE
1789,0.42,1.86,NA,NA,1.56,3.66,1.45,1.58,2.45,NA,NA,1.51,1.5,0.35,NA,NA,1.85,0.89,0.74,1.89,0.57,FALSE,FALSE,NA,NA,FALSE,TRUE,FALSE,FALSE,FALSE,NA,NA,FALSE,FALSE,FALSE,NA,NA,FALSE,FALSE,FALSE,FALSE,FALSE
1790,0.58,2.71,NA,NA,2.46,3.23,2.75,2.6,3.67,NA,NA,2.56,1.98,0.57,NA,NA,2.25,1.73,1.13,2.37,0.91,FALSE,TRUE,NA,NA,FALSE,FALSE,FALSE,FALSE,FALSE,NA,NA,FALSE,FALSE,FALSE,NA,NA,FALSE,FALSE,FALSE,FALSE,FALSE
1791,0.83,1.85,NA,NA,2.1,3.21,2.65,3.2,3.46,NA,NA,2.24,1.71,0.76,NA,NA,3.1,2.11,1.26,2.21,0.99,FALSE,FALSE,NA,NA,FALSE,FALSE,FALSE,FALSE,FALSE,NA,NA,FALSE,FALSE,FALSE,NA,NA,FALSE,TRUE,FALSE,FALSE,FALSE
1792,0.67,1.59,NA,NA,1.92,3.99,2.42,2.78,2.9,NA,NA,1.99,1.68,0.68,NA,NA,2.78,1.43,1.23,2.35,0.79,FALSE,FALSE,NA,NA,FALSE,TRUE,FALSE,FALSE,FALSE,NA,NA,FALSE,FALSE,FALSE,NA,NA,FALSE,FALSE,FALSE,FALSE,FALSE
1793,1.01,1.86,NA,1.94,2.59,2.19,3.06,3.13,3.14,NA,NA,3.06,2,0.79,NA,NA,3.53,1.2,1.81,2.73,1.01,FALSE,FALSE,NA,FALSE,FALSE,FALSE,FALSE,FALSE,FALSE,NA,NA,FALSE,FALSE,FALSE,NA,NA,TRUE,FALSE,FALSE,FALSE,FALSE
1794,0.65,1.22,NA,0.93,1.77,2.02,2.28,2.46,2.54,NA,NA,1.57,1.26,0.43,NA,NA,1.84,0.91,1.26,2,0.73,FALSE,FALSE,NA,FALSE,FALSE,FALSE,FALSE,FALSE,FALSE,NA,NA,FALSE,FALSE,FALSE,NA,NA,FALSE,FALSE,FALSE,FALSE,FALSE
1795,0.76,1.4,NA,1.24,1.8,1.76,1.95,2.45,2.38,NA,NA,1.96,1.46,0.71,NA,NA,1.94,0.76,1.18,2.2,0.56,FALSE,FALSE,NA,FALSE,FALSE,FALSE,FALSE,FALSE,FALSE,NA,NA,FALSE,FALSE,FALSE,NA,NA,FALSE,FALSE,FALSE,FALSE,FALSE
1796,0.68,1.12,NA,1.02,1.85,1.78,2.14,2.15,2.6,NA,NA,1.63,1.28,0.48,NA,NA,1.65,1.02,0.88,1.94,0.44,FALSE,FALSE,NA,FALSE,FALSE,FALSE,FALSE,FALSE,FALSE,NA,NA,FALSE,FALSE,FALSE,NA,NA,FALSE,FALSE,FALSE,FALSE,FALSE
1797,0.97,1.18,NA,1.15,1.95,1.37,2.61,2.14,2.74,NA,NA,2.13,1.5,0.61,NA,NA,1.8,0.8,0.84,2.13,0.58,FALSE,FALSE,NA,FALSE,FALSE,FALSE,FALSE,FALSE,FALSE,NA,NA,FALSE,FALSE,FALSE,NA,NA,FALSE,FALSE,FALSE,FALSE,FALSE
1798,0.61,1.22,NA,1.18,1.45,1.37,1.77,1.77,2.3,NA,NA,1.69,1.26,0.42,NA,NA,1.45,0.83,0.69,1.84,0.38,FALSE,FALSE,NA,FALSE,FALSE,FALSE,FALSE,FALSE,FALSE,NA,NA,FALSE,FALSE,FALSE,NA,NA,FALSE,FALSE,FALSE,FALSE,FALSE
1799,0.9,1.23,NA,1.09,1.77,1.12,2.13,2.6,3.11,NA,NA,2.18,1.51,0.37,NA,NA,2.15,1.07,1.14,1.92,0.61,FALSE,FALSE,NA,FALSE,FALSE,FALSE,FALSE,FALSE,FALSE,NA,NA,FALSE,FALSE,FALSE,NA,NA,FALSE,FALSE,FALSE,FALSE,FALSE
1800,0.98,1.29,NA,1.24,1.43,1.06,1.84,2.74,3.18,NA,NA,1.7,1.51,0.5,NA,NA,2.29,1.32,0.96,1.82,0.57,FALSE,FALSE,NA,FALSE,FALSE,FALSE,FALSE,FALSE,FALSE,NA,NA,FALSE,FALSE,FALSE,NA,NA,FALSE,FALSE,FALSE,FALSE,FALSE
1801,0.93,1.15,NA,1.31,1.22,1.35,2.39,2.39,2.62,NA,NA,1.39,1.15,0.46,NA,NA,2.39,1.04,0.99,1.54,0.43,FALSE,FALSE,NA,FALSE,FALSE,FALSE,FALSE,FALSE,FALSE,NA,NA,FALSE,FALSE,FALSE,NA,NA,FALSE,FALSE,FALSE,FALSE,FALSE
1802,1.21,1.23,NA,1.92,1.26,1.21,3.51,2.74,3.05,NA,NA,2.3,1.71,0.58,NA,1.93,2.67,1.81,1.44,1.75,0.53,FALSE,FALSE,NA,FALSE,FALSE,FALSE,FALSE,FALSE,FALSE,NA,NA,FALSE,FALSE,FALSE,NA,FALSE,FALSE,TRUE,FALSE,FALSE,FALSE
1803,0.53,0.83,NA,1.05,1.14,1.86,1.81,1.75,1.96,NA,NA,0.94,0.69,0.21,0.77,0.92,1.03,0.55,0.81,0.76,0.2,FALSE,FALSE,NA,FALSE,FALSE,FALSE,FALSE,FALSE,FALSE,NA,NA,FALSE,FALSE,FALSE,FALSE,FALSE,FALSE,FALSE,FALSE,FALSE,FALSE
1804,1.1,1.34,NA,1.17,1.48,1.61,2.43,2.69,3.16,NA,NA,2.19,1.42,0.68,0.97,1.62,2.8,0.98,1.86,1.67,0.49,FALSE,FALSE,NA,FALSE,FALSE,FALSE,FALSE,FALSE,FALSE,NA,NA,FALSE,FALSE,FALSE,FALSE,FALSE,FALSE,FALSE,FALSE,FALSE,FALSE
1805,1.27,1.18,NA,0.97,1.51,1.36,2.78,2.47,2.55,NA,NA,2.16,1.33,0.53,1.07,1.54,1.99,1.15,1.46,1.69,0.46,FALSE,FALSE,NA,FALSE,FALSE,FALSE,FALSE,FALSE,FALSE,NA,NA,FALSE,FALSE,FALSE,FALSE,FALSE,FALSE,FALSE,FALSE,FALSE,FALSE
1806,1.09,0.72,NA,0.88,1.39,1.92,1.81,1.88,2.19,NA,NA,1.76,0.91,0.46,1.05,1.48,1.18,0.94,0.82,1.04,0.37,FALSE,FALSE,NA,FALSE,FALSE,FALSE,FALSE,FALSE,FALSE,NA,NA,FALSE,FALSE,FALSE,FALSE,FALSE,FALSE,FALSE,FALSE,FALSE,FALSE
1807,0.67,0.95,NA,1.19,1.62,1.99,2.07,2.06,2.4,NA,NA,2.31,1.39,0.61,1.28,1.34,1.87,1.4,1.5,2.67,0.33,FALSE,FALSE,NA,FALSE,FALSE,FALSE,FALSE,FALSE,FALSE,NA,NA,FALSE,FALSE,FALSE,FALSE,FALSE,FALSE,FALSE,FALSE,FALSE,FALSE
1808,0.78,0.87,NA,1.16,1.59,2.62,2.58,2.18,2.57,NA,NA,2.26,1.76,0.66,1.65,1.53,2.46,1.34,1.37,3.05,0.52,FALSE,FALSE,NA,FALSE,FALSE,FALSE,FALSE,FALSE,FALSE,NA,NA,FALSE,FALSE,FALSE,FALSE,FALSE,FALSE,FALSE,FALSE,FALSE,FALSE
1809,1.52,1.13,NA,1.57,2,2.65,2.58,2.51,2.91,NA,NA,3.19,2.51,1.04,4.18,2.13,2.83,1.73,1.68,3.2,0.97,FALSE,FALSE,NA,FALSE,FALSE,FALSE,FALSE,FALSE,FALSE,NA,NA,FALSE,FALSE,FALSE,TRUE,FALSE,FALSE,FALSE,FALSE,TRUE,FALSE
1810,1.22,1.27,1.71,1.82,2.22,1.82,2.35,2.52,2.53,NA,NA,2.94,1.8,0.95,3.89,1.72,2.34,1.54,1.62,2.76,0.77,FALSE,FALSE,FALSE,FALSE,FALSE,FALSE,FALSE,FALSE,FALSE,NA,NA,FALSE,FALSE,FALSE,TRUE,FALSE,FALSE,FALSE,FALSE,FALSE,FALSE
1811,0.9,0.96,1.19,0.92,1.73,1.89,2.49,1.64,2.13,NA,NA,1.74,1.19,0.92,2.56,1.26,1.43,1.18,1.11,1.48,0.52,FALSE,FALSE,FALSE,FALSE,FALSE,FALSE,FALSE,FALSE,FALSE,NA,NA,FALSE,FALSE,FALSE,FALSE,FALSE,FALSE,FALSE,FALSE,FALSE,FALSE
1812,0.79,1.23,1.39,1.12,1.7,1.37,2.68,2.03,2.48,2.53,NA,2.06,1.62,0.75,1.39,2.01,1.71,1.04,1.61,2.15,0.54,FALSE,FALSE,FALSE,FALSE,FALSE,FALSE,FALSE,FALSE,FALSE,FALSE,NA,FALSE,FALSE,FALSE,FALSE,FALSE,FALSE,FALSE,FALSE,FALSE,FALSE
1813,0.72,0.99,1.94,1.38,1.17,1.73,2,1.9,2.14,3.11,NA,2.08,1.12,0.5,1.16,1.23,1.04,0.85,0.99,1.3,0.51,FALSE,FALSE,FALSE,FALSE,FALSE,FALSE,FALSE,FALSE,FALSE,FALSE,NA,FALSE,FALSE,FALSE,FALSE,FALSE,FALSE,FALSE,FALSE,FALSE,FALSE
1814,0.69,0.8,1.47,1.04,1.46,2.05,2.44,2.19,2.16,3.52,NA,2.25,1.32,0.64,1.23,1.96,1.72,0.69,1.25,1.64,0.65,FALSE,FALSE,FALSE,FALSE,FALSE,FALSE,FALSE,FALSE,FALSE,FALSE,NA,FALSE,FALSE,FALSE,FALSE,FALSE,FALSE,FALSE,FALSE,FALSE,FALSE
1815,0.93,1.02,1.66,1.5,1.65,2.09,2.75,2.53,2.61,3.03,NA,2.26,1.74,0.88,1.32,2.09,2.14,0.84,1.59,1.64,1,FALSE,FALSE,FALSE,FALSE,FALSE,FALSE,FALSE,FALSE,FALSE,FALSE,NA,FALSE,FALSE,FALSE,FALSE,FALSE,FALSE,FALSE,FALSE,FALSE,FALSE
1816,0.85,1.11,1.78,1.7,1.47,1.13,2.41,2.1,2.6,2.65,NA,2.23,1.7,0.93,1.93,2.26,2.01,0.46,1.44,1.5,1,FALSE,FALSE,FALSE,FALSE,FALSE,FALSE,FALSE,FALSE,FALSE,FALSE,NA,FALSE,FALSE,FALSE,FALSE,FALSE,FALSE,FALSE,FALSE,FALSE,FALSE
1817,0.64,0.9,1.28,1.04,0.99,0.44,1.45,1.33,1.64,2.91,NA,1.13,1.3,0.55,1.65,1.35,1.33,0.41,1.09,1.09,0.84,FALSE,FALSE,FALSE,FALSE,FALSE,FALSE,FALSE,FALSE,FALSE,FALSE,NA,FALSE,FALSE,FALSE,FALSE,FALSE,FALSE,FALSE,FALSE,FALSE,FALSE
1818,0.26,0.66,0.58,0.62,0.35,0.45,0.73,0.8,0.88,2.51,2.33,0.84,0.59,0.39,0.84,0.98,0.88,0.24,0.73,0.36,0.39,FALSE,FALSE,FALSE,FALSE,FALSE,FALSE,FALSE,FALSE,FALSE,FALSE,FALSE,FALSE,FALSE,FALSE,FALSE,FALSE,FALSE,FALSE,FALSE,FALSE,FALSE
1819,0.2,0.49,0.45,0.39,0.44,0.85,0.56,0.23,0.68,3.1,3.24,1.03,0.35,0.26,0.97,0.93,0.39,0.28,0.6,0.21,0.24,FALSE,FALSE,FALSE,FALSE,FALSE,FALSE,FALSE,FALSE,FALSE,FALSE,FALSE,FALSE,FALSE,FALSE,FALSE,FALSE,FALSE,FALSE,FALSE,FALSE,FALSE
1820,0.3,0.8,0.64,0.49,0.76,1.03,0.96,0.39,1.18,3.44,4.28,1.48,0.83,0.44,1.2,1.48,1.28,0.32,1.23,0.39,0.52,FALSE,FALSE,FALSE,FALSE,FALSE,FALSE,FALSE,FALSE,FALSE,FALSE,FALSE,FALSE,FALSE,FALSE,FALSE,FALSE,FALSE,FALSE,FALSE,FALSE,FALSE
1821,0.51,0.88,1.22,1.25,0.88,0.65,1.02,0.33,1.33,3.31,4.79,1.82,1.06,0.52,2.16,1.09,1.38,0.52,1.23,0.57,0.67,FALSE,FALSE,FALSE,FALSE,FALSE,FALSE,FALSE,FALSE,FALSE,FALSE,FALSE,FALSE,FALSE,FALSE,FALSE,FALSE,FALSE,FALSE,FALSE,FALSE,FALSE
1822,0.25,0.55,0.84,0.59,0.52,0.62,1.05,0.32,1.06,2.99,4.14,1.1,0.69,0.34,1.52,1.23,1.14,0.32,0.76,0.43,0.43,FALSE,FALSE,FALSE,FALSE,FALSE,FALSE,FALSE,FALSE,FALSE,FALSE,FALSE,FALSE,FALSE,FALSE,FALSE,FALSE,FALSE,FALSE,FALSE,FALSE,FALSE
1823,0.29,0.58,1.2,0.81,0.6,0.94,1.2,0.63,1.19,2.78,3.81,1.65,0.56,0.44,1.53,1.6,1.48,0.4,1.04,0.46,0.49,FALSE,FALSE,FALSE,FALSE,FALSE,FALSE,FALSE,FALSE,FALSE,FALSE,FALSE,FALSE,FALSE,FALSE,FALSE,FALSE,FALSE,FALSE,FALSE,FALSE,FALSE
1824,0.41,0.75,1.6,0.89,0.8,0.72,1.37,0.91,1.4,3.08,4,1.89,0.76,0.45,1.85,1.47,1.86,0.58,1.84,0.92,0.66,FALSE,FALSE,FALSE,FALSE,FALSE,FALSE,FALSE,FALSE,FALSE,FALSE,FALSE,FALSE,FALSE,FALSE,FALSE,FALSE,FALSE,FALSE,FALSE,FALSE,FALSE
1825,0.54,0.79,1.68,0.91,0.66,1.09,1.47,0.91,1.21,3.39,3.15,1.41,0.85,0.47,1.32,0.91,1.27,0.48,1.48,0.97,0.66,FALSE,FALSE,FALSE,FALSE,FALSE,FALSE,FALSE,FALSE,FALSE,FALSE,FALSE,FALSE,FALSE,FALSE,FALSE,FALSE,FALSE,FALSE,FALSE,FALSE,FALSE
1826,0.39,0.84,1.29,1.13,0.94,1.22,1.97,1.27,1.26,3.09,4.7,1.85,0.8,0.45,0.8,1.29,2.59,0.37,1.73,1.15,0.69,FALSE,FALSE,FALSE,FALSE,FALSE,FALSE,FALSE,FALSE,FALSE,FALSE,FALSE,FALSE,FALSE,FALSE,FALSE,FALSE,FALSE,FALSE,FALSE,FALSE,FALSE
1827,0.74,0.78,1.86,1.33,0.9,1.42,2.33,1.54,1.48,3.35,4.78,2.34,1.01,0.61,1.58,1.81,2.62,0.64,1.95,1.27,1.12,FALSE,FALSE,FALSE,FALSE,FALSE,FALSE,FALSE,FALSE,FALSE,FALSE,FALSE,FALSE,FALSE,FALSE,FALSE,FALSE,FALSE,FALSE,FALSE,FALSE,FALSE
1828,0.69,0.99,2.12,1.6,1.2,1.34,2.15,2.15,1.94,2.84,3.91,2.66,1.02,0.64,2.23,1.55,2.06,0.81,1.87,1.4,1.27,FALSE,FALSE,FALSE,FALSE,FALSE,FALSE,FALSE,FALSE,FALSE,FALSE,FALSE,FALSE,FALSE,FALSE,FALSE,FALSE,FALSE,FALSE,FALSE,FALSE,FALSE
1829,0.99,1.08,1.63,1.68,1.12,1.71,2.08,2.14,2.06,3.41,3.63,2.53,1.21,0.78,2.02,1.58,2.12,0.8,1.79,1.5,2,FALSE,FALSE,FALSE,FALSE,FALSE,FALSE,FALSE,FALSE,FALSE,FALSE,FALSE,FALSE,FALSE,FALSE,FALSE,FALSE,FALSE,FALSE,FALSE,FALSE,TRUE
1830,0.8,1.13,2.15,1.5,1.34,1.59,1.88,2.37,1.65,2.94,4,2.95,1.29,0.58,1.78,1.66,2.19,0.49,2,1.83,1.75,FALSE,FALSE,FALSE,FALSE,FALSE,FALSE,FALSE,FALSE,FALSE,FALSE,FALSE,FALSE,FALSE,FALSE,FALSE,FALSE,FALSE,FALSE,FALSE,FALSE,FALSE
1831,0.88,1.19,2.31,1.97,1.09,1.97,2.05,2.35,1.91,2.91,4.18,2.81,1.61,0.72,1.98,2.13,1.54,0.48,1.56,1.62,1.48,FALSE,FALSE,FALSE,FALSE,FALSE,FALSE,FALSE,FALSE,FALSE,FALSE,FALSE,FALSE,FALSE,FALSE,FALSE,FALSE,FALSE,FALSE,FALSE,FALSE,FALSE
1832,1.31,1.28,1.86,1.41,1.08,2,2.15,2.12,2.57,2.56,4.27,2.86,2.16,0.81,2.27,2.01,2.6,0.67,1.9,2.1,1.69,FALSE,FALSE,FALSE,FALSE,FALSE,FALSE,FALSE,FALSE,FALSE,FALSE,FALSE,FALSE,FALSE,FALSE,FALSE,FALSE,FALSE,FALSE,FALSE,FALSE,FALSE
1833,1.1,1.34,1.85,1.61,1.43,2.07,1.83,2.24,2.18,2.75,3.94,3.06,2.3,0.87,1.93,2.21,2.24,0.63,2.41,2.24,1.41,FALSE,FALSE,FALSE,FALSE,FALSE,FALSE,FALSE,FALSE,FALSE,FALSE,FALSE,FALSE,FALSE,FALSE,FALSE,FALSE,FALSE,FALSE,FALSE,FALSE,FALSE
1834,1.1,1.55,2.71,1.72,1.4,2.02,1.66,1.94,1.77,3.32,4.13,2.25,1.87,1.06,1.85,1.77,2.04,0.59,2.48,2.06,0.97,FALSE,FALSE,FALSE,FALSE,FALSE,FALSE,FALSE,FALSE,FALSE,FALSE,FALSE,FALSE,FALSE,FALSE,FALSE,FALSE,FALSE,FALSE,TRUE,FALSE,FALSE
1835,1.15,1.17,2.35,1.73,1.36,1.31,2.04,2.14,2.34,2.96,4.45,2.38,1.96,0.93,1.69,1.9,1.72,0.61,2.42,1.93,1.23,FALSE,FALSE,FALSE,FALSE,FALSE,FALSE,FALSE,FALSE,FALSE,FALSE,FALSE,FALSE,FALSE,FALSE,FALSE,FALSE,FALSE,FALSE,FALSE,FALSE,FALSE
1836,0.81,0.81,1.95,1.4,0.88,1.41,1.51,1.44,1.53,2.04,2.57,1.53,1.44,0.79,1.57,1.24,1.42,0.59,1.6,1.39,0.77,FALSE,FALSE,FALSE,FALSE,FALSE,FALSE,FALSE,FALSE,FALSE,FALSE,FALSE,FALSE,FALSE,FALSE,FALSE,FALSE,FALSE,FALSE,FALSE,FALSE,FALSE
1837,0.88,0.89,2.18,1.78,1.1,1.06,1.46,1.4,1.68,2.36,2.85,1.7,1.62,0.82,1.55,1.87,1.46,0.56,1.53,1.43,0.8,FALSE,FALSE,FALSE,FALSE,FALSE,FALSE,FALSE,FALSE,FALSE,FALSE,FALSE,FALSE,FALSE,FALSE,FALSE,FALSE,FALSE,FALSE,FALSE,FALSE,FALSE
1838,0.97,0.74,1.71,1.28,0.9,1.51,1.25,1.38,1.59,2.71,2.68,1.54,1.47,0.62,1.36,1.57,1.25,0.5,1.52,1.66,1.1,FALSE,FALSE,FALSE,FALSE,FALSE,FALSE,FALSE,FALSE,FALSE,FALSE,FALSE,FALSE,FALSE,FALSE,FALSE,FALSE,FALSE,FALSE,FALSE,FALSE,FALSE
1839,1.07,0.74,2.17,1.65,1.44,1.18,1.18,1.59,1.8,3.19,3.36,1.79,1.64,0.75,2.03,2.32,1.61,0.57,1.79,1.9,1.08,FALSE,FALSE,FALSE,FALSE,FALSE,FALSE,FALSE,FALSE,FALSE,FALSE,FALSE,FALSE,FALSE,FALSE,FALSE,FALSE,FALSE,FALSE,FALSE,FALSE,FALSE
1840,0.84,0.58,2.38,1.67,1.14,0.79,1.09,1.37,1.53,2.74,2.97,1.36,1.11,0.56,1.23,1.67,1.31,0.53,1.77,1.56,0.83,FALSE,FALSE,FALSE,FALSE,FALSE,FALSE,FALSE,FALSE,FALSE,FALSE,FALSE,FALSE,FALSE,FALSE,FALSE,FALSE,FALSE,FALSE,FALSE,FALSE,FALSE
1841,0.56,0.47,2.28,1.27,0.91,0.63,0.84,1.24,1.2,1.9,2.75,1.55,0.83,0.45,1.19,1.58,1.3,0.35,1.3,0.78,0.54,FALSE,FALSE,FALSE,FALSE,FALSE,FALSE,FALSE,FALSE,FALSE,FALSE,FALSE,FALSE,FALSE,FALSE,FALSE,FALSE,FALSE,FALSE,FALSE,FALSE,FALSE
1842,0.43,0.31,1.81,1.06,0.63,1.06,0.57,0.81,0.64,1.5,2.24,1.61,0.47,0.39,1.2,1.06,1.09,0.36,1.01,0.4,0.4,FALSE,FALSE,FALSE,FALSE,FALSE,FALSE,FALSE,FALSE,FALSE,FALSE,FALSE,FALSE,FALSE,FALSE,FALSE,FALSE,FALSE,FALSE,FALSE,FALSE,FALSE
1843,0.67,0.79,2.82,1.6,1.11,1.23,0.95,1.2,1.02,3.23,3.96,2.25,1.1,0.52,1.64,2.21,1.99,0.55,1.85,1.16,0.61,FALSE,FALSE,FALSE,FALSE,FALSE,FALSE,FALSE,FALSE,FALSE,FALSE,FALSE,FALSE,FALSE,FALSE,FALSE,FALSE,FALSE,FALSE,FALSE,FALSE,FALSE
1844,0.78,0.88,2.37,1.44,1.33,1.46,0.89,1.28,1.05,2.98,3.37,2,0.96,0.62,1.71,2.36,2.06,0.53,2.01,1.47,0.69,FALSE,FALSE,FALSE,FALSE,FALSE,FALSE,FALSE,FALSE,FALSE,FALSE,FALSE,FALSE,FALSE,FALSE,FALSE,FALSE,FALSE,FALSE,FALSE,FALSE,FALSE
1845,0.9,0.88,2.56,2.09,1.31,1.25,1.21,1.26,1.14,2.75,3.92,2.45,0.91,0.5,1.47,2.48,2.17,0.57,2.1,1.22,0.7,FALSE,FALSE,FALSE,FALSE,FALSE,FALSE,FALSE,FALSE,FALSE,FALSE,FALSE,FALSE,FALSE,FALSE,FALSE,FALSE,FALSE,FALSE,FALSE,FALSE,FALSE
1846,0.85,0.92,2.57,2.14,1.16,0.43,1.18,1.25,1.06,2.56,3.45,2.32,1.02,0.55,1.36,2.34,2.13,0.67,2.01,1.23,0.79,FALSE,FALSE,FALSE,FALSE,FALSE,FALSE,FALSE,FALSE,FALSE,FALSE,FALSE,FALSE,FALSE,FALSE,FALSE,FALSE,FALSE,FALSE,FALSE,FALSE,FALSE
1847,0.44,0.33,1.1,0.83,0.51,1.07,0.38,0.45,0.47,0.99,1.37,1,0.28,0.31,0.81,1.19,0.66,0.31,1.15,0.73,0.37,FALSE,FALSE,FALSE,FALSE,FALSE,FALSE,FALSE,FALSE,FALSE,FALSE,FALSE,FALSE,FALSE,FALSE,FALSE,FALSE,FALSE,FALSE,FALSE,FALSE,FALSE
1848,0.74,1.05,2.17,1.88,1.06,1.33,1.07,0.87,0.3,2.82,3.74,1.79,0.87,0.44,1.9,1.82,1.69,0.54,2.39,1.63,0.51,FALSE,FALSE,FALSE,FALSE,FALSE,FALSE,FALSE,FALSE,FALSE,FALSE,FALSE,FALSE,FALSE,FALSE,FALSE,FALSE,FALSE,FALSE,FALSE,FALSE,FALSE
1849,0.67,0.7,2.04,1.82,1.14,1.09,0.98,0.86,0.29,3.12,3.19,1.77,1.1,0.61,1.9,1.68,1.53,0.62,2.08,1.7,0.63,FALSE,FALSE,FALSE,FALSE,FALSE,FALSE,FALSE,FALSE,FALSE,FALSE,FALSE,FALSE,FALSE,FALSE,FALSE,FALSE,FALSE,FALSE,FALSE,FALSE,FALSE
1850,0.72,0.97,2.3,2.15,1.18,0.61,0.86,0.76,0.38,2.93,3.25,1.85,1.14,0.71,2.1,1.73,1.5,0.65,1.99,1.76,0.56,FALSE,FALSE,FALSE,FALSE,FALSE,FALSE,FALSE,FALSE,FALSE,FALSE,FALSE,FALSE,FALSE,FALSE,FALSE,FALSE,FALSE,FALSE,FALSE,FALSE,FALSE
1851,0.46,0.43,1.33,1.18,0.62,1.21,0.65,0.53,0.3,2.37,2.74,1.56,0.89,0.36,1.25,0.82,1.33,0.44,1.32,1.24,0.48,FALSE,FALSE,FALSE,FALSE,FALSE,FALSE,FALSE,FALSE,FALSE,FALSE,FALSE,FALSE,FALSE,FALSE,FALSE,FALSE,FALSE,FALSE,FALSE,FALSE,FALSE
1852,0.83,0.9,2.41,1.96,0.97,0.66,1.18,1.02,0.62,3.06,3.46,2.22,1.11,0.55,1.66,2.08,1.86,0.56,1.84,2.18,0.71,FALSE,FALSE,FALSE,FALSE,FALSE,FALSE,FALSE,FALSE,FALSE,FALSE,FALSE,FALSE,FALSE,FALSE,FALSE,FALSE,FALSE,FALSE,FALSE,FALSE,FALSE
1853,0.55,0.46,1.63,1.38,0.71,0.94,0.9,0.75,0.49,2.26,2.27,1.94,0.95,0.45,1.37,1.06,2.08,0.5,1.73,2.09,0.44,FALSE,FALSE,FALSE,FALSE,FALSE,FALSE,FALSE,FALSE,FALSE,FALSE,FALSE,FALSE,FALSE,FALSE,FALSE,FALSE,FALSE,FALSE,FALSE,FALSE,FALSE
1854,0.45,0.63,1.92,1.54,1.03,0.95,0.83,0.73,0.94,2.55,3.2,1.95,1.5,0.55,1.92,1.52,2.06,0.43,1.7,1.62,0.39,FALSE,FALSE,FALSE,FALSE,FALSE,FALSE,FALSE,FALSE,FALSE,FALSE,FALSE,FALSE,FALSE,FALSE,FALSE,FALSE,FALSE,FALSE,FALSE,FALSE,FALSE
1855,0.58,0.61,1.81,1.62,0.75,0.75,0.84,0.82,0.95,2.34,2.57,1.4,1.48,0.34,1.47,1.11,1.53,0.53,1.28,1.49,0.39,FALSE,FALSE,FALSE,FALSE,FALSE,FALSE,FALSE,FALSE,FALSE,FALSE,FALSE,FALSE,FALSE,FALSE,FALSE,FALSE,FALSE,FALSE,FALSE,FALSE,FALSE
1856,0.42,0.65,1.95,1.37,0.72,0.55,0.33,0.52,0.88,1.99,2.44,1.17,1.34,0.37,1.24,1.04,1.67,0.54,1.33,1.34,0.34,FALSE,FALSE,FALSE,FALSE,FALSE,FALSE,FALSE,FALSE,FALSE,FALSE,FALSE,FALSE,FALSE,FALSE,FALSE,FALSE,FALSE,FALSE,FALSE,FALSE,FALSE
1857,0.29,0.38,1.75,1.34,0.65,0.94,0.29,0.46,0.7,1.77,2.24,0.87,1.07,0.37,1.02,0.62,1.52,0.37,1.24,1.05,0.28,FALSE,FALSE,FALSE,FALSE,FALSE,FALSE,FALSE,FALSE,FALSE,FALSE,FALSE,FALSE,FALSE,FALSE,FALSE,FALSE,FALSE,FALSE,FALSE,FALSE,FALSE
1858,0.45,0.71,2.15,1.88,0.93,0.45,0.51,0.75,0.79,2.14,3.11,1.21,1.51,0.45,1.41,1.39,1.72,0.47,1.41,1.28,0.4,FALSE,FALSE,FALSE,FALSE,FALSE,FALSE,FALSE,FALSE,FALSE,FALSE,FALSE,FALSE,FALSE,FALSE,FALSE,FALSE,FALSE,FALSE,FALSE,FALSE,FALSE
1859,0.49,0.3,1.32,1.21,0.53,1.06,0.28,0.39,0.74,1.68,2.33,1.09,0.88,0.45,1.37,0.94,1.76,0.4,1.2,0.86,0.43,FALSE,FALSE,FALSE,FALSE,FALSE,FALSE,FALSE,FALSE,FALSE,FALSE,FALSE,FALSE,FALSE,FALSE,FALSE,FALSE,FALSE,FALSE,FALSE,FALSE,FALSE
1860,0.36,0.78,2.06,1.73,0.98,0.63,0.3,0.37,0.79,2.11,3.31,1.25,1.44,0.58,1.99,1.62,2.56,0.48,1.37,1.18,0.37,FALSE,FALSE,FALSE,FALSE,FALSE,FALSE,FALSE,FALSE,FALSE,FALSE,FALSE,FALSE,FALSE,FALSE,FALSE,FALSE,FALSE,FALSE,FALSE,FALSE,FALSE
1861,0.19,0.34,1.06,0.71,0.51,0.78,0.12,0.07,0.49,1.59,2.36,0.77,0.79,0.23,1.24,0.74,1.08,0.32,0.77,0.61,0.15,FALSE,FALSE,FALSE,FALSE,FALSE,FALSE,FALSE,FALSE,FALSE,FALSE,FALSE,FALSE,FALSE,FALSE,FALSE,FALSE,FALSE,FALSE,FALSE,FALSE,FALSE
1862,0.28,0.67,1.5,1.57,0.62,0.35,0.38,0.27,0.81,2.5,3,1.28,1.02,0.34,1.64,1,1.67,0.37,1.1,0.89,0.37,FALSE,FALSE,FALSE,FALSE,FALSE,FALSE,FALSE,FALSE,FALSE,FALSE,FALSE,FALSE,FALSE,FALSE,FALSE,FALSE,FALSE,FALSE,FALSE,FALSE,FALSE
1863,0.19,0.3,0.62,0.68,0.36,0.56,0.14,0.03,0.39,1.68,1.87,0.7,0.48,0.19,0.99,0.94,1.22,0.22,0.87,0.85,0.18,FALSE,FALSE,FALSE,FALSE,FALSE,FALSE,FALSE,FALSE,FALSE,FALSE,FALSE,FALSE,FALSE,FALSE,FALSE,FALSE,FALSE,FALSE,FALSE,FALSE,FALSE
1864,0.1,0.3,0.65,0.44,0.41,0.65,0.15,0.06,0.33,1.66,2.25,0.51,0.58,0.16,0.78,0.61,0.78,0.09,0.66,0.63,0.13,FALSE,FALSE,FALSE,FALSE,FALSE,FALSE,FALSE,FALSE,FALSE,FALSE,FALSE,FALSE,FALSE,FALSE,FALSE,FALSE,FALSE,FALSE,FALSE,FALSE,FALSE
1865,0.32,0.6,1.21,1.39,0.77,1.01,0.3,0.28,0.68,2.01,2.25,0.84,0.77,0.33,1.13,0.75,1.65,0.36,1.1,0.76,0.34,FALSE,FALSE,FALSE,FALSE,FALSE,FALSE,FALSE,FALSE,FALSE,FALSE,FALSE,FALSE,FALSE,FALSE,FALSE,FALSE,FALSE,FALSE,FALSE,FALSE,FALSE
1866,0.34,0.98,2.07,2.04,0.88,0.84,0.24,0.21,0.85,3.21,3.71,1.59,1.49,0.41,2.38,1.58,2.24,0.44,1.53,1.42,0.44,FALSE,FALSE,FALSE,FALSE,FALSE,FALSE,FALSE,FALSE,FALSE,FALSE,FALSE,FALSE,FALSE,FALSE,FALSE,FALSE,FALSE,FALSE,FALSE,FALSE,FALSE
1867,0.47,1.11,2.34,2.13,0.95,0.93,0.28,0.24,0.71,2.75,2.88,1.75,1.21,0.41,2.74,1.51,1.61,0.51,1.3,1.59,0.44,FALSE,FALSE,FALSE,FALSE,FALSE,FALSE,FALSE,FALSE,FALSE,FALSE,FALSE,FALSE,FALSE,FALSE,FALSE,FALSE,FALSE,FALSE,FALSE,FALSE,FALSE
1868,0.46,1.13,2.23,2.34,1.16,1.22,0.2,0.15,0.86,2.38,2.74,1.67,1.14,0.31,2.3,1.52,2.07,0.59,1.46,1.57,0.5,FALSE,FALSE,FALSE,FALSE,FALSE,FALSE,FALSE,FALSE,FALSE,FALSE,FALSE,FALSE,FALSE,FALSE,FALSE,FALSE,FALSE,FALSE,FALSE,FALSE,FALSE
1869,0.64,1.21,2.44,1.94,1.13,1.06,0.33,0.28,1.12,2.43,3.17,1.82,1.12,0.41,2.08,1.51,1.97,0.56,1.24,1.82,0.44,FALSE,FALSE,FALSE,FALSE,FALSE,FALSE,FALSE,FALSE,FALSE,FALSE,FALSE,FALSE,FALSE,FALSE,FALSE,FALSE,FALSE,FALSE,FALSE,FALSE,FALSE
1870,0.44,1.29,1.99,1.77,0.93,0.49,0.19,0.18,1.05,2.28,2.73,1.55,1.14,0.41,1.9,1.21,1.79,0.44,1.11,1.13,0.71,FALSE,FALSE,FALSE,FALSE,FALSE,FALSE,FALSE,FALSE,FALSE,FALSE,FALSE,FALSE,FALSE,FALSE,FALSE,FALSE,FALSE,FALSE,FALSE,FALSE,FALSE
1871,0.27,0.6,1.22,1.19,0.67,0.47,0.12,0.08,0.57,1.6,1.81,0.95,0.35,0.35,1.15,0.56,0.69,0.27,0.47,0.78,0.43,FALSE,FALSE,FALSE,FALSE,FALSE,FALSE,FALSE,FALSE,FALSE,FALSE,FALSE,FALSE,FALSE,FALSE,FALSE,FALSE,FALSE,FALSE,FALSE,FALSE,FALSE
1872,0.17,0.51,0.98,0.7,0.42,0.45,0.08,0.06,0.55,0.76,1.36,0.63,0.33,0.16,0.71,0.64,0.43,0.14,0.35,0.6,0.21,FALSE,FALSE,FALSE,FALSE,FALSE,FALSE,FALSE,FALSE,FALSE,FALSE,FALSE,FALSE,FALSE,FALSE,FALSE,FALSE,FALSE,FALSE,FALSE,FALSE,FALSE
1873,0.25,0.33,1.2,0.98,0.41,0.75,0.13,0.08,0.54,0.76,1.29,0.56,0.49,0.22,0.83,0.75,0.92,0.23,0.68,0.51,0.34,FALSE,FALSE,FALSE,FALSE,FALSE,FALSE,FALSE,FALSE,FALSE,FALSE,FALSE,FALSE,FALSE,FALSE,FALSE,FALSE,FALSE,FALSE,FALSE,FALSE,FALSE
1874,0.36,0.47,1.35,1.77,0.75,0.72,0.14,0.16,0.62,0.86,1.87,0.81,0.51,0.2,1.02,0.81,0.98,0.29,0.89,0.68,0.35,FALSE,FALSE,FALSE,FALSE,FALSE,FALSE,FALSE,FALSE,FALSE,FALSE,FALSE,FALSE,FALSE,FALSE,FALSE,FALSE,FALSE,FALSE,FALSE,FALSE,FALSE
1875,0.41,0.54,1.61,1.6,0.74,0.54,0.22,0.19,0.59,1.12,2.22,0.83,0.86,0.31,1.35,1.06,1.17,0.28,0.92,0.97,0.43,FALSE,FALSE,FALSE,FALSE,FALSE,FALSE,FALSE,FALSE,FALSE,FALSE,FALSE,FALSE,FALSE,FALSE,FALSE,FALSE,FALSE,FALSE,FALSE,FALSE,FALSE
1876,0.4,0.39,2.15,1.68,0.54,1,0.16,0.19,0.59,1.21,1.87,1.21,1.16,0.27,1.19,1.2,0.99,0.18,0.85,1.12,0.36,FALSE,FALSE,FALSE,FALSE,FALSE,FALSE,FALSE,FALSE,FALSE,FALSE,FALSE,FALSE,FALSE,FALSE,FALSE,FALSE,FALSE,FALSE,FALSE,FALSE,FALSE
1877,0.52,1.05,3.04,2.22,0.9,0.85,0.25,0.28,0.7,1.08,2.34,1.04,1.12,0.34,1.17,1.14,1.57,0.28,1.02,1.4,0.4,FALSE,FALSE,FALSE,FALSE,FALSE,FALSE,FALSE,FALSE,FALSE,FALSE,FALSE,FALSE,FALSE,FALSE,FALSE,FALSE,FALSE,FALSE,FALSE,FALSE,FALSE
1878,0.5,0.91,2.85,2.58,0.8,0.58,0.18,0.29,0.85,1.31,2.2,0.95,1.22,0.27,1.41,1.27,1.31,0.26,0.82,2,0.47,FALSE,FALSE,FALSE,FALSE,FALSE,FALSE,FALSE,FALSE,FALSE,FALSE,FALSE,FALSE,FALSE,FALSE,FALSE,FALSE,FALSE,FALSE,FALSE,FALSE,FALSE
1879,0.43,0.59,2.37,2.02,0.5,0.71,0.14,0.25,0.81,1.14,1.61,0.73,0.87,0.27,1.11,0.92,1.2,0.24,0.55,1.81,0.38,FALSE,FALSE,FALSE,FALSE,FALSE,FALSE,FALSE,FALSE,FALSE,FALSE,FALSE,FALSE,FALSE,FALSE,FALSE,FALSE,FALSE,FALSE,FALSE,FALSE,FALSE
1880,0.39,0.88,2.67,2.68,0.9,0.58,0.2,0.25,1.34,1.75,2.17,1.27,1.08,0.33,1.39,0.97,1.95,0.27,0.9,1.9,0.43,FALSE,FALSE,FALSE,FALSE,FALSE,FALSE,FALSE,FALSE,FALSE,FALSE,FALSE,FALSE,FALSE,FALSE,FALSE,FALSE,FALSE,FALSE,FALSE,FALSE,FALSE
1881,0.37,0.71,2.05,2.19,0.77,0.82,0.21,0.17,1.15,1.6,1.85,0.72,1.05,0.28,1.57,0.88,1.37,0.29,0.68,2.03,0.36,FALSE,FALSE,FALSE,FALSE,FALSE,FALSE,FALSE,FALSE,FALSE,FALSE,FALSE,FALSE,FALSE,FALSE,FALSE,FALSE,FALSE,FALSE,FALSE,FALSE,FALSE
1882,0.48,0.9,1.92,2.23,0.79,0.66,0.39,0.36,1.25,1.85,2.35,1.01,1.51,0.36,1.83,1.45,1.62,0.33,0.96,1.64,0.56,FALSE,FALSE,FALSE,FALSE,FALSE,FALSE,FALSE,FALSE,FALSE,FALSE,FALSE,FALSE,FALSE,FALSE,FALSE,FALSE,FALSE,FALSE,FALSE,FALSE,FALSE
1883,0.56,0.68,1.61,2.31,0.87,0.88,0.34,0.24,1.37,2.01,3.12,0.78,1.23,0.21,1.31,0.72,1.31,0.34,0.77,1.51,0.52,FALSE,FALSE,FALSE,FALSE,FALSE,FALSE,FALSE,FALSE,FALSE,FALSE,FALSE,FALSE,FALSE,FALSE,FALSE,FALSE,FALSE,FALSE,FALSE,FALSE,FALSE
1884,0.71,0.93,2.12,2.48,0.76,0.71,0.45,0.37,1.28,1.72,2.36,0.98,1.34,0.32,1.7,1.01,1.13,0.4,0.85,1.46,0.65,FALSE,FALSE,FALSE,FALSE,FALSE,FALSE,FALSE,FALSE,FALSE,FALSE,FALSE,FALSE,FALSE,FALSE,FALSE,FALSE,FALSE,FALSE,FALSE,FALSE,FALSE
1885,0.5,0.86,1.87,2.41,0.65,0.42,0.31,0.26,1.16,1.44,2.08,0.7,1.26,0.31,1.44,1.1,1.06,0.33,0.8,1.31,0.49,FALSE,FALSE,FALSE,FALSE,FALSE,FALSE,FALSE,FALSE,FALSE,FALSE,FALSE,FALSE,FALSE,FALSE,FALSE,FALSE,FALSE,FALSE,FALSE,FALSE,FALSE
1886,0.4,0.74,2.25,1.81,0.49,0.59,0.3,0.35,1.03,0.9,1.47,0.84,0.86,0.26,0.94,0.7,0.96,0.31,0.64,1.01,0.41,FALSE,FALSE,FALSE,FALSE,FALSE,FALSE,FALSE,FALSE,FALSE,FALSE,FALSE,FALSE,FALSE,FALSE,FALSE,FALSE,FALSE,FALSE,FALSE,FALSE,FALSE
1887,0.25,0.49,2.61,1.44,0.63,0.49,0.16,0.17,0.78,1.24,1.62,0.65,1.08,0.3,1.39,0.85,1.12,0.27,0.75,0.66,0.34,FALSE,FALSE,FALSE,FALSE,FALSE,FALSE,FALSE,FALSE,FALSE,FALSE,FALSE,FALSE,FALSE,FALSE,FALSE,FALSE,FALSE,FALSE,FALSE,FALSE,FALSE
1888,0.51,0.62,1.91,1.5,0.46,0.53,0.31,0.37,0.97,1.34,1.23,0.85,1.11,0.37,1.45,0.73,1.02,0.3,0.95,0.79,0.39,FALSE,FALSE,FALSE,FALSE,FALSE,FALSE,FALSE,FALSE,FALSE,FALSE,FALSE,FALSE,FALSE,FALSE,FALSE,FALSE,FALSE,FALSE,FALSE,FALSE,FALSE
1889,0.43,0.63,2.66,1.76,0.64,0.7,0.25,0.2,1.01,1.52,1.99,0.87,1.5,0.25,1.37,0.71,1.84,0.25,0.96,0.78,0.48,FALSE,FALSE,FALSE,FALSE,FALSE,FALSE,FALSE,FALSE,FALSE,FALSE,FALSE,FALSE,FALSE,FALSE,FALSE,FALSE,FALSE,FALSE,FALSE,FALSE,FALSE
1890,0.71,0.7,3.17,1.79,0.77,0.71,0.39,0.29,0.98,1.42,1.96,1.2,1.1,0.27,1.63,0.84,1.88,0.37,1.23,0.72,0.46,FALSE,FALSE,FALSE,FALSE,FALSE,FALSE,FALSE,FALSE,FALSE,FALSE,FALSE,FALSE,FALSE,FALSE,FALSE,FALSE,FALSE,FALSE,FALSE,FALSE,FALSE
1891,0.49,0.86,3.16,1.96,0.76,0.47,0.5,0.37,1.1,1.51,1.78,1.06,1.2,0.33,1.39,0.68,1.11,0.33,0.75,0.64,0.54,FALSE,FALSE,FALSE,FALSE,FALSE,FALSE,FALSE,FALSE,FALSE,FALSE,FALSE,FALSE,FALSE,FALSE,FALSE,FALSE,FALSE,FALSE,FALSE,FALSE,FALSE
1892,0.44,0.52,2.58,2.24,0.57,0.34,0.35,0.28,0.87,1.22,1.35,0.92,1.02,0.23,0.96,0.54,1.05,0.27,0.84,0.66,0.33,FALSE,FALSE,FALSE,FALSE,FALSE,FALSE,FALSE,FALSE,FALSE,FALSE,FALSE,FALSE,FALSE,FALSE,FALSE,FALSE,FALSE,FALSE,FALSE,FALSE,FALSE
1893,0.43,0.33,2.49,2.08,0.36,0.19,0.33,0.32,0.81,1.04,1.45,0.69,0.71,0.15,0.66,0.43,0.77,0.3,0.66,0.51,0.23,FALSE,FALSE,FALSE,FALSE,FALSE,FALSE,FALSE,FALSE,FALSE,FALSE,FALSE,FALSE,FALSE,FALSE,FALSE,FALSE,FALSE,FALSE,FALSE,FALSE,FALSE
1894,0.36,0.19,1.75,1.44,0.14,0.42,0.17,0.15,0.36,0.71,1.13,0.39,0.54,0.14,0.61,0.44,0.55,0.23,0.5,0.3,0.26,FALSE,FALSE,FALSE,FALSE,FALSE,FALSE,FALSE,FALSE,FALSE,FALSE,FALSE,FALSE,FALSE,FALSE,FALSE,FALSE,FALSE,FALSE,FALSE,FALSE,FALSE
1895,0.51,0.28,1.91,1.83,0.47,0.43,0.31,0.26,0.56,0.95,1.28,0.68,0.7,0.23,1.02,0.63,0.71,0.35,0.83,0.73,0.41,FALSE,FALSE,FALSE,FALSE,FALSE,FALSE,FALSE,FALSE,FALSE,FALSE,FALSE,FALSE,FALSE,FALSE,FALSE,FALSE,FALSE,FALSE,FALSE,FALSE,FALSE
1896,0.53,0.38,2.17,2.1,0.58,0.58,0.37,0.34,0.76,1.22,1.23,0.7,0.71,0.32,1.01,0.63,0.62,0.34,0.63,0.73,0.54,FALSE,FALSE,FALSE,FALSE,FALSE,FALSE,FALSE,FALSE,FALSE,FALSE,FALSE,FALSE,FALSE,FALSE,FALSE,FALSE,FALSE,FALSE,FALSE,FALSE,FALSE
1897,0.45,0.47,2.39,2.41,0.63,0.81,0.3,0.28,0.76,1.57,1.34,0.66,0.93,0.29,1.15,0.64,0.84,0.28,0.92,0.8,0.5,FALSE,FALSE,FALSE,FALSE,FALSE,FALSE,FALSE,FALSE,FALSE,FALSE,FALSE,FALSE,FALSE,FALSE,FALSE,FALSE,FALSE,FALSE,FALSE,FALSE,FALSE
1898,0.88,0.6,2.75,2.61,0.9,0.33,0.41,0.41,0.97,2.03,1.93,1.08,1.47,0.29,2.23,1.05,1.14,0.41,1.1,1.7,0.93,FALSE,FALSE,FALSE,FALSE,FALSE,FALSE,FALSE,FALSE,FALSE,FALSE,FALSE,FALSE,FALSE,FALSE,FALSE,FALSE,FALSE,FALSE,FALSE,FALSE,FALSE
1899,0.67,0.24,1.8,1.6,0.25,0.36,0.22,0.25,0.55,1.99,1.18,0.6,0.75,0.18,1.61,0.53,0.8,0.35,1.07,1.39,0.74,FALSE,FALSE,FALSE,FALSE,FALSE,FALSE,FALSE,FALSE,FALSE,FALSE,FALSE,FALSE,FALSE,FALSE,FALSE,FALSE,FALSE,FALSE,FALSE,FALSE,FALSE
1900,0.53,0.4,0.98,1.02,0.32,0.65,0.3,0.36,0.57,1.07,0.74,0.38,0.51,0.19,0.91,0.5,0.37,0.19,0.48,0.64,0.45,FALSE,FALSE,FALSE,FALSE,FALSE,FALSE,FALSE,FALSE,FALSE,FALSE,FALSE,FALSE,FALSE,FALSE,FALSE,FALSE,FALSE,FALSE,FALSE,FALSE,FALSE
1901,0.46,0.46,2.06,1.98,0.51,0.08,0.36,0.42,0.8,1.78,1.7,0.85,0.84,0.19,1.26,0.85,0.75,0.29,1,0.86,0.46,FALSE,FALSE,FALSE,FALSE,FALSE,FALSE,FALSE,FALSE,FALSE,FALSE,FALSE,FALSE,FALSE,FALSE,FALSE,FALSE,FALSE,FALSE,FALSE,FALSE,FALSE
1902,0.51,0.3,1.09,1.07,0.3,0.32,0.23,0.35,0.51,1.25,1.06,0.41,0.65,0.15,0.69,0.65,0.6,0.17,0.68,0.57,0.41,FALSE,FALSE,FALSE,FALSE,FALSE,FALSE,FALSE,FALSE,FALSE,FALSE,FALSE,FALSE,FALSE,FALSE,FALSE,FALSE,FALSE,FALSE,FALSE,FALSE,FALSE
1903,0.69,0.53,1.44,1.68,0.75,0.63,0.42,0.53,1.18,2.34,1.34,1,1.08,0.32,1.28,1.14,1.02,0.44,1.03,1.04,0.76,FALSE,FALSE,FALSE,FALSE,FALSE,FALSE,FALSE,FALSE,FALSE,FALSE,FALSE,FALSE,FALSE,FALSE,FALSE,FALSE,FALSE,FALSE,FALSE,FALSE,FALSE
1904,0.25,0.1,0.34,0.57,0.41,0.31,0,0,0.3,0.97,0.44,0.36,0.25,0.04,0.55,0.29,0.22,0.05,0.34,0.37,0.22,FALSE,FALSE,FALSE,FALSE,FALSE,FALSE,FALSE,FALSE,FALSE,FALSE,FALSE,FALSE,FALSE,FALSE,FALSE,FALSE,FALSE,FALSE,FALSE,FALSE,FALSE
1905,0.73,0.51,1.7,1.69,0.83,0.71,0.53,0.67,0.97,1.65,1.3,1.1,1.02,0.35,1.38,0.77,0.89,0.45,1.13,1.05,0.59,FALSE,FALSE,FALSE,FALSE,FALSE,FALSE,FALSE,FALSE,FALSE,FALSE,FALSE,FALSE,FALSE,FALSE,FALSE,FALSE,FALSE,FALSE,FALSE,FALSE,FALSE
1906,0.68,0.51,1.03,2.12,0.77,0.6,0.35,0.56,1.16,2.23,1.85,1.21,1.18,0.24,1.28,1.01,0.96,0.49,1.12,1.2,0.53,FALSE,FALSE,FALSE,FALSE,FALSE,FALSE,FALSE,FALSE,FALSE,FALSE,FALSE,FALSE,FALSE,FALSE,FALSE,FALSE,FALSE,FALSE,FALSE,FALSE,FALSE
1907,1.03,0.68,1.78,3.32,1.07,1.07,0.36,0.85,1.97,2.81,2.95,2.4,1.87,0.34,2.54,2.33,1.98,0.68,1.69,1.93,0.87,FALSE,FALSE,FALSE,FALSE,FALSE,FALSE,FALSE,FALSE,FALSE,FALSE,FALSE,FALSE,FALSE,FALSE,FALSE,FALSE,FALSE,FALSE,FALSE,FALSE,FALSE
1908,0.86,0.97,1.87,3.06,1.04,1.21,0.57,0.78,2.09,2.19,2.75,2.32,2.1,0.43,2.49,2.19,1.74,0.54,1.62,2.17,0.65,FALSE,FALSE,FALSE,FALSE,FALSE,FALSE,FALSE,FALSE,FALSE,FALSE,FALSE,FALSE,FALSE,FALSE,FALSE,FALSE,FALSE,FALSE,FALSE,FALSE,FALSE
1909,0.74,1.07,1.59,2.91,0.85,0.7,0.6,0.83,2.21,2.18,2.48,1.82,1.44,0.39,2.32,1.45,1.45,0.43,1.39,1.8,0.87,FALSE,FALSE,FALSE,FALSE,FALSE,FALSE,FALSE,FALSE,FALSE,FALSE,FALSE,FALSE,FALSE,FALSE,FALSE,FALSE,FALSE,FALSE,FALSE,FALSE,FALSE
1910,0.73,0.8,1.04,2.49,0.65,0.48,0.52,0.76,1.18,2.33,1.94,1.17,1.07,0.33,1.91,1.32,1.27,0.33,1.09,1.45,0.88,FALSE,FALSE,FALSE,FALSE,FALSE,FALSE,FALSE,FALSE,FALSE,FALSE,FALSE,FALSE,FALSE,FALSE,FALSE,FALSE,FALSE,FALSE,FALSE,FALSE,FALSE
1911,0.69,1.15,1.77,3.07,0.75,0.86,0.61,0.77,1.45,2.87,1.93,1.84,1.7,0.39,2.82,1.74,1.77,0.44,1.61,1.68,0.7,FALSE,FALSE,FALSE,FALSE,FALSE,FALSE,FALSE,FALSE,FALSE,FALSE,FALSE,FALSE,FALSE,FALSE,FALSE,FALSE,FALSE,FALSE,FALSE,FALSE,FALSE
1912,0.71,1.1,2.09,2.6,0.54,0.98,0.63,0.82,1.36,2.24,2.34,1.58,1.41,0.31,1.77,1.43,1.43,0.36,1.14,1.43,0.55,FALSE,FALSE,FALSE,FALSE,FALSE,FALSE,FALSE,FALSE,FALSE,FALSE,FALSE,FALSE,FALSE,FALSE,FALSE,FALSE,FALSE,FALSE,FALSE,FALSE,FALSE
1913,0.62,0.62,1.35,1.9,0.44,0.59,0.37,0.54,0.82,1.67,1.86,1.2,1.02,0.34,1.27,1.3,1.27,0.25,1.09,1.1,0.62,FALSE,FALSE,FALSE,FALSE,FALSE,FALSE,FALSE,FALSE,FALSE,FALSE,FALSE,FALSE,FALSE,FALSE,FALSE,FALSE,FALSE,FALSE,FALSE,FALSE,FALSE
1914,0.78,1.15,2,2.8,0.61,0.77,0.4,0.7,0.99,2.46,1.94,1.35,1.58,0.35,2.35,1.87,1.5,0.37,1.5,1.3,0.9,FALSE,FALSE,FALSE,FALSE,FALSE,FALSE,FALSE,FALSE,FALSE,FALSE,FALSE,FALSE,FALSE,FALSE,FALSE,FALSE,FALSE,FALSE,FALSE,FALSE,FALSE
1915,0.75,1.51,2.6,2.64,0.79,0.89,0.59,0.78,1.06,2.53,1.57,1.37,1.31,0.41,2.15,1.66,1.35,0.37,1.28,1.47,0.73,FALSE,FALSE,FALSE,FALSE,FALSE,FALSE,FALSE,FALSE,FALSE,FALSE,FALSE,FALSE,FALSE,FALSE,FALSE,FALSE,FALSE,FALSE,FALSE,FALSE,FALSE
1916,0.72,1.19,2.57,2.43,0.59,0.88,0.57,0.77,1.28,2.33,1.59,1.24,1.26,0.35,1.79,0.98,1.25,0.41,0.97,1.39,0.73,FALSE,FALSE,FALSE,FALSE,FALSE,FALSE,FALSE,FALSE,FALSE,FALSE,FALSE,FALSE,FALSE,FALSE,FALSE,FALSE,FALSE,FALSE,FALSE,FALSE,FALSE
1917,0.72,1.21,3.26,3.51,0.59,0.79,0.6,0.82,1.35,2.32,2.06,1.49,1.23,0.43,2.02,1.63,1.39,0.43,1.18,1.4,0.78,FALSE,FALSE,FALSE,TRUE,FALSE,FALSE,FALSE,FALSE,FALSE,FALSE,FALSE,FALSE,FALSE,FALSE,FALSE,FALSE,FALSE,FALSE,FALSE,FALSE,FALSE
1918,0.6,0.93,1.99,1.92,0.64,0.88,0.62,0.67,1.1,2.05,1.95,1.13,1.08,0.33,1.3,1.25,1.16,0.39,0.96,1.31,0.6,FALSE,FALSE,FALSE,FALSE,FALSE,FALSE,FALSE,FALSE,FALSE,FALSE,FALSE,FALSE,FALSE,FALSE,FALSE,FALSE,FALSE,FALSE,FALSE,FALSE,FALSE
1919,0.75,0.9,2.5,2.09,0.88,0.85,0.61,0.61,1.41,1.91,2.18,1.42,1.76,0.38,1.28,1.64,1.59,0.32,1.08,1.52,0.67,FALSE,FALSE,FALSE,FALSE,FALSE,FALSE,FALSE,FALSE,FALSE,FALSE,FALSE,FALSE,FALSE,FALSE,FALSE,FALSE,FALSE,FALSE,FALSE,FALSE,FALSE
1920,0.65,0.97,1.78,1.8,0.75,0.74,0.62,0.65,1.2,1.58,1.81,1.18,1.31,0.39,1.29,1.5,1.23,0.36,1.13,1.21,0.63,FALSE,FALSE,FALSE,FALSE,FALSE,FALSE,FALSE,FALSE,FALSE,FALSE,FALSE,FALSE,FALSE,FALSE,FALSE,FALSE,FALSE,FALSE,FALSE,FALSE,FALSE
1921,0.61,0.6,1.04,1.25,0.57,0.39,0.32,0.35,0.83,1.54,1.38,0.73,1.09,0.18,0.81,0.98,0.83,0.26,1.1,0.85,0.43,FALSE,FALSE,FALSE,FALSE,FALSE,FALSE,FALSE,FALSE,FALSE,FALSE,FALSE,FALSE,FALSE,FALSE,FALSE,FALSE,FALSE,FALSE,FALSE,FALSE,FALSE
1922,0.62,0.69,1.02,1.23,0.51,0.44,0.41,0.36,0.98,1.3,1.82,0.85,1.12,0.18,1.07,0.84,0.99,0.28,1.07,0.84,0.8,FALSE,FALSE,FALSE,FALSE,FALSE,FALSE,FALSE,FALSE,FALSE,FALSE,FALSE,FALSE,FALSE,FALSE,FALSE,FALSE,FALSE,FALSE,FALSE,FALSE,FALSE
1923,0.56,0.45,0.69,0.9,0.34,0.28,0.29,0.31,0.51,0.79,1.06,0.74,1.05,0.19,0.89,0.82,0.82,0.23,0.82,0.7,0.79,FALSE,FALSE,FALSE,FALSE,FALSE,FALSE,FALSE,FALSE,FALSE,FALSE,FALSE,FALSE,FALSE,FALSE,FALSE,FALSE,FALSE,FALSE,FALSE,FALSE,FALSE
1924,0.67,0.88,1.04,1.43,0.69,0.59,0.28,0.44,0.9,1.3,1.43,0.8,1.26,0.25,1.14,0.97,0.91,0.34,1.08,0.8,0.7,FALSE,FALSE,FALSE,FALSE,FALSE,FALSE,FALSE,FALSE,FALSE,FALSE,FALSE,FALSE,FALSE,FALSE,FALSE,FALSE,FALSE,FALSE,FALSE,FALSE,FALSE
1925,0.46,0.53,0.49,0.71,0.27,0.22,0.16,0.15,0.44,1.07,1.11,0.57,0.8,0.11,0.61,0.59,1.03,0.22,0.81,0.54,0.41,FALSE,FALSE,FALSE,FALSE,FALSE,FALSE,FALSE,FALSE,FALSE,FALSE,FALSE,FALSE,FALSE,FALSE,FALSE,FALSE,FALSE,FALSE,FALSE,FALSE,FALSE
1926,0.58,0.78,1.18,1.12,0.5,0.41,0.39,0.44,0.98,1.35,1.44,0.89,1.21,0.22,0.95,1.07,1.05,0.39,0.95,0.58,0.53,FALSE,FALSE,FALSE,FALSE,FALSE,FALSE,FALSE,FALSE,FALSE,FALSE,FALSE,FALSE,FALSE,FALSE,FALSE,FALSE,FALSE,FALSE,FALSE,FALSE,FALSE
1927,0.86,0.8,1.24,1.13,0.46,0.39,0.36,0.37,0.76,1.9,1.75,0.99,1.34,0.17,1.11,0.96,1.13,0.39,1.19,0.77,0.57,FALSE,FALSE,FALSE,FALSE,FALSE,FALSE,FALSE,FALSE,FALSE,FALSE,FALSE,FALSE,FALSE,FALSE,FALSE,FALSE,FALSE,FALSE,FALSE,FALSE,FALSE
1928,0.74,0.74,1.15,1.09,0.48,0.46,0.43,0.41,0.78,1.52,1.56,0.88,1.52,0.15,0.94,0.73,1.05,0.27,0.95,0.86,0.58,FALSE,FALSE,FALSE,FALSE,FALSE,FALSE,FALSE,FALSE,FALSE,FALSE,FALSE,FALSE,FALSE,FALSE,FALSE,FALSE,FALSE,FALSE,FALSE,FALSE,FALSE
1929,0.44,0.59,1.26,0.9,0.46,0.28,0.3,0.28,0.6,1.16,1.54,0.75,1.2,0.16,1.11,0.82,1.25,0.27,0.98,0.63,0.46,FALSE,FALSE,FALSE,FALSE,FALSE,FALSE,FALSE,FALSE,FALSE,FALSE,FALSE,FALSE,FALSE,FALSE,FALSE,FALSE,FALSE,FALSE,FALSE,FALSE,FALSE
1930,0.5,1.09,1.76,1.34,0.59,0.46,0.44,0.39,0.92,1.79,1.85,0.74,1.12,0.18,1.36,0.78,1.18,0.37,0.89,0.62,0.49,FALSE,FALSE,FALSE,FALSE,FALSE,FALSE,FALSE,FALSE,FALSE,FALSE,FALSE,FALSE,FALSE,FALSE,FALSE,FALSE,FALSE,FALSE,FALSE,FALSE,FALSE
1931,0.62,1.16,1.95,1.33,0.59,0.51,0.38,0.37,1,1.6,1.4,0.91,1.2,0.19,1.41,1.1,1.42,0.32,1.23,0.74,0.54,FALSE,FALSE,FALSE,FALSE,FALSE,FALSE,FALSE,FALSE,FALSE,FALSE,FALSE,FALSE,FALSE,FALSE,FALSE,FALSE,FALSE,FALSE,FALSE,FALSE,FALSE
1932,0.62,1.39,1.77,1.49,0.69,0.37,0.36,0.32,0.87,1.64,1.38,0.77,1.21,0.19,1.46,1.24,1.5,0.37,1.12,0.62,0.5,FALSE,FALSE,FALSE,FALSE,FALSE,FALSE,FALSE,FALSE,FALSE,FALSE,FALSE,FALSE,FALSE,FALSE,FALSE,FALSE,FALSE,FALSE,FALSE,FALSE,FALSE
1933,0.65,1.33,1.48,1.24,0.63,0.43,0.41,0.37,1.02,1.75,1.74,0.84,1.18,0.31,1.47,1.28,1.37,0.53,1.03,0.81,0.58,FALSE,FALSE,FALSE,FALSE,FALSE,FALSE,FALSE,FALSE,FALSE,FALSE,FALSE,FALSE,FALSE,FALSE,FALSE,FALSE,FALSE,FALSE,FALSE,FALSE,FALSE
1934,0.5,0.73,0.69,0.73,0.29,0.24,0.25,0.15,0.49,1.02,1.74,0.46,0.88,0.17,1.16,0.8,1.02,0.29,0.76,0.56,0.38,FALSE,FALSE,FALSE,FALSE,FALSE,FALSE,FALSE,FALSE,FALSE,FALSE,FALSE,FALSE,FALSE,FALSE,FALSE,FALSE,FALSE,FALSE,FALSE,FALSE,FALSE
1935,0.48,0.9,1.08,1.16,0.59,0.34,0.43,0.35,0.74,1.18,1.81,0.77,1.14,0.2,1.23,0.83,1,0.31,0.94,0.44,0.33,FALSE,FALSE,FALSE,FALSE,FALSE,FALSE,FALSE,FALSE,FALSE,FALSE,FALSE,FALSE,FALSE,FALSE,FALSE,FALSE,FALSE,FALSE,FALSE,FALSE,FALSE
1936,0.5,0.56,0.7,0.75,0.3,0.29,0.33,0.22,0.65,0.89,1.49,0.77,1.14,0.21,1.2,0.88,1.07,0.24,1.09,0.52,0.39,FALSE,FALSE,FALSE,FALSE,FALSE,FALSE,FALSE,FALSE,FALSE,FALSE,FALSE,FALSE,FALSE,FALSE,FALSE,FALSE,FALSE,FALSE,FALSE,FALSE,FALSE
1937,0.46,0.62,0.84,1.07,0.54,0.41,0.24,0.24,0.61,0.9,1.23,0.66,1.16,0.14,1.16,1.09,0.99,0.31,0.9,0.51,0.35,FALSE,FALSE,FALSE,FALSE,FALSE,FALSE,FALSE,FALSE,FALSE,FALSE,FALSE,FALSE,FALSE,FALSE,FALSE,FALSE,FALSE,FALSE,FALSE,FALSE,FALSE
1938,0.37,0.37,0.63,0.75,0.45,0.28,0.13,0.11,0.49,0.82,1.13,0.61,1.04,0.17,0.94,0.74,0.82,0.26,0.78,0.43,0.35,FALSE,FALSE,FALSE,FALSE,FALSE,FALSE,FALSE,FALSE,FALSE,FALSE,FALSE,FALSE,FALSE,FALSE,FALSE,FALSE,FALSE,FALSE,FALSE,FALSE,FALSE
1939,0.47,0.52,0.73,0.96,0.4,0.32,0.26,0.2,0.59,0.73,0.97,0.5,0.94,0.22,1.09,0.65,0.94,0.25,0.84,0.42,0.33,FALSE,FALSE,FALSE,FALSE,FALSE,FALSE,FALSE,FALSE,FALSE,FALSE,FALSE,FALSE,FALSE,FALSE,FALSE,FALSE,FALSE,FALSE,FALSE,FALSE,FALSE
1940,0.46,0.51,0.67,0.93,0.41,0.34,0.28,0.24,0.53,0.93,0.94,0.64,1.09,0.22,1.19,1.06,0.95,0.29,0.82,0.57,0.5,FALSE,FALSE,FALSE,FALSE,FALSE,FALSE,FALSE,FALSE,FALSE,FALSE,FALSE,FALSE,FALSE,FALSE,FALSE,FALSE,FALSE,FALSE,FALSE,FALSE,FALSE
1941,0.59,0.78,1.08,1.26,0.71,0.53,0.36,0.26,0.76,1.14,1.68,0.74,1.23,0.2,1.49,1.17,1.1,0.37,0.91,0.75,0.46,FALSE,FALSE,FALSE,FALSE,FALSE,FALSE,FALSE,FALSE,FALSE,FALSE,FALSE,FALSE,FALSE,FALSE,FALSE,FALSE,FALSE,FALSE,FALSE,FALSE,FALSE
1942,0.54,0.69,0.91,0.98,0.45,0.43,0.38,0.27,0.72,0.8,1.2,0.75,1.19,0.21,1.25,0.89,0.97,0.39,0.79,0.51,0.42,FALSE,FALSE,FALSE,FALSE,FALSE,FALSE,FALSE,FALSE,FALSE,FALSE,FALSE,FALSE,FALSE,FALSE,FALSE,FALSE,FALSE,FALSE,FALSE,FALSE,FALSE
1943,0.29,0.42,0.34,0.39,0.2,0.13,0.1,0.1,0.2,0.47,0.76,0.29,0.75,0.09,0.88,0.36,0.83,0.19,0.82,0.25,0.23,FALSE,FALSE,FALSE,FALSE,FALSE,FALSE,FALSE,FALSE,FALSE,FALSE,FALSE,FALSE,FALSE,FALSE,FALSE,FALSE,FALSE,FALSE,FALSE,FALSE,FALSE
1944,0.41,0.43,0.79,0.58,0.32,0.29,0.2,0.18,0.34,0.68,1.05,0.4,0.39,0.22,1.44,0.95,0.79,0.31,0.8,0.48,0.33,FALSE,FALSE,FALSE,FALSE,FALSE,FALSE,FALSE,FALSE,FALSE,FALSE,FALSE,FALSE,FALSE,FALSE,FALSE,FALSE,FALSE,FALSE,FALSE,FALSE,FALSE
1945,0.56,0.59,1.31,0.77,0.6,0.48,0.24,0.25,0.46,1.43,1.47,0.64,0.64,0.19,1.42,1.04,1,0.32,0.74,0.66,0.37,FALSE,FALSE,FALSE,FALSE,FALSE,FALSE,FALSE,FALSE,FALSE,FALSE,FALSE,FALSE,FALSE,FALSE,FALSE,FALSE,FALSE,FALSE,FALSE,FALSE,FALSE
1946,0.32,0.25,0.42,0.25,0.25,0.25,0.05,0.04,0.16,0.54,0.58,0.25,0.42,0.05,0.49,0.4,0.56,0.1,0.51,0.29,0.09,FALSE,FALSE,FALSE,FALSE,FALSE,FALSE,FALSE,FALSE,FALSE,FALSE,FALSE,FALSE,FALSE,FALSE,FALSE,FALSE,FALSE,FALSE,FALSE,FALSE,FALSE
1947,0.34,0.84,1.13,0.52,0.72,0.74,0.34,0.27,0.46,1.23,1.35,0.39,0.66,0.17,1.04,0.74,0.8,0.23,0.9,0.5,0.2,FALSE,FALSE,FALSE,FALSE,FALSE,FALSE,FALSE,FALSE,FALSE,FALSE,FALSE,FALSE,FALSE,FALSE,FALSE,FALSE,FALSE,FALSE,FALSE,FALSE,FALSE
1948,0.44,0.76,0.97,0.49,0.53,0.54,0.27,0.24,0.43,0.91,1.12,0.54,0.67,0.18,1.16,0.69,0.85,0.28,0.96,0.76,0.29,FALSE,FALSE,FALSE,FALSE,FALSE,FALSE,FALSE,FALSE,FALSE,FALSE,FALSE,FALSE,FALSE,FALSE,FALSE,FALSE,FALSE,FALSE,FALSE,FALSE,FALSE
1949,0.67,1.05,1.49,0.81,0.78,0.77,0.36,0.23,0.41,0.98,1.29,0.66,0.92,0.26,1.23,1.08,1.21,0.46,1.23,0.96,0.38,FALSE,FALSE,FALSE,FALSE,FALSE,FALSE,FALSE,FALSE,FALSE,FALSE,FALSE,FALSE,FALSE,FALSE,FALSE,FALSE,FALSE,FALSE,FALSE,FALSE,FALSE
1950,0.44,0.42,0.32,0.17,0.16,0.24,0.03,0.1,0.18,0.6,0.55,0.46,0.61,0.2,0.92,0.46,0.97,0.32,0.88,0.62,0.46,FALSE,FALSE,FALSE,FALSE,FALSE,FALSE,FALSE,FALSE,FALSE,FALSE,FALSE,FALSE,FALSE,FALSE,FALSE,FALSE,FALSE,FALSE,FALSE,FALSE,FALSE
1951,0.19,0.29,0.3,0.14,0.23,0.13,0.11,0.26,0.08,0.32,0.24,0.22,0.36,0.1,0.41,0.23,0.56,0.15,0.58,0.3,0.47,FALSE,FALSE,FALSE,FALSE,FALSE,FALSE,FALSE,FALSE,FALSE,FALSE,FALSE,FALSE,FALSE,FALSE,FALSE,FALSE,FALSE,FALSE,FALSE,FALSE,FALSE
1952,0.27,0.73,1.16,0.69,0.69,0.64,0.36,0.14,0.66,1.21,1.07,0.59,0.72,0.31,0.85,0.51,1,0.6,1.15,1.27,0.52,FALSE,FALSE,FALSE,FALSE,FALSE,FALSE,FALSE,FALSE,FALSE,FALSE,FALSE,FALSE,FALSE,FALSE,FALSE,FALSE,FALSE,FALSE,FALSE,FALSE,FALSE
1953,0.2,0.58,0.9,0.45,0.41,0.51,0.21,0.14,0.36,0.89,0.92,0.46,0.82,0.2,0.98,0.91,0.81,0.49,0.91,1.32,0.36,FALSE,FALSE,FALSE,FALSE,FALSE,FALSE,FALSE,FALSE,FALSE,FALSE,FALSE,FALSE,FALSE,FALSE,FALSE,FALSE,FALSE,FALSE,FALSE,FALSE,FALSE
1954,0.16,0.35,0.58,0.22,0.26,0.2,0.17,0.2,0.22,0.45,0.42,0.22,0.55,0.11,0.49,0.26,0.65,0.19,0.58,0.82,0.17,FALSE,FALSE,FALSE,FALSE,FALSE,FALSE,FALSE,FALSE,FALSE,FALSE,FALSE,FALSE,FALSE,FALSE,FALSE,FALSE,FALSE,FALSE,FALSE,FALSE,FALSE
1955,0.26,0.28,0.26,0.05,0.13,0.13,0.02,0.11,0.07,0.22,0.29,0.24,0.42,0.14,0.89,0.13,0.66,0.03,0.98,0.66,0.35,FALSE,FALSE,FALSE,FALSE,FALSE,FALSE,FALSE,FALSE,FALSE,FALSE,FALSE,FALSE,FALSE,FALSE,FALSE,FALSE,FALSE,FALSE,FALSE,FALSE,FALSE
1956,0.25,0.44,0.79,0.41,0.33,0.32,0.2,0.18,0.33,0.58,0.59,0.24,0.57,0.17,0.79,0.23,0.7,0.2,0.86,0.7,0.26,FALSE,FALSE,FALSE,FALSE,FALSE,FALSE,FALSE,FALSE,FALSE,FALSE,FALSE,FALSE,FALSE,FALSE,FALSE,FALSE,FALSE,FALSE,FALSE,FALSE,FALSE
1957,0.2,0.28,0.73,0.31,0.2,0.27,0.09,0,0.23,0.46,0.69,0.25,0.75,0.13,0.69,0.32,0.9,0.16,0.91,0.52,0.19,FALSE,FALSE,FALSE,FALSE,FALSE,FALSE,FALSE,FALSE,FALSE,FALSE,FALSE,FALSE,FALSE,FALSE,FALSE,FALSE,FALSE,FALSE,FALSE,FALSE,FALSE
1958,0.25,0.5,0.89,0.55,0.45,0.38,0.26,0.13,0.4,0.78,0.88,0.37,1.18,0.18,0.94,0.37,0.78,0.35,1.28,0.72,0.3,FALSE,FALSE,FALSE,FALSE,FALSE,FALSE,FALSE,FALSE,FALSE,FALSE,FALSE,FALSE,FALSE,FALSE,FALSE,FALSE,FALSE,FALSE,FALSE,FALSE,FALSE
1959,0.18,0.33,0.61,0.46,0.21,0.27,0.06,0,0.33,0.6,0.8,0.16,1.06,0.18,0.76,0.2,0.65,0.24,1.06,0.35,0.25,FALSE,FALSE,FALSE,FALSE,FALSE,FALSE,FALSE,FALSE,FALSE,FALSE,FALSE,FALSE,FALSE,FALSE,FALSE,FALSE,FALSE,FALSE,FALSE,FALSE,FALSE
1960,0.28,0.73,1.08,0.73,0.3,0.41,0.26,0.25,0.43,1.32,1.2,0.34,1.85,0.19,1.23,0.28,0.92,0.32,1.39,0.76,0.25,FALSE,FALSE,FALSE,FALSE,FALSE,FALSE,FALSE,FALSE,FALSE,FALSE,FALSE,FALSE,FALSE,FALSE,FALSE,FALSE,FALSE,FALSE,FALSE,FALSE,FALSE
1961,0.21,0.71,0.72,0.5,0.25,0.25,0.1,0.14,0.3,1.09,1.23,0.18,1.77,0.19,1.14,0.13,0.92,0.35,1.28,0.75,0.11,FALSE,FALSE,FALSE,FALSE,FALSE,FALSE,FALSE,FALSE,FALSE,FALSE,FALSE,FALSE,FALSE,FALSE,FALSE,FALSE,FALSE,FALSE,FALSE,FALSE,FALSE
1962,0.33,0.62,0.78,0.57,0.27,0.3,0.2,0.15,0.33,1.01,1.23,0.27,1.78,0.23,1.27,0.18,1.03,0.23,1.42,0.7,0.26,FALSE,FALSE,FALSE,FALSE,FALSE,FALSE,FALSE,FALSE,FALSE,FALSE,FALSE,FALSE,FALSE,FALSE,FALSE,FALSE,FALSE,FALSE,FALSE,FALSE,FALSE
1963,0.26,0.52,0.55,0.38,0.15,0.23,0.07,0.19,0.25,0.86,0.98,0.23,1.35,0.19,0.78,0.12,0.99,0.11,1.25,0.38,0.14,FALSE,FALSE,FALSE,FALSE,FALSE,FALSE,FALSE,FALSE,FALSE,FALSE,FALSE,FALSE,FALSE,FALSE,FALSE,FALSE,FALSE,FALSE,FALSE,FALSE,FALSE
1964,0.31,0.4,0.56,0.28,0.27,0.2,0.09,0.2,0.26,0.63,1.05,0.3,1.1,0.11,0.8,0.11,0.86,0.2,1.12,0.6,0.24,FALSE,FALSE,FALSE,FALSE,FALSE,FALSE,FALSE,FALSE,FALSE,FALSE,FALSE,FALSE,FALSE,FALSE,FALSE,FALSE,FALSE,FALSE,FALSE,FALSE,FALSE
1965,0.44,0.86,0.92,0.56,0.38,0.4,0.14,0.18,0.28,1.58,1.67,0.51,1.26,0.17,1.32,0.2,1.24,0.64,1.48,0.65,0.35,FALSE,FALSE,FALSE,FALSE,FALSE,FALSE,FALSE,FALSE,FALSE,FALSE,FALSE,FALSE,FALSE,FALSE,FALSE,FALSE,FALSE,FALSE,FALSE,FALSE,FALSE
1966,0.32,0.65,1.09,0.42,0.27,0.33,0.18,0,0.33,1.42,1.73,0.4,0.95,0.17,1.32,0.25,1.34,0.83,1.38,0.7,0.3,FALSE,FALSE,FALSE,FALSE,FALSE,FALSE,FALSE,FALSE,FALSE,FALSE,FALSE,FALSE,FALSE,FALSE,FALSE,FALSE,FALSE,FALSE,FALSE,FALSE,FALSE
1967,0.25,0.45,0.43,0.11,0.2,0.26,0,0.24,0.32,0.71,0.92,0.21,0.66,0.04,0.77,0.1,0.69,0.38,0.96,0.33,0.14,FALSE,FALSE,FALSE,FALSE,FALSE,FALSE,FALSE,FALSE,FALSE,FALSE,FALSE,FALSE,FALSE,FALSE,FALSE,FALSE,FALSE,FALSE,FALSE,FALSE,FALSE
1968,0.54,0.48,0.95,0.36,0.3,0.32,0.23,0.35,0.16,0.79,1.14,0.58,1.07,0.22,1.33,0.33,1.29,0.79,1.35,0.5,0.41,FALSE,FALSE,FALSE,FALSE,FALSE,FALSE,FALSE,FALSE,FALSE,FALSE,FALSE,FALSE,FALSE,FALSE,FALSE,FALSE,FALSE,FALSE,FALSE,FALSE,FALSE
1969,0.39,0.36,0.51,0.31,0.25,0.28,0.15,0.3,0.3,0.74,0.73,0.47,0.91,0.2,1,0.26,1.29,0.62,1.46,0.36,0.33,FALSE,FALSE,FALSE,FALSE,FALSE,FALSE,FALSE,FALSE,FALSE,FALSE,FALSE,FALSE,FALSE,FALSE,FALSE,FALSE,FALSE,FALSE,FALSE,FALSE,FALSE
1970,0.49,0.46,0.56,0.4,0.16,0.29,0.22,0.31,0.19,0.63,0.88,0.56,1.23,0.12,0.84,0.28,1.05,0.47,1.13,0.54,0.33,FALSE,FALSE,FALSE,FALSE,FALSE,FALSE,FALSE,FALSE,FALSE,FALSE,FALSE,FALSE,FALSE,FALSE,FALSE,FALSE,FALSE,FALSE,FALSE,FALSE,FALSE
1971,0.22,0.22,0.08,0.07,0.05,0.06,0,0,0,0.23,0.4,0.15,0.55,0.05,0.27,0.16,0.64,0.38,0.42,0.16,0.17,FALSE,FALSE,FALSE,FALSE,FALSE,FALSE,FALSE,FALSE,FALSE,FALSE,FALSE,FALSE,FALSE,FALSE,FALSE,FALSE,FALSE,FALSE,FALSE,FALSE,FALSE
1972,0.41,0.39,0.45,0.45,0.16,0.2,0.17,0.32,0.3,0.4,0.68,0.29,1.44,0.15,0.76,0.21,1.22,0.48,1.07,0.32,0.37,FALSE,FALSE,FALSE,FALSE,FALSE,FALSE,FALSE,FALSE,FALSE,FALSE,FALSE,FALSE,FALSE,FALSE,FALSE,FALSE,FALSE,FALSE,FALSE,FALSE,FALSE
1973,NA,NA,NA,NA,NA,NA,0.19,NA,0.24,0.6,1.01,0.45,1.33,NA,1.04,0.28,1.05,0.53,1.24,0.52,0.46,NA,NA,NA,NA,NA,NA,FALSE,NA,FALSE,FALSE,FALSE,FALSE,FALSE,NA,FALSE,FALSE,FALSE,FALSE,FALSE,FALSE,FALSE
