"","P22","P23","P25","P27","P32","P33","P34","P35","P36","P37","P38","P39","P40","P21","P31","P29","P30","P24","P28","P26"
"2015",NA,1.06192156121844,1.20820173227972,NA,NA,0.994860888543248,1.28623437842418,1.05422029455094,0.668894345380203,NA,1.0857601877813,NA,NA,NA,NA,NA,NA,NA,NA,NA
"2014",NA,1.42445498572548,1.20701652887157,NA,NA,1.23840805932344,0.85447780701112,0.970070528764094,0.597780486293144,NA,1.09392853091104,NA,NA,NA,NA,NA,NA,NA,NA,NA
"2013",NA,1.68795303700399,1.10236715071321,NA,NA,0.988263089740667,1.30450572653933,1.13710188944352,0.756389964493204,NA,1.24521847850142,NA,NA,NA,NA,NA,NA,NA,NA,NA
"2012",NA,1.90500969873736,1.31109841839929,NA,NA,1.0888507683007,1.01023916289778,1.26354580362423,1.39850773812788,NA,1.36178965403052,NA,NA,NA,NA,NA,NA,NA,NA,NA
"2011",NA,0.728959229241979,0.591726432059914,NA,NA,0.812752024884877,0.61723214843284,1.00113273229674,1.03717249395036,NA,0.863625919717757,NA,NA,NA,NA,NA,NA,NA,NA,NA
"2010",NA,0.623461902715067,0.727162481255603,NA,NA,0.906888456405385,0.829771767953486,1.16382335450813,0.971257422901663,NA,0.709924013097889,NA,NA,NA,NA,NA,NA,NA,NA,NA
"2009",NA,0.436422861139869,0.719596529436116,NA,NA,0.782423520230223,0.883377289938748,1.07477486579482,0.974063405130279,NA,0.919307650103837,NA,NA,NA,NA,NA,NA,NA,NA,NA
"2008",1.05337458742256,0.510489326089435,0.653030254287617,0.815318674919812,0.369069633955665,0.77095420458957,0.832676691062007,1.12609136664784,0.992444436367693,0.594853795334232,0.731896491107815,0.603701689952011,0.859224600183755,1.18896660736383,0.944977302621058,1.01703011013706,0.860946863201852,0.567969932082301,0.822021282735012,0.641508861476027
"2007",1.44060008306787,0.762467838024356,0.803745984569544,0.784480783211801,0.610517086050592,0.891562709661757,0.987405469864732,0.970715521629718,1.04300885095923,0.689173392521707,0.829836232854925,0.817129319934535,1.09724969218958,1.63536080144049,1.23466945139777,0.976984643157371,1.20156469422205,0.856128648297915,0.793826844622106,0.973451245815252
"2006",1.19336013874925,0.685765123069917,0.883523852426045,0.917274296932058,0.729754063102418,1.04294532599167,1.10781535167392,0.844728181250544,1.1297510088139,0.86349774368438,1.07725341737411,1.19857646335742,1.31859407509471,1.07421308107903,1.00612998625381,0.942197468387498,0.898379022869124,0.91467455460685,1.01108556686226,0.99635101874499
"2005",0.766422854946902,0.646173804447779,1.1633757990604,1.28520934489114,1.44312033213418,1.28425168393335,1.39368540066983,1.1006464194152,1.3365347617383,1.11499130282854,1.40972187973615,1.66856014544005,1.40054081582443,1.19085695510297,1.20481656583083,0.941056740859196,1.21832743591358,1.10622739584004,1.22178747196866,1.25446127214218
"2004",0.841556919423183,0.800905092275475,1.18438490052296,1.16510101359864,1.45265576023111,1.20924209373923,1.08487240606021,1.03801187897437,1.22477607552135,1.23539713695536,1.14538951819342,1.48645163103557,1.27846111574784,1.47719072397606,1.25154688020766,1.0448361895083,1.00268630594291,1.21350450162184,1.14480695997311,1.19513714059407
"2003",1.12380806367456,0.969187590373919,1.3844983883921,0.959210353929751,1.34483752012897,0.682962501454634,0.953285330042021,1.02661878256824,1.13393407231649,1.14451787056887,0.859664219550083,1.35775634880995,1.12728009463195,1.39246769427026,1.22280620278716,1.05380098504071,1.06913711982974,1.14812414862294,1.18935730058877,1.10372373774403
"2002",1.46629346591434,1.00625070293251,1.10840379772382,0.967410238808886,1.09486896988608,0.931829365793308,0.957155534516525,0.923386755928812,0.921193820405119,1.35344946356917,1.1092880006279,0.990079477855192,0.87285138297701,1.00287421114693,1.1122115782817,1.00573316288144,0.825339495859838,1.08669086968389,1.19413615421179,0.972401317741995
"2001",1.39506090116228,1.16132351127111,1.03005353479952,0.950097784287062,1.18767511636712,1.22383517003494,1.04281441438141,1.17086693682489,1.03784128962187,1.3374104452446,0.879889231628227,1.27650672431093,1.17752661708517,1.57169247246885,1.02133769719643,1.17426796068237,0.875215341490039,0.965689642553901,1.12705420197609,1.03280872172301
"2000",1.08545887615262,1.19661845169756,1.29646750454076,1.00410785095871,1.35546630944654,1.22015099943526,1.27425112164616,1.03769624294324,0.934458583367338,1.59116470686521,1.20758159969742,1.28500253229784,1.25348784866957,1.23852738489498,0.899632424560235,1.07335312725995,0.997987901924547,1.09669030797398,1.19372598729412,0.860920609193869
"1999",0.660412443491816,0.991071558740363,1.1555296746504,0.827081431348658,1.08585476346483,0.80133689050259,1.00424806433237,0.570765203732515,0.675711929265145,1.40104978549007,1.03881348399409,0.665211065418817,0.89852515433564,0.540936849865574,0.572097997402282,0.886825253934643,1.26043829557523,0.944313649291069,1.14900870272754,0.657660330983169
"1998",0.816004510765557,1.22398006705378,1.33996743855345,1.18295242720215,1.36251983913129,0.873347941538844,1.2135115908953,0.911264609284946,1.16164139912398,1.46765267272879,1.20983338018275,1.04246052434291,1.22841422601332,1.10700879127647,0.669488097945399,0.979828607670999,1.42229083897195,1.15134234326302,1.30443531753059,0.83396997412809
"1997",0.642904353183814,0.736068931215887,0.84559446429404,0.919679893577494,0.802013075560512,0.593922472123663,0.812875023261589,0.647252074651513,0.903891847004907,0.929834527021237,0.813037775358162,0.395794944546755,0.736331798850787,0.506419864733698,0.654828046308435,0.844386778689747,1.10207668672184,0.846793114470911,0.805525658889337,0.708711013882675
"1996",0.847591453804295,0.999364007760073,1.09556349656144,1.34469518249217,1.37362222714755,0.812604627213622,0.908449447463283,1.00019016961302,1.1025941163669,0.879627515357095,1.04949377951677,0.870177516182596,0.707616588619224,0.803032583149485,1.30166321643965,0.976676398342454,1.03625878950165,1.10575973177584,0.950506375807488,0.852009532062935
"1995",0.834468608121589,0.789748130581652,1.05689119507791,1.05896529370194,1.11257945792484,0.948150262762076,0.992994027265239,0.962595754968071,0.90187636518966,0.640263775836644,0.981514836482709,0.88509814965706,0.767295514371943,0.829125706154073,1.32622985615496,1.01468847475952,0.769816880132665,1.06955747423051,0.935622942810212,0.906056398684732
"1994",0.860950780583469,0.826371252317939,0.893465108861336,1.20836476927977,1.12730993960879,1.11314845994571,1.03380458425238,1.3961074721642,1.02086807047329,0.611987294647361,0.932047896401848,0.961593108802224,0.888200561010993,0.970276976431701,0.975976645594655,0.862656636217553,1.39757773882404,1.19633399178034,1.00857736676129,1.08722784806732
"1993",0.497722895071736,0.625331506400415,0.724808625132213,0.812767258059721,0.896841839137969,1.11159281159059,0.787258422340561,0.734448256530429,0.931902082558384,0.409899317413495,0.685450100113996,0.579471021582561,0.745646217748865,0.490209971159646,0.804219074876138,0.723366128202281,0.940167692177258,0.92380374819547,0.772168668384317,0.926977002350289
"1992",0.61119248364196,0.880939221012139,0.841386620569664,1.35035662497063,0.931961654819442,1.11454445995056,0.858416514815455,1.03489355471844,1.07056010312683,1.24213830423845,0.710609434803079,0.75650083726662,0.916940791938557,0.826939272821682,0.593562276614965,0.80825804627187,1.24459779817469,1.10205791684023,0.939469842734484,0.84848412419442
"1991",0.612443047960774,0.703527846923403,0.63049635142744,0.871185119583553,0.585822677957011,0.919196344130436,0.620280354243489,0.698660745759537,0.738275256511409,0.629912536902404,0.478246372594363,0.60206535207972,0.590276694478929,0.721505856880721,0.369883621390019,0.833871710932579,0.599398553978336,0.895160075989282,0.68086678960796,0.697177044876096
"1990",1.45846248965475,1.31257351918174,1.22796800947422,1.28123531058377,0.934873656568476,1.22712803243628,1.02071895385533,0.964016217307537,1.09763084700863,0.786123097997695,0.858860319159084,0.66081518777467,1.11725132322865,0.775479773299809,1.02836725083958,1.14437889906649,0.671287228782274,1.11512356544567,1.15542486341495,1.51961501116585
"1989",0.929895186971471,0.997881171041099,1.08202056594957,0.933231603358395,0.943730371908554,1.12155510788147,0.89292613133392,0.765931099393465,0.961654119809386,0.531390360002831,0.658295734153034,0.402113405352903,0.932967039117642,0.497899801581464,1.11861357108471,0.898255795529132,0.641008151732063,0.820993367789751,0.846305618902218,1.15184922127061
"1988",1.0701186180637,1.47702199319452,0.963253722839073,1.04275021886307,0.874284399288422,1.22190663338125,1.01834705860957,0.917664335057389,1.07659983891291,0.817689958765809,0.816518841345522,1.25525540361195,0.898985152784103,1.06125661144593,1.53246340711405,1.16557402822466,0.782333424999738,0.873981114534954,0.88777947206218,1.3051049945085
"1987",1.13048421877532,1.57461904018583,1.11729005305486,1.06900458474909,0.933627300071637,1.24211505081497,1.10759203958272,0.991446071327677,1.22812392942315,1.12394606362094,0.926383997524495,1.67077024353397,1.05417592239256,1.26212428806661,1.45202831404462,1.27416516603873,1.02110399441321,0.988732887920938,0.903469931939542,1.47496382394576
"1986",0.985566700362882,1.08102848585241,0.950795922945916,0.972034661468742,0.874868350516125,1.05735676189462,1.00436712296673,1.18268207979229,1.33691479991718,1.3905920183088,0.996313028653469,1.27604253071436,1.21085312377378,0.735514016782246,1.36776208316586,1.10941778982932,0.678509489763838,1.09523379899542,1.16697167263069,1.64913507270983
"1985",1.13005581331013,1.20714234754246,0.900189354557302,0.917702187256975,0.902754394364829,1.06112227252783,1.06624684515857,1.02234642629225,1.00648950467543,1.25814333415805,1.04837187727918,1.45375089105484,0.932619671085381,0.930558153148386,1.3177031945407,1.19759562332901,0.934135809736384,1.02883272001513,1.00763837047502,1.12505718312156
"1984",1.15908152932927,0.856793600049586,0.767718845692131,0.956581292773235,0.842943861969832,1.19390479171121,1.23617644118332,1.01561255267372,0.907004853214058,1.00514137375597,1.19954395156084,1.25256586358006,0.855269528915976,0.930007127506849,0.768159833572103,0.840677078680953,0.954381908221946,1.17777615875503,0.850989563633966,1.36918801192578
"1983",1.15426067633912,1.17665169533734,0.896477555691394,1.09521201910065,0.924854983434876,1.2467446397644,1.16940010826059,0.986253136188643,1.16418674550621,0.868279981054396,1.24433800373278,0.926157247489504,1.18016135809535,0.713760352270594,0.389140321865139,1.02078218991987,1.01248282617545,1.19207045497939,1.00084780936628,1.87764136374786
"1982",0.767667990343819,0.903793212439811,0.815610803247994,0.857132919233794,0.711842292460905,0.698826299800281,0.854447779431643,0.663670498202505,0.665157152082504,0.824036061115386,0.955129820929912,0.794399565826549,0.843648995488293,0.484659829321357,0.752984214603299,0.867676364594582,0.443634631405216,1.02860358991253,0.811314483113313,0.998504495100991
"1981",1.05121919042986,1.46579921056976,1.25428512989594,1.34498254241445,0.997962118372145,0.934615771618627,1.22439961537259,1.34043080605698,0.995110165184864,1.28984208769256,1.39743981430493,1.39010803371107,0.964792827183178,1.00213228829713,1.28984721222714,1.14664246398163,0.828058904701451,1.36128311571482,1.02609931752893,0.929286219707965
"1980",0.975214937520042,1.47795468831041,1.39104580099639,1.08075739542876,0.849209011949325,1.14920721383872,1.09244917969584,1.10233005795457,0.858908579131117,1.31486500599401,1.27675770632797,1.33611810819785,0.907670735304971,1.12830025278763,1.10471573021845,1.10182738321018,1.19412147886083,1.09247745450107,0.824204601168449,0.922022451351381
"1979",0.830408973852566,1.33979099990714,1.21677030145049,1.10216846351264,0.94069217978755,0.984480717150843,0.959428721355044,0.959741841635034,0.895715933887713,1.25137890394826,1.18222464039944,1.23776259647841,1.17217492303344,0.977097005242121,1.07770081376643,0.932404653011557,1.30954084853018,1.04913491962616,0.737636048638789,0.934835629054853
"1978",0.988107270030884,1.28380856307376,0.967708323994822,0.85101954635466,0.865391236868784,0.997831660752331,1.00903614598591,1.10532351068243,0.921317166509707,0.890930770219499,1.14043062747156,1.00458213123502,1.08652806783523,1.21805857541268,1.17297914479267,0.935525234142527,1.05877861423995,0.96308454921365,0.764357736398353,0.843215578329525
"1977",1.30116201090831,0.85946731177008,0.790471936686398,0.969651726404431,0.878286303207402,1.12028998096268,1.22029860108027,1.50035448183654,1.38102670585123,1.00774757531321,1.26468774470584,0.983184735916859,1.07322318230062,1.48306427253279,1.31462028463289,1.18599835845361,0.885038837938582,0.957863074955701,0.921641134340198,1.05027369204921
"1976",1.20203391788775,0.719662214605862,0.673986051197299,0.676037233817279,0.609315718308074,0.971035331481414,0.868354538071082,0.913730363888342,0.860409926687175,0.875546132432155,1.00221942729189,0.697320726830567,0.710382789190949,1.02588596162126,0.896248092449029,0.957928025658731,0.813855716442527,0.602593917663817,0.759572170127991,0.690720249312537
"1975",1.16542829589871,0.758310146482855,0.644791696457935,0.670867688780867,0.565768090276613,1.00428303353112,0.869249777984021,0.854345135243812,1.0028643220458,0.88324562107876,1.01209705476171,0.771875359044177,0.634157682240236,0.893407297166583,0.986123856129051,1.0093784708552,0.735342052005689,0.656500166125937,0.778170485285811,0.793964207543709
"1974",0.638359486795451,0.491335218295616,0.537078595376825,0.568984928629451,0.636856424847789,0.795991053796824,0.514071885367946,0.430312795633243,0.725004189588655,0.563854897689045,0.625363796688251,0.315218163876743,0.490076202860485,0.760135822343252,0.908684482443232,0.859517805162069,0.837200963069298,0.47204195519189,0.625118735311547,0.521593919479086
"1973",0.888918909290197,1.02982270164914,0.74308011925117,1.09254786201993,1.00376224074553,1.34947005618816,1.03726268889701,1.06174255712797,1.11854980231502,1.021261543991,1.19903519257855,0.997782472388838,0.972117139888848,1.619115457946,0.779076199025302,0.992012380591144,0.848559095689564,0.9000571045325,1.06337212874134,0.911612102495777
"1972",0.934776001402749,0.64239069382324,0.823309848949251,0.72554986344275,0.704458054313669,0.992793853543853,0.73192435161401,0.921432179162743,0.725836086308532,0.981138610838099,0.891497240676164,0.616430042912683,0.625265975004623,1.02300308569195,0.777279086656852,1.19232153761046,1.05184288903265,0.714773033052003,0.847362783631966,0.525222054653586
"1971",0.901473772096876,0.596571288237069,0.809677025784898,0.626625925812557,0.587806392791032,1.01094412646068,0.664002660740935,0.680934637890944,0.592916605654202,0.880442638980579,0.814152853704078,0.418102991763013,0.53591440838906,0.804703133153517,0.687882625236461,1.26373723398672,0.909933291928341,0.944250275098123,0.871957467544029,0.535401092932902
"1970",0.825066209916847,0.963062161769201,0.790536331439132,0.761527746971305,0.617388811989369,0.865168065510299,0.734715376997703,0.896529963972053,1.06563929062887,0.78557907720149,0.747051327159671,1.00971158723104,1.00930802127079,1.05163451204889,0.814493741813599,1.0879807530138,1.32394819363537,0.846417573045465,1.1609879470241,0.759608627349361
"1969",0.762350637989388,0.920331173329886,0.756230166661103,0.92875459680393,0.840096262459143,0.847712050719381,0.87656426588636,1.11379753231281,1.23122325039069,1.01438180501684,0.818501987868295,0.924055366737804,1.04141211994209,0.98091165016231,0.811644518297751,1.1455965684145,1.44471322523213,0.995454524580262,1.20183197729881,0.64976687649397
"1968",1.36138183538556,1.27757423210092,1.27177856895429,0.936209718650285,1.24984491090227,0.991135763055688,1.0490465220142,1.31879754837092,1.09582443731704,1.00154827381727,0.85406573423477,1.03704807900175,1.06326082846616,1.16835605470448,1.01907057140492,1.3769127471409,1.22962083575869,1.1620719672161,1.19286091354894,0.827038059407154
"1967",1.45424487277362,0.943034341656166,0.889062885171014,0.993772530346853,1.22886759142482,0.993499971152649,1.31702116919018,1.27936757061332,1.15943306633735,0.693643683200293,1.06324010401112,0.739865996005876,1.24326014748452,1.35618843801494,0.921307140156012,0.989910516786729,1.79361195169108,1.11792320697412,1.28685661738832,1.04409098188697
"1966",1.32217955803366,1.14468246577513,1.07339852349072,1.06606339572604,1.45789789596093,1.05870991564463,1.34827524836566,0.973481725527624,1.18696959209063,0.970006759409521,0.99468988019951,0.893964711490884,1.09522390014927,1.45863200202883,0.955418080333258,1.63245890886757,1.21852914681933,1.00336398108774,0.952763767526043,1.19212404974765
"1965",1.0523243270972,0.78528780443532,0.803118099040669,0.951150759825975,1.55978257129328,0.776275910014862,1.01089304793459,0.863762919638829,1.07217911165645,0.897953911261796,0.934863875777084,0.575269383329149,1.25228619085777,1.20559750139031,0.534971608404973,1.26221189983372,1.17485442711542,1.11886098488189,1.10945582761529,0.888569696562126
"1964",0.827172966557497,0.654744996405114,0.835479851760218,0.836914351762756,1.36909710183966,0.696999091841487,0.830309267096035,0.679792107118107,0.895238681886949,0.654440175423944,0.847495279622357,0.480420322969254,0.823166723588427,0.641428910851692,0.52799654185916,0.820668162995248,1.04272333975626,0.698800709375488,0.815227429831059,0.721615868306676
"1963",0.869594640640867,0.95758374178922,1.10413761269793,1.05767553842262,1.86961973639324,0.810706519340247,0.872569337275582,0.873123515398974,1.29152844583262,0.904365876159664,1.102814804857,0.956893962524167,1.44362743910771,0.843392122194277,0.328941697773316,0.955717367124766,1.30612247330039,0.8863584432362,1.04301034261789,1.08734341986777
"1962",0.703935832869096,0.929711728531386,1.03707019976072,0.855954207694514,0.861944659745508,0.818861364764447,1.00126586535328,0.643800215734894,0.997615809135708,0.856549025836598,1.10531702605832,0.989839143401905,0.97821952118552,0.744856929625589,0.317462417004743,0.896381458787224,1.12635252371869,0.942179862741471,0.938180601454833,0.98542793396896
"1961",0.81188084275434,1.11571954743389,1.62011133047598,1.41907294640952,0.975213154294512,0.665433751177461,1.32813874971863,0.86978808200471,1.4623734736684,1.2816103093669,1.7621448137607,1.38006727991683,1.29753463276069,0.958918136826824,0.392875893501266,0.927299988061163,1.36637303987693,1.4157037743046,1.38512807432783,1.06659952065074
"1960",1.03022310087704,1.38393971704725,1.62881731922403,1.40245848600633,1.38522252688764,0.974038090055663,1.57353070688662,0.951520475768496,1.36224463997104,1.39946430711145,1.34167061326741,1.67606572436917,1.11403068548173,1.08677222559218,0.929607768732971,0.963717895043681,1.09901811673179,1.40770842369429,1.51827304545507,1.48555554006336
"1959",0.968179731834389,1.10677264215853,1.07023030540922,1.13567206556439,1.50726304500898,0.902496951535319,1.38770512625569,0.778641805587358,0.948412637643622,0.980835962565243,1.10209097695769,1.01626122645783,0.799208674953335,0.743409027662742,1.64228445322152,1.09231553370897,0.747726295981702,1.17923970716078,1.18029912495337,1.08301431668374
"1958",1.41011116311252,1.44191465117774,1.29811196719734,1.44984192949757,1.46420913698997,1.48669037290784,1.23526244816267,1.25892165902626,1.17400926817388,1.00550921317752,1.19341063508749,1.48820053204531,0.987148237584431,1.12393943350157,2.81989547147209,1.12444607003025,1.1969137085175,1.32140978478595,1.55030847008426,1.38050316246121
"1957",1.12220887355881,1.32011829384442,1.61176131714598,0.993754849249553,1.59194694949869,1.34634210696605,0.816387505228004,0.953328311479628,1.06391271465061,0.990459907947985,1.19139450183156,1.29663335130974,1.02425024562213,1.07233315864504,1.69373051769705,1.18589107301946,1.15354871652263,1.09360252091317,0.98578010783409,1.30028222372745
"1956",1.07681106624734,0.96633660805849,1.00430768479773,0.772537158586499,0.624582067114181,0.721883852816322,0.640650567900751,0.516290699890879,0.803990288226289,0.844761780459456,0.532722679099623,0.663310390955063,0.825181450710877,0.834938617403345,1.03166082700374,0.805834779522725,0.903971280771252,0.900654432479714,0.802844877387547,0.78732644268681
"1955",1.01300857004551,0.856450785296944,1.13792497589564,1.09742021899242,0.971228684440231,1.00769357786835,0.871817824626317,0.963203357704401,0.830747357251577,0.923110613577847,0.653355289976468,0.946148593659552,1.04307696218932,0.740333238956389,1.07370769878986,0.645448554473271,1.04412125553926,0.972864751588783,1.07869622386434,1.00484950457421
"1954",0.747481588731674,0.603199151068508,1.0222618633177,0.806538642860012,0.51826664276156,0.709617889961854,0.863080892161306,0.911944433118447,0.780045201098315,0.89964388831072,0.682027496328151,0.620703149537456,0.911687982202747,0.654732323901619,0.703692498205344,0.618679618983209,0.869216971117613,0.762757431946247,0.560123840813982,0.700128317037624
"1953",0.901630313883728,0.662001297912499,1.04850159545746,0.965854854402352,0.608781756880604,0.885909681456092,0.831385100532645,1.03212921718337,0.824876266156089,1.11040390706246,0.763163318186149,0.844237112913025,1.18708140983913,0.791685805930954,0.826777586951902,0.737085618071879,0.910372211676239,0.763620541041123,0.971824249487732,0.976396176317789
"1952",1.29274011673114,1.17141038239976,1.28700795703013,1.19847626488858,1.12320095882735,0.999483873522071,1.25101476437935,1.19012297348956,0.885331426702953,1.59402549813746,0.973186842256303,1.34676245026707,1.27687027891376,0.870238704891464,1.54921305490373,0.80260868950098,0.873928800874566,1.15518370938185,1.15141013316606,1.14328661802873
"1951",1.40723857095708,1.59835400553929,1.44759492002466,1.33750078181205,2.04484364913464,1.18212367234881,1.33326372191413,1.43313871419024,0.902574663855435,1.7659212382387,1.34903563172343,1.66334782268295,1.25627268796093,1.21806977319759,0.995658428934146,0.847747831250176,0.926359912811573,1.29594450479454,1.18406958415384,1.09849708997853
"1950",0.977464576167429,1.27454218492702,1.01555686349324,1.14265492332877,1.45635978500768,1.02855004187174,1.01778931044624,1.1704388308322,0.867234798343644,1.21756341734862,0.99125477775169,1.09926895654667,1.02737307759426,0.847912485354085,1.60036775387607,0.616417049205501,0.662164258152464,1.26731775848985,1.05772397022963,1.03047898389661
"1949",1.01808478013236,1.08492687814858,0.823940787822975,0.891961188972918,0.885990336861459,1.05820502212612,0.867618752793212,1.02246595970328,0.933649650264462,0.914641825696332,0.903234918653076,0.878589138850626,1.16130280119758,1.0809651493618,0.784726001992142,0.790665060379431,0.673691149356194,1.02909621290795,0.856075192723299,1.16275514995067
"1948",0.745536163735822,0.912163881873201,0.80553649644551,0.989814490877488,0.611622050712387,1.036583385909,0.914315034498899,1.09243335787662,1.05714027981754,0.910747936451028,1.04995528213388,0.956472160924092,1.08462725598031,1.18062496655755,0.769474081614427,0.838828596564139,0.921461044329334,1.01618835644906,1.19589281792824,1.26203236407983
"1947",1.2026904485863,0.803247679895946,0.934140492202058,0.834918593069387,0.711188331941255,1.14802387311705,1.15281156539114,1.24950010293244,1.06291889845215,1.02101353608666,1.03602161347024,1.13465367199269,0.909167061616766,1.29854987120422,0.634479824852367,0.940934594133132,0.96508199976819,0.962328211335705,1.34239135511669,1.30925126443526
"1946",1.00707379969802,0.67278801039527,0.946364967012501,0.524988975001213,0.508501378475352,0.896916239325944,0.915803038619783,1.09625840368852,0.817792231910241,1.06335098185498,0.880040949098241,0.733551341037228,0.888362562791206,1.0680331097825,0.782481784252496,0.883966754446629,0.552587811875065,0.846726976687328,1.10249164840217,0.899859516233863
"1945",1.15147384964764,0.64206528181644,1.06467838873532,0.920869001579161,0.60688045300821,1.16409233971838,0.983808250024633,1.19580793019747,1.07325111307736,1.15942771487833,1.03309633789273,1.30540659635338,1.03315000742062,1.16939537343709,0.701439722782911,0.694928378295679,0.649309694252235,0.983266182906645,1.31331924295806,0.927231686886017
"1944",0.84756713168094,0.793775882919947,1.02918352107211,0.891065972794174,0.939533957097497,1.04087433608244,0.859314748960909,1.22858147703185,1.16326619975362,0.908611834018248,0.946307627559383,1.07074501204522,1.07153131960087,1.25231407942301,0.894023468065529,0.5312070808836,0.70692947219492,0.881120942507011,1.98772215910546,1.09298719581309
"1943",0.765810171871657,0.81377649894206,0.819161605941929,0.738654379777842,0.939237609988479,0.932689264443465,0.746724383599048,1.07949922121432,0.907424168952805,0.878591501362959,0.784019171201257,0.803469852498938,0.845805143067531,0.952266480430925,0.971768198308471,0.599821969288618,0.771881403530436,0.91857113878471,1.23716123278423,0.816140800379333
"1942",0.794779285171106,0.880334450304616,0.735854869962479,0.912450268692846,1.25510200578807,1.12473583163041,0.841743080003126,1.10219076934349,0.76539801471103,0.749832808477429,0.99542518540018,0.989790347582715,0.985544870838809,1.0444795386845,0.933446196894803,0.794578549025755,0.794343756505602,1.12842454858876,1.82828427330523,0.846046493879488
"1941",1.07225753958597,1.2115031360438,0.853393612377209,1.24933914753175,1.0447570159692,1.19618089104236,1.09633005588652,1.04223267598397,1.04294297039554,1.17919755665553,1.07439869715946,1.29054699010177,1.31338845471345,1.2563307423289,0.864060251521365,0.909007218942525,1.14245846043314,1.02019987560851,0.556095569757533,1.17740745357436
"1940",0.861750931262741,1.44158946774338,0.859706218553077,1.34659095692706,1.28236828228398,1.24753668307391,1.198020930071,1.23191658257326,1.13198885695597,1.11881336335628,1.19757125352385,1.34766452697154,1.21116156042943,1.63733509604374,0.970054474677916,0.884584486102075,1.04067725823407,1.08543221555611,0.714505442131386,0.956965232414965
"1939",0.99384498294968,1.36922714838295,0.865106175650152,0.92682367655195,1.00211102317397,1.07260745452143,1.07243764245773,0.847804414533519,0.772599604942971,1.14867973759111,1.039883019675,0.903750890522541,1.03605572402083,0.93927097390379,1.06524679473961,1.10398661570035,0.875502914228968,1.17717506732917,0.624063106153168,0.901337048813677
"1938",0.815880552545626,1.10408569226293,1.07879715792175,0.982476961782507,0.978761218942463,1.043489445966,0.880545193538864,0.958849235162478,0.799986189909569,0.987456241724684,0.844012729034927,1.21579753489844,1.11296943744133,1.05834036767654,1.39167690089431,0.946491352593419,1.05524926732458,1.0986504248504,0.680692753210942,0.933008145861242
"1937",0.804947410028934,0.703366230675622,1.27999107811733,1.03281500442683,0.808606786372726,0.918955684764577,0.756290167272954,0.924044169976699,0.856425358065711,0.760660109531535,0.754594190751926,1.23094344115996,0.917736978529447,0.984211664357543,0.62963999757087,1.14231848000477,1.00955199664811,0.759159839888447,0.582838006813438,0.910987587287539
"1936",1.36386067051725,0.86685513627535,1.56067173085771,1.22386832523483,1.14573622861528,0.928336766340279,0.894731496060454,1.25151714285195,1.06892372748801,1.00409089738597,0.935764340963007,1.49445599428503,0.901028036788343,1.12718999368855,0.917880883270228,0.891516333135769,1.11377259474693,1.09094936305325,0.733422617514336,0.952802221099655
"1935",1.08423944307742,0.880704050992912,0.944211022841736,1.08084028901106,0.884224622881101,0.894390001909044,0.835363888868788,0.863561828403316,0.819281872691796,0.995420918096055,0.846820244544035,1.01726676592814,0.878471020556628,0.752068115577273,1.4307399736956,1.14533304259878,0.923652722488621,1.03848820345797,0.755802321146412,1.0053397855215
"1934",1.14484975981839,0.974379808487632,0.980379001154899,1.60899391038858,0.868754104247491,1.33167794727545,1.02475180024382,1.28371627606931,1.27804247192334,1.07793123856882,1.27060734978591,1.1403274650011,1.03059180213166,1.23960187107809,1.58721822491816,1.06374432479884,1.02007865041896,0.964931513150326,0.753573855020774,1.09773900426941
"1933",0.816794339306385,0.744177087414624,0.77980195465426,1.17061716616352,0.854541263236624,1.12860001741293,0.907053903197151,0.909682597723813,1.03975376362212,0.977620785370785,0.998988471681109,0.811755115903665,0.827788773299748,0.869344737107615,1.31098578448751,1.12422858600296,0.672701628165594,1.0459006450635,0.764956549426416,0.889025720467492
"1932",0.839421033983598,0.724714276882922,0.671200413964628,0.78963310126525,0.760334812772328,0.956364287374294,0.898561915007231,0.56694439023919,1.03570347488677,0.881238722493809,0.809153962198012,0.6244925790077,0.555917151192693,0.707212007727161,1.01148953487069,1.20152239697882,0.773774870098181,0.831333606992278,0.614111703606924,0.81170170512965
"1931",0.961543602287891,0.938260499077177,0.840727062690281,0.693457330261021,0.968859900485534,1.06803535814528,1.0285920813995,0.706986948880384,1.20836859181387,0.926361652059592,0.989341258395413,1.06401849862866,1.22969832277253,0.794283493643011,1.11029803054361,1.23967004136915,1.0631730206881,0.815162507979401,0.770338979220837,0.714862274467038
"1930",0.904497530253148,0.964078599521284,0.797435458101857,0.818859641242036,1.01194816037708,1.02906634929182,1.18011230236548,0.831394387770478,1.33677174512178,1.00516404361328,1.06972285771156,1.10737003240428,0.995601422843666,0.776353965608162,0.988497546399426,1.33484759330544,1.2065835882534,0.862806935555473,0.840599753860456,1.35181467080201
"1929",0.840783696702853,0.798060087450507,0.543148073556997,0.818878307715261,0.807728280216321,0.903561776588504,0.9549870433586,0.768186142497459,0.933082253579024,0.936279339690639,0.928670895758399,1.00746421875998,0.838032313841218,1.00253468758107,0.840337053435328,1.22590059481502,1.37316297457115,0.830517018711908,0.731219521282875,1.10291157351262
"1928",0.873258293876899,0.766380716341358,0.581294961898136,0.697039522421516,0.596621853465815,0.807654721278566,1.02080391899478,0.64844530887741,0.870611446231664,0.837315902847167,0.904481079474156,0.887019508055508,0.770557781568978,1.0654701573815,1.01773573843078,1.19227332641313,1.34990141620132,0.908604643207113,0.811372531286165,1.05749511986359
"1927",0.725892694423363,0.658105672386521,0.43337603753429,0.62555998675308,0.463765430208128,0.791145315562198,1.02104355082907,0.754196980630111,0.780311915532909,0.907874880399736,0.81688440622249,0.573385335451902,1.25948404271079,0.781389720507001,0.716456598058021,0.978416822673675,1.00671928663702,0.774282464675939,0.715395867293017,0.80639371931917
"1926",0.882749739591472,1.10807537432372,0.843174022169862,1.20864984834639,0.8617259919679,1.04189321273895,1.18141135473337,0.880861531778499,1.3832272147819,1.04512271728384,1.14636362679907,0.990290527551826,NA,1.06452773581207,1.20673413123315,1.05078945479879,1.03179449073919,1.0273915105632,0.907051230213608,1.3679214849503
"1925",0.962201664995853,1.0845526099505,0.8335605309145,1.22921360099057,1.27450627481093,0.870246843212769,1.29693506899496,0.906142413968649,1.24073031766053,1.11836633393973,1.26108443090596,0.738617355897033,NA,0.835980288024048,0.569835381628823,1.13656259737427,0.895107875631451,1.14558236058477,0.606446964822005,1.02689813216643
"1924",1.06827671786572,1.65313481961105,1.15641111905134,1.33824814499613,1.35090581764151,1.04770687609234,1.19539091312086,0.985038500304812,1.32239736099324,1.17768671822204,1.45226079747032,0.877090189782735,NA,0.982906860173216,1.20067403105766,1.10234543426375,1.16591550072766,1.05976212504369,0.631818017513734,0.978338067616681
"1923",1.02931402647025,1.24147608137516,0.876148795828882,0.861458660186111,1.09774921089044,0.782363643375424,1.14720411798103,0.92856774101568,0.885280060343603,0.843724131918195,1.18431711059479,0.648363309918154,NA,0.777936786080749,0.782864109096713,1.02505225788678,1.15203222702645,0.744542563518688,0.618168590417084,0.945671731122344
"1922",1.00328109836759,1.06945584829412,1.06816497733028,1.10357463157678,0.89484644804293,0.757682189204496,1.11158207129107,0.931400492857565,0.931283532089966,0.841142386681338,1.14988010426287,0.686353038178165,NA,0.851787185123747,0.90025143124685,0.931824792951158,1.21899674007815,0.599803114825849,0.837781669653444,1.20560262998565
"1921",1.094559288948,1.0025327214423,1.0238992068324,1.01831386307396,0.796876399591675,0.750119499818209,0.860816573075928,0.647865781362626,0.754199359701806,0.713027233450822,0.957024757712151,0.628610722873227,NA,0.703937702687435,0.816807096330544,0.946646408669951,1.04734533288696,0.642881263848247,0.699136867293365,0.606856021736415
"1920",1.35783514589796,1.48933726753633,1.59835910011645,1.3250862368588,1.0575069042803,0.982930400758318,0.865213247898967,1.01150436846973,1.14491806748306,1.04750318243387,1.22399886299405,1.30873584547608,NA,0.84395220601373,1.59157994112835,1.15584629373923,1.27531715143656,1.07342108279413,1.07110534603717,1.00811777943255
"1919",1.16187918277146,1.30710370725569,1.49440464229756,1.11928149269506,1.18261173675348,1.02712719068601,0.944131253398904,1.01356491610668,1.19306050865237,1.11387028368168,1.26466811756901,1.22190554259557,NA,0.723186917973683,1.01866645827398,1.18116028789843,1.27494555532069,1.18398019074872,1.20087342559391,0.750656150411146
"1918",1.12115854098916,1.12745797318959,1.33371428774836,0.829453312741325,1.11904961754073,0.915906404696881,0.894465760929932,0.984661744523779,0.800997071103238,0.951454103925453,0.931846375978438,1.11934104496577,NA,1.12938874032549,0.837293997383328,1.14514825326938,1.25861916762467,1.13801664085888,1.79213057811072,1.22320304379852
"1917",0.995968711594806,0.758576315716298,1.06043190315891,0.855193043989253,0.886096597435583,0.984710956305602,0.714873913040776,0.880515138066957,0.703295394674497,0.801762961862186,0.837681262446118,0.823231789676286,NA,0.918616894216933,0.686761988602472,1.00617722210765,0.765747397125024,1.05922759285493,1.20861665704453,0.739583030187483
"1916",0.457678633434157,0.469717748525781,0.573182465280415,0.476239785654552,0.653624557954652,0.718105172012201,0.778224242714229,0.523369648049139,0.568086584060865,0.594974997917777,0.619131078307792,0.259175090131796,NA,0.623679366255518,0.398847637867584,1.00278802393939,0.774643729854016,0.694661016798626,1.00362369911991,0.514821851168044
"1915",1.00502492395394,1.12596028432838,0.723618701401759,1.05758389434315,1.06055616398106,1.05780873737094,1.06010439566099,0.999278833513559,1.12924275523588,0.777495523132931,0.898841947044982,1.0136120632075,NA,1.1924229462421,1.25523428708325,0.96634990146277,0.975232717949685,1.13938397457899,1.45472816478682,0.94969760583982
"1914",1.37531666518258,1.48060788612576,1.3489126190003,1.22056118615552,1.31668070144171,1.28158659505213,1.27513727295296,1.19792549012507,0.96204997303208,1.12683349245536,1.26966110328647,1.3236522393965,NA,1.6248273593155,1.44736151374942,1.35934951514445,0.995181731012918,1.32207984830581,1.72227452560312,1.28897799981528
"1913",1.12627656565524,0.651217494089264,1.03363160693411,0.754086662013637,0.741105895600581,0.990316431669887,0.828389756536238,0.975648196554859,0.611823991657939,0.829884513699645,0.809651909588496,0.762392222677631,NA,1.05125304931604,0.728736923977468,1.07970344961306,0.545724893275536,1.00728858468255,1.1201289997411,1.13031851678071
"1912",1.10441923862874,0.86023156681899,1.04967983676602,0.804341794707296,0.993424609042588,0.901591142988427,0.918820237053099,1.15878747325783,0.839533973104374,0.880002543186291,0.79150033692942,0.977698768958227,NA,0.977999516487699,0.628294412325604,1.23811209437261,0.635638079785256,0.965609096500924,0.889552837479519,1.0045476211295
"1911",1.13531976787351,0.933858032684249,0.889268885755081,0.695776466470574,0.837911368100592,0.977484338410283,0.930282875031239,1.40760924190102,0.715155418223892,0.93492910521565,0.799113560031575,0.985839241852499,NA,0.89302417896669,0.866524020446053,1.15583528515173,0.821818497656923,0.943032775025917,0.796182670751868,1.08730865436808
"1910",1.11316125340513,1.05794706743627,1.02941441997606,1.11548023770172,1.1155653031403,1.1585639292607,1.20221100144559,1.89195117785917,0.897554531597668,1.22731649411883,1.0906601614432,1.03336012378066,NA,1.2636097712455,0.837193617522722,1.11703458749298,0.972623214892562,0.962119579420189,1.02470232063575,1.27652093428684
"1909",0.604652609974835,0.643347357907033,0.715365272280715,0.928762219128468,0.813022169927544,0.856616302645718,0.88394413969501,1.23742094747902,0.702661755279656,0.855698620108754,0.814056698699883,0.726184269487143,NA,0.848275117954148,0.698437427196234,0.624693109248958,0.658489740565398,0.88213484316364,NA,0.741554307596046
"1908",1.14556899750254,0.985672494784618,1.11838888148355,1.27635405845051,1.21041849719436,0.977197765830385,1.2563066810319,1.34318059968609,0.867625880393823,1.27077509667603,1.15463642968379,1.04985919006314,NA,0.780085540265916,1.00037556485584,0.672447419228447,1.06291840059386,1.13031895963508,NA,0.978777366950407
"1907",0.950373356952928,1.06210309177961,0.965681699242897,1.14175144970487,1.20785651359656,0.977481822127335,1.21134368767055,1.47559937560477,0.98086316156466,1.22350915215332,1.24093887463532,1.38671999106834,NA,0.946910208873461,1.53176686843168,0.790825564520202,1.32691732428999,1.06340404008715,NA,0.978640731697166
"1906",1.19609091929969,0.987280268355498,0.933621172343522,1.09598195336193,0.952691838052111,0.86681376829512,1.13061233583205,1.02691188845843,1.17822925784942,0.936006086940595,0.90658150586688,1.28796575799439,NA,0.947284759775991,1.26275724378356,1.07754289022114,0.962172480801181,1.05718825198178,NA,0.749231121470295
"1905",1.19214975562383,1.27938608677842,1.56862302929765,1.49990180336822,1.66349273501241,1.23427231795031,1.51847941924147,1.64217159638209,2.07210034826255,1.09106990141136,1.34843394763092,1.61111485064891,NA,1.55263194965007,1.59081401637883,0.933053991286258,1.04041626280077,1.41684058270085,NA,0.989648555704397
"1904",1.20535327921564,1.24844034123634,1.39941047722557,1.41160688762545,1.63265598274566,1.26768863588163,1.23884045524052,1.73002686368021,1.09997891589206,1.28494653262676,1.23718479320346,1.14760686083035,NA,1.4358546648288,1.55997316909597,0.922941070512802,1.14284272951165,1.28567841945806,NA,0.893665911963306
"1903",0.967436906197411,0.787106418048506,0.851087067928636,0.929397884916808,1.01155207681783,1.03854907505449,0.988104230030153,1.33730850807776,NA,0.884324341427503,1.00000816811272,0.756786588750511,NA,1.04231156844321,0.50478964926187,0.678474919054196,0.881747419275167,0.976712922682163,NA,0.479958636971179
"1902",0.987260122118342,1.10605090510628,1.02839139198502,0.787359094051046,1.06345352132961,0.950637979453573,0.993287456855508,1.25972884418934,NA,1.10879449336567,0.94371658138432,1.0050317112269,NA,1.06768593269427,0.688667100754762,0.711594246799665,1.04258949921844,0.820236202190165,NA,0.553276813943613
"1901",1.33517820290311,1.44102832459026,0.829112391918775,0.92136352638738,1.33926377655893,1.11693637206017,1.11270706254121,0.714310100227193,NA,1.18756169837099,1.14530999060968,1.06664786892281,NA,1.10831067396462,1.12516409057991,0.814936135420467,1.11745999298285,1.16674147313493,NA,0.519759177556809
"1900",1.02320134428098,1.01101684131356,0.697328099572438,1.17185888992506,0.820970287057473,1.15842723241332,1.12157382555831,0.957223106608805,NA,1.3879622786707,0.996197865631844,0.910937876505056,NA,1.16124102170929,0.802560272602158,0.719719634833067,1.06818632529499,0.916115703179935,NA,0.871029916416529
"1899",0.511917032653097,0.416632239941495,0.585808417869629,0.551940912706792,0.31238417585724,0.571589798648662,0.587394012090747,0.466127978869708,NA,0.549820013152904,0.493124759085498,0.444506944797133,NA,0.595754290793293,0.743057365059336,0.735097043088536,0.578263069494022,0.61961056523759,NA,0.537268302319541
"1898",1.11856424366726,0.999527492219909,1.28325957220207,1.22396598811759,0.915726994547356,1.1571744263248,0.785127018392023,0.856015301259351,NA,1.08795766435259,0.89967443228123,0.919267916660963,NA,1.06384902185385,0.965424259615488,1.22303675667846,1.07293890193467,1.14307689440223,NA,1.11712647456036
"1897",1.1372837001429,1.00674659923213,1.23750991235119,1.33165328981363,1.13858896833886,1.33487817358475,0.967238860210355,0.869128380173196,NA,1.22503307589815,1.1492792147927,1.12640035054094,NA,1.30097252655421,0.841774248916,1.08008038800689,0.981809244749379,1.05385470005383,NA,1.59686306762193
"1896",0.949442959075984,0.657231848070086,0.936836191315905,0.85138398274485,0.494403502100331,0.942717665455967,0.598875012275763,0.729611204598968,NA,0.858456144038794,0.749753938264976,0.831484763336407,NA,0.851658977763275,0.901712440993709,0.95428123690395,0.862377678072615,0.891972742241038,NA,1.13621023970292
"1895",1.45854076643204,1.13565270213364,1.28973274160627,0.926135671419388,0.88848610730925,1.09908722788079,1.047685173833,0.742537053987369,NA,1.31568281623407,0.986001353227932,1.30983712079487,NA,1.07448275609721,1.73792967078783,1.34634971327849,1.16220751269923,1.16963159920612,NA,1.84375186833328
"1894",0.796980452989629,0.4787364175363,0.960730241158178,0.936105806128713,0.568730039912026,0.688191015918358,0.727908697409574,0.634510722122599,NA,0.82956556771541,0.710674842602373,0.939979353566374,NA,0.816741369120366,1.30111812184806,1.03676980875274,1.01164805828079,0.889368567961596,NA,0.715942864358983
"1893",0.864216589319024,0.786436286102499,0.810850196327738,0.764320119643762,0.629285057185558,1.126287806886,0.787701520335877,0.631280231838964,NA,0.842754831331071,0.933602117222941,1.17080069802861,NA,0.872412347280399,0.889204201140232,0.931677350756002,1.01692385253954,0.871512581243916,NA,1.34043972171674
"1892",1.00145296315771,0.841882173399079,0.661829867030339,0.961853760040217,0.687499563614865,1.07332185678891,1.04140191645609,0.776825279572083,NA,0.889575938594944,0.872036741366635,1.35488834790302,NA,0.846392230025854,1.00649339421092,1.02942402009792,1.27069966746365,1.06196936148521,NA,1.34775366670207
"1891",1.14716116755905,1.30518529030129,1.1491783776896,1.05293501033604,0.837093377950173,0.997028873517528,0.927108499725413,0.806768332058961,NA,1.02626393477525,1.00327191879366,1.36528356587772,NA,1.04221649910711,1.24829406419061,1.11517907436703,1.5811431220491,1.15260908689092,NA,1.44623253764392
"1890",1.08842553169592,1.0765315807356,1.24860418294163,0.94684843158269,0.93742508814868,1.07826921442521,1.08033027037714,0.86623089955952,NA,1.08079844859931,1.19842687922037,1.28344712300838,NA,0.794683068209191,0.967101722398981,1.04023780105784,1.28182399564124,0.981879769976487,NA,1.0933287831792
"1889",0.85829398110414,1.30142774931351,1.74564340010754,1.21678389801174,1.43897846218726,1.21255163544668,1.323877555294,1.46167482749403,NA,1.31477931662718,1.10612329095238,1.3613741315915,NA,1.37579507667212,1.50185069181885,1.02285743839654,1.69984394392477,1.23352244846151,NA,1.21227336396097
"1888",0.768890157755816,1.03401264986219,1.30799397687933,1.04489126465913,0.723818160323775,1.04993670374632,1.13238087426418,0.970610102818737,NA,0.983288026105911,0.9650529345883,1.11982355889137,NA,1.19996697972191,0.937513301014818,0.883604847829087,1.26782650032351,1.05929305240757,NA,0.919333961924634
"1887",0.823536023151893,1.14464181730294,0.8498717012387,0.910895889441047,0.787596818491792,0.97630061238121,1.10261421626106,0.681551377340288,NA,0.851872094148321,0.911529559715103,0.850595453148198,NA,1.35787016148178,0.898621352355009,1.09576553863115,1.01853437352033,1.05785926428739,NA,0.772461064238922
"1886",0.984318554539688,1.50276771604899,0.715674455083821,1.0252098728623,1.04002493551429,1.14533181532085,1.0539160733072,1.06635648623597,NA,1.16187571708371,1.27837486508428,1.3045228414483,NA,1.18339200529109,1.22912996689488,1.20178405874867,0.942906450377047,1.42743210665887,NA,1.0879143200695
"1885",1.02612037467352,1.79422549734494,1.0380599274833,1.36642419618201,1.88086630505562,1.27360837067098,1.59759308319227,1.20182676746736,NA,1.37708382063712,1.37519032271792,1.00628211346281,NA,1.27555020780505,0.842111806574228,1.31233821139826,0.910400765885944,1.28232498532412,NA,1.48440849836601
"1884",0.721699937504696,1.17015209715913,1.02095346551058,0.999795212085724,1.73162841935922,0.945765181361535,1.00863751926912,1.23942304398845,NA,1.4666743734568,1.17323487569322,0.866952738696447,NA,0.915403329302661,1.07167483341445,1.00485227784126,0.674606392773942,1.03078173051532,NA,1.22633284471816
"1883",1.0178561691833,0.732477699910116,0.936680495326284,0.919509479732123,1.45204568756241,0.866899795476101,0.725243213477983,0.986196377897044,NA,1.16761847633753,1.23683656469892,0.848903996011839,NA,1.10842167687544,1.05513063674781,1.18646218383263,0.972064048475577,0.955435347681409,NA,1.011110656194
"1882",1.03600223714622,0.650938440994857,0.764987789955818,0.818586798448684,0.774098616758182,0.803165375542255,0.554323602075353,0.553731195693764,NA,0.508622180040395,0.665097489369414,0.578025314592721,NA,0.70845707394752,0.726896609602482,0.854881426041203,0.554014997667439,0.711135279269826,NA,0.661747498419809
"1881",1.16270487463961,0.900438493703296,0.751581683212976,0.925141672840001,0.832728745523926,0.971363871363017,0.755600513280645,0.623254426059357,NA,0.754152499883668,0.892423547463064,0.664275173842601,NA,0.742761439302355,0.791517247689365,0.800428865398402,0.594906040593382,0.670015203470131,NA,0.769661866859922
"1880",0.730479609165886,0.459431568945982,0.758200210502073,0.72317822046373,0.642791450905437,0.634827680209076,0.761842069208659,0.3972976495603,NA,0.353495327688654,0.744422786524046,0.564251828839698,NA,0.268124924404903,0.520752960624429,0.834249432213519,0.62815272179359,0.561401118984225,NA,0.494729908372258
