"","R04","R07","R09","R11","R13","R18","R22","R24","R33","R35","R36","R41","R44","R47","R49","R52","R58","R60","R02"
"2015",NA,0.847130843342701,0.779644859637329,1.8189714783987,NA,NA,0.839696988773374,NA,NA,NA,NA,NA,NA,NA,NA,NA,NA,NA,1.12191878880037
"2014",NA,0.738996488651209,0.844390531959151,1.18251606800641,NA,NA,1.04370424844781,NA,NA,NA,NA,NA,NA,NA,NA,NA,NA,NA,1.28044143704714
"2013",NA,1.04836021620598,0.989081242436121,0.787808853467228,NA,NA,1.0144228466924,NA,NA,NA,NA,NA,NA,NA,NA,NA,NA,NA,1.24539423290959
"2012",NA,1.3298754130524,1.3471336038411,0.791554405355372,NA,NA,0.916917601055568,NA,NA,NA,NA,NA,NA,NA,NA,NA,NA,NA,1.32268068114507
"2011",NA,1.03563684111009,0.856261832881446,0.685373526555076,NA,NA,0.935776028790772,0.949063663596102,0.802787698259181,0.708352699660307,0.68944040044584,0.89478519164914,0.831413876754506,0.823239501472163,1.15056101837685,0.672845230076375,0.889403582683087,0.970451701897097,0.647758955612027
"2010",NA,0.994312755692316,1.39297485623304,0.746787129012331,NA,1.04086278452614,1.09482935787399,1.09869977229978,1.05449451098361,1.1687421981046,1.10281327996758,1.10444272891751,1.23265907234679,1.03293719176537,1.59681620001794,1.19052115852738,1.04945033025928,0.828970604270171,1.0768436322426
"2009",1.46917171990371,0.947560503667002,1.59679365239744,1.14667905294348,1.09120748561564,0.981087692632897,1.19021752943578,1.25222027289777,1.12713498658665,1.46750179071462,1.22733834751375,1.4060357310231,1.18984664101882,1.41946658770296,1.05288035448065,1.48772343124401,1.00566847113031,1.01255014805409,1.0897846290754
"2008",1.19549909492781,0.810925763732086,1.05451297348447,0.931457982356817,1.01049256696948,1.00917702793638,1.05359694274621,1.16587194487661,1.10843044315922,1.01427273658715,0.716921015039715,1.30086011844074,0.666086587105659,1.17951696125158,0.911562732853641,0.789964054646032,0.906047560630666,0.764253760062858,0.848581518677183
"2007",0.945549262400857,0.857120792181266,0.928830174283912,0.751532946433674,0.938276414435662,0.914118488071418,0.925153435290696,1.0675047725011,1.25426956761341,0.966233627288329,1.18152188504161,0.963031709987788,1.08701435634088,0.924158483885521,0.93467183588117,0.911234338654029,0.896840126888817,0.810768028696389,0.758814459507917
"2006",1.01052092487495,1.05809182223998,0.825558761431866,0.759991103710421,0.912936902045777,0.904114937005624,0.941969232631309,0.805931911369478,0.852082956833692,1.24776204559165,1.01406836672725,1.21147343950166,1.1611869492022,1.00521259002837,1.10593638348694,1.13450781869152,1.00235261333808,0.970873861939423,0.968657036066349
"2005",1.02690063452938,1.18095294284331,0.743589917365095,1.36232144593669,1.43908412597683,1.37754026824172,0.985603490587224,0.969989544108936,1.02389709414787,1.09385062832726,0.983591210061039,1.15766486566574,0.65104878653615,0.84880951217786,0.900269586731462,1.06686058323896,0.997218602785871,1.07384972157394,0.72942782763226
"2004",1.05297749075636,1.29329841106379,0.961490601066497,1.31715356703286,1.55924307898073,1.20993356867765,1.19485409013193,1.19810855874456,1.11981016060097,1.00523798456695,0.932758499134821,1.15531229257799,1.51590538758765,1.21014424648841,0.835365862706866,0.818793987525482,1.13426322756141,1.1344459956123,0.968236035038176
"2003",0.979516337681396,1.22492154076039,0.86496415826303,1.33387718092402,1.21919368868184,1.07395170986224,1.1914660636453,1.22398850745575,0.915065188210099,1.27286162955679,0.988923931899804,1.18804122752231,1.68278674347983,0.781980668396787,0.973806893048416,1.05221033060373,1.13266031806094,1.24111006749141,1.17333211167421
"2002",0.79962452389861,0.850057679827831,0.935364290178259,0.845094329007333,0.773905727114921,1.11670006787996,1.09553932921431,0.733491368562366,0.958367227377785,1.27327883069201,0.967854268834918,1.09120231721243,1.17604545561301,1.07000375553693,0.940864028821804,1.06095402615317,0.998205962169759,1.07794080093599,0.811600076031586
"2001",1.09569866244865,1.12653762443474,1.18946290555556,0.989479038445876,1.04116780342219,1.10681456818017,0.917192436389608,0.927067400396635,0.944632234160272,1.56516586838606,0.942364987079849,1.00340845982082,0.930504034226827,1.08275384047276,1.26047503835783,1.32214101531851,1.07284886956357,1.13558017934899,0.999141242195888
"2000",1.07635594055702,1.19373469732339,1.15104412869322,1.177335341225,0.931802374499183,1.40317805941124,1.13951686288865,1.15855613169835,1.13465857143385,1.13093397040567,0.898850382302787,0.868100864777868,1.03594916191089,1.16082174426927,1.51159156441114,1.52120884490445,1.15838356003838,1.1852836519223,0.916681994149855
"1999",0.740166489608666,0.971436870093866,0.93982291906771,0.923719020614719,0.850197370307742,1.15435597443577,1.14959740563889,0.946207223122535,0.821637349506725,0.537380720041626,0.748835542591194,0.661443221858641,0.648944453441253,0.950792583688406,0.82918734257466,1.0178693031039,0.817210588583176,0.962674400832821,0.500912038991251
"1998",1.08802889118691,1.018042397562,1.46165536433416,1.08886507316463,0.939016042468558,1.23260501603474,1.1331183906264,1.18757442075393,1.00181008493233,1.1973181598869,1.56103615552486,1.31511420192159,1.17779136619828,1.15387029297558,1.35543102608131,1.16109114407286,1.14641109101364,1.00246167202234,1.10048505940512
"1997",0.887796051485819,0.921966540815539,1.09610639957085,0.785410652330767,0.747149168814216,0.922197051947447,0.983609768481565,0.981445996354366,1.03508045506646,0.900374962466145,1.27980280495425,1.00958591948643,0.732184509129668,0.808384101174593,0.903773220340894,0.654561731112881,0.905297214042477,0.791829506574705,0.568736623070569
"1996",0.977589895286754,0.861782831168027,1.02058817864873,0.747107532307252,0.754057556641926,1.0556900460205,0.953840467092972,0.965281868285294,0.880360840230163,0.926069569725676,1.50035929340421,1.02092648579451,0.7268413994068,1.21925653245009,1.41394133531229,0.962175608532331,0.986897831205556,0.720378342883321,1.1512492108848
"1995",0.902477635958309,0.814333240637061,0.779898669835276,0.646479241713459,0.781727626401599,0.913525601420752,0.862517841759863,0.708525659825916,0.708023344663485,0.852551433292854,1.21495093635464,0.81184168407726,0.541089666418867,0.888129448257609,0.833462992167949,0.917336287731835,1.03640784197575,0.945753705760894,0.670689921465733
"1994",0.912065839653304,0.863116136610914,0.932842869788877,0.735632568120128,0.65071851453176,1.01603420545084,0.771073129302227,0.77854093999844,0.938223361605198,0.926891496560812,1.45430085523089,0.635709946968503,0.643493883029647,1.01824528510359,0.90509614561016,0.932183778343131,0.996191756966517,1.07721486959798,0.979849731313012
"1993",0.649281313952966,0.659755688088535,0.573532336879137,0.513168260487363,0.633161525761816,0.799610185711103,0.671473933832533,0.745482033054718,0.821344539459114,0.317087883730661,0.982318316782251,0.374109411087287,0.432074136764001,0.512435758630226,0.484638624610657,0.41653587067067,0.7848921432557,0.834686934941439,0.500546542323793
"1992",0.733214517574074,0.796573247327723,0.644701250025124,0.631569250984102,0.726867208159682,0.858165053290154,0.712729528883394,1.04593809022367,1.08920745995675,0.650081013231091,1.05119888079129,0.698391124253927,1.17303545553907,0.796019219929858,0.800159984375377,0.779121429094774,1.01659889284608,1.15677485146516,1.504136955342
"1991",0.637772414935249,0.671243621935493,0.615640613322828,0.83520175475583,0.730837972104439,0.476163829698762,0.573934055345376,0.518315273110903,0.950024759571548,0.610442865644072,0.867311882832402,0.652356612622075,1.24478156203974,0.715070678226448,0.544867600461485,0.588688242007884,0.897507993975213,1.03873016111776,1.23533209157094
"1990",1.06590183223369,0.874288980775422,1.52544355768413,1.16309969514715,0.898107138237955,0.373127389634461,1.17933634541542,0.956237917406862,1.57782727592063,0.567675370109496,1.29555360362756,0.420011509810366,1.73335223497843,0.987788970431611,0.983397269653473,1.29474801429033,1.17686407239859,1.28025346107069,0.992082194535333
"1989",0.90838971232103,0.768128795329378,1.01362642789474,1.03271665258564,0.647860003634714,0.515450478342303,1.07239012734716,0.869108784582055,1.49524155928328,0.693948047035443,1.14965158373571,0.415420198141088,0.558869501614635,0.616135048403677,0.528840965261016,0.851493597148663,0.864962127792139,1.05241377760167,1.13953544218994
"1988",0.855609271335712,0.817321459735379,1.04530283391986,0.973765607925621,1.20938027886522,1.20451592263835,1.04157060340738,1.24443072203974,1.2255998082661,1.06010760436589,0.657491394431174,1.2149028460907,1.01640456057319,1.06291926714545,0.934204382377067,1.03860798596961,0.977792838919682,1.25915300482261,1.38294704217647
"1987",1.08470299444506,1.06665350079231,0.930482059918515,1.15261224744352,1.58071809637096,1.21041801391349,1.03609976802671,1.01332313006921,0.973973860075517,0.718378778165833,1.25423472248793,1.50766685849403,1.23864073458498,1.11897762810771,1.26383751868055,1.41707499153053,1.01674675222472,1.4357545858265,1.22104672583179
"1986",1.02012532795297,1.22675146903867,0.766503100268143,1.31135232356411,1.68059964370322,0.684168657846385,0.977748777845252,1.12689855474218,0.651376440427447,0.728748248399016,0.909310203959187,1.02306453331691,0.942027050529813,0.868234758969116,1.50041831410324,0.80403838908889,1.12193499475562,1.35520258117345,1.41322405503732
"1985",1.17401799726918,1.25292932657711,0.783847371568472,1.29728337079756,1.18547982172084,0.730048728513085,1.23252451149935,1.07000980194469,0.596635349934482,1.35350959006467,0.82983224723623,1.00611858068306,1.43929317064952,1.31734805232971,1.29305273319596,0.948766554174246,0.83732219067885,0.959757421992731,1.49384908543251
"1984",1.27757154963473,1.3026868144488,1.09618501498008,1.47810929792606,1.06655142386219,0.915398798681515,1.41983412640239,1.30073406462734,0.905185979229741,1.61386406951577,0.970818073974768,1.08780933938768,1.04681479517362,1.40044880159819,1.01683526553975,1.14117380242478,0.966192535726067,1.14212710364423,0.967545733369216
"1983",1.10936424461952,1.2685399140437,1.0794427783483,1.47827889367651,1.42333653187916,1.04057784696706,1.01537558613447,1.52664430944806,1.22083229910677,1.37552645161343,0.41915614700066,0.83954556319442,0.502942588307065,0.886106875449203,0.632180544984368,0.704004105490979,0.762679183139339,0.916425092877015,0.941981779412848
"1982",0.766358907919527,1.20889370708088,1.04274138482948,1.25902531385178,1.05045559050793,0.895475987633722,1.00380099868489,1.21457132946489,0.939766183059237,0.723086577529108,0.525801463918789,0.889387054973779,0.702116913853487,1.0279147753851,0.644039440783312,0.748658123920755,0.866533380231725,0.845416157795804,1.15953292742667
"1981",0.951064427750944,1.47657261869112,1.29725035028336,1.25202162725127,1.1715610807377,1.09363257463389,1.02018432088317,1.10185208086975,1.04213670530525,0.916886273895735,0.612702698284561,0.850110802488613,0.707309346237127,0.963768628126422,0.636542374143792,0.897565646509965,1.11456278547642,0.948589459786537,1.0127748701054
"1980",1.11733872072661,1.43401678118753,1.02340831880909,1.01247729472399,1.14583219376609,1.06769643374863,0.907923690421882,1.06137855889923,1.03375530648764,1.39068127170886,0.679950959358067,1.01879135232453,1.08561301100776,0.996080599559069,0.634638902741732,1.07555313231615,1.05626643031354,1.01913110554987,0.613944087310612
"1979",1.02933482730682,1.08386851003309,0.79236148741207,0.873503831282766,0.980372996554978,1.07553070762462,0.899763388811687,0.885427684473101,0.884308589283701,1.04277234037946,0.738655807556162,0.975498025059776,0.954757814649209,0.663396033349358,0.543268771390712,1.19879255091118,0.92424079202905,0.869852509544457,0.677237179299157
"1978",1.19195999334111,1.18092448676224,0.700070381008738,0.857949969091495,0.929659718067103,1.08019420080281,0.877762320238059,0.88699012522368,0.624816953997493,0.848742812887426,0.717936669410209,1.21397590131077,1.24257176103325,0.825503733434335,0.669000444972742,1.41624017922115,1.2220890682723,0.904372712527437,1.0040612717513
"1977",1.48230074426233,1.44421279303181,1.26624063580443,1.38525080410693,1.29292944911989,1.19851769373752,1.10817852163011,1.07922934102637,1.35786403794955,0.876513911515782,1.00282407043676,1.58144001021642,1.4624987329044,1.193876662356,0.845839022731215,1.23444192977268,1.39804464999513,1.19447924025409,1.47200216476749
"1976",1.00732392310503,1.07010905832297,0.965765149815377,1.17973310040346,0.8674264701808,1.07845678225779,1.07536967144973,0.67882049916865,1.32435553419466,0.93117897509992,0.956758338999179,1.21584214892845,0.717936226409411,1.11049488525406,0.478204785810229,0.77806573313566,0.985149914567103,0.721242383403066,1.2093010169226
"1975",1.0014008908243,0.994368121846662,1.14480048410103,1.06823830440592,0.94625449647766,0.972124151383575,0.975085488293499,0.724098733761601,1.43866498882211,0.532005766902016,0.942021812102755,1.16440698883371,1.04430055646895,1.0600800350859,0.715898772824571,1.10561819523073,1.22113928139806,0.857022977187128,1.1247311919849
"1974",0.616839630224872,0.60840309964629,0.626411565618722,0.463200011075834,0.656630524056243,0.871855464478329,0.686572046861843,0.564602593734229,0.930133598256531,0.62578192252954,0.683927367223186,1.0143564010392,0.401096979734024,0.734166195326336,0.530784783821179,0.707835179628347,1.12889657438355,0.595686494343428,0.672334489456954
"1973",0.935894883495181,0.813424643838075,0.938041371463384,0.664388971261124,0.899776186013482,0.901757036627852,0.875468667542775,0.673068421213764,1.39581713108121,0.537372625029941,1.02411738365805,0.989295684985618,1.32940712719951,0.964490854559119,0.992401919620234,0.786746491284366,1.42181230594547,0.935038459815559,1.49097136382109
"1972",0.752106886976509,0.799016544538868,0.596817544595796,0.583895460749191,0.853242267707781,0.864776985681342,0.826905655913356,0.694192510782914,1.05316762190684,0.675771500546849,0.876042160591915,0.966461888619671,0.693470148959161,0.821588093822188,0.685669721326226,0.623011041080704,1.03255084838958,0.781151253762666,1.08571134005152
"1971",0.757663833596052,0.775146877225901,0.858538964158168,0.573032775418573,0.705427096738185,0.780755168632336,0.843218421979731,0.869404790288359,0.863106866042111,0.952545033108109,0.878298655381206,0.654901872047016,0.875753094550457,1.09978421489084,1.14404102686229,0.758977693181786,0.828774753847789,0.926644182875236,0.754949120350816
"1970",1.01544804176894,0.828121163446536,1.11722536245238,0.731840419339752,0.894579796968635,1.01212464329974,0.935845883063354,1.03765281641319,0.752309393068412,0.791592814923265,1.02614044736735,0.626485582769348,1.30401150627563,1.15538309230602,1.72819332657483,1.09791789175723,0.82469606869141,1.06379820241382,1.24717237476105
"1969",0.961516185418416,0.898341941833199,0.931848599654189,0.79793698835845,0.952443069410688,0.970349048785762,0.956979410438712,0.938829398872917,0.591884429051847,0.774508899171406,0.760482516301764,0.697918742947692,0.90334742534596,0.812828617239944,1.26874057700581,0.871241695182348,0.719457134665476,0.93488512475799,1.01256115772921
"1968",1.06362282088467,0.993628396695327,1.05779413062722,1.02844899646001,1.12680332141451,1.15465984259445,1.12964323410991,1.05982870111714,1.05024367064848,1.02534970629605,1.04108360210654,1.09098892508359,1.24876216048421,1.00707342562821,1.78377064795644,1.27102475570335,0.893553893533833,1.14402723981209,1.04751103742056
"1967",1.4036569869604,1.28644802383975,1.25153232486139,1.23858768257016,1.03741485330661,1.44261769463762,1.32906650143556,1.23068618253372,0.96291899055585,1.26558693535605,0.962741392996441,1.11280166939312,1.22726065730309,1.09465387506675,1.94280057495274,1.37429488457019,0.997559799566226,1.05844617111809,0.497518692448145
"1966",1.08625585498637,1.24581797741867,1.19451637628181,1.14803906992934,1.07717677040489,1.1594817270132,1.50406034149643,1.12878061585596,1.37777637409615,1.79943761831712,1.52615915182326,0.936287377860481,1.12832223732907,1.21593076360685,2.02936509978783,0.92691751745706,0.981718791816924,1.07640342740133,1.06431826255056
"1965",1.2251065441814,1.2077724263716,1.22558016342893,1.02936138498329,0.824281290066313,1.09474216223151,1.22618969780615,0.948820872892448,1.34020710753036,1.45032757138103,1.09794919811031,1.24496957603921,1.22509622586498,1.31801216434027,1.47274150178351,0.848781482297808,0.877765844296431,1.025943115975,1.16730184888845
"1964",1.01181836066938,0.835883443192775,0.6306332965297,0.90393753836884,0.606288341240753,0.886660096786028,1.01451646760616,0.674836734800199,0.86241263582943,1.26969714932984,0.712145625118686,0.975239805941813,0.440211522246578,1.01105047969527,0.846473262832837,0.637839072044706,0.705807213174755,0.719055280260304,0.535297650050923
"1963",1.08862492264625,0.852176211621627,0.85492337683042,1.05099298054923,0.736680657768305,1.01304056883053,0.93123471937974,0.960545264148501,1.00926478855474,1.04507372536921,0.9600606170067,1.05315027071638,0.980114848250555,1.16200709541968,1.15637899336309,0.936154836313208,0.836811640552232,1.03719317210003,0.939837107202766
"1962",0.776762765306881,0.708450872869148,0.732617984204897,0.665755165840622,0.727340887687064,0.803186056610885,0.853268545719763,0.847186853496918,0.655227057273878,0.138129657639623,1.02415840241772,1.13175241073468,1.03693059762987,0.860385167932502,0.787298640006472,1.18995499222028,0.810083638479188,0.973200936030112,1.03166196107584
"1961",1.19043305543622,0.791216578925273,0.691840002651745,0.819431747598263,0.998999874960387,0.82779418075006,0.899964245886818,1.08619050256969,0.540206971365424,0.450175969565998,1.31124555124787,1.03491268211596,1.37504531627247,1.06062807541853,1.11690800468816,1.23574490590662,1.14743901682889,1.11053528525225,1.11986383033194
"1960",1.21480598970979,0.748418681790709,0.834142925661819,1.14760562836002,1.00765644438859,0.804488098239618,0.833439071604193,1.25430853614311,0.641602490664247,0.655867725497274,1.39221096507961,0.816651865531917,1.11880457794753,0.929415548386538,1.53607750192,1.1886594740237,1.11430446230803,0.95140643281022,0.860996690779245
"1959",0.918616848795699,0.67544632662331,0.789470088959575,0.993050962836484,0.830542491828854,0.916093032527916,0.997813912838217,1.0129939316962,0.570240086587855,0.809530570871942,1.09506089517743,0.757629586836737,0.913613100703986,0.930102485077896,1.06192550510252,1.30515970428301,0.909165693525524,0.812162911132577,0.670049915920245
"1958",0.963668303671372,0.8652060142811,1.22720273164043,1.34860440372519,1.27859658075888,1.10318513916672,0.871158663274632,1.29112760482009,0.536997548171,1.32735252134743,1.39977265227699,1.08035080110316,1.53756313502089,0.996477234314536,1.21311149106319,1.45340201927909,1.1196075343654,1.3281762909693,0.969106910633247
"1957",0.944841590560542,0.844850454928621,1.07000361633472,1.06115291728668,1.10610902553223,1.07512764119505,0.9325639738548,0.803644008950436,0.541821343671404,1.12882620690765,1.30554143026514,0.879811599001239,1.06525385492689,0.967276693943184,0.924500995875618,1.11115258024696,0.84263024712961,0.915801902076285,0.973391760916319
"1956",0.682873399763497,0.736539741347547,0.912870924694331,0.803427193157663,0.904086786680599,0.778962724117195,0.836093021372781,0.758982215909165,0.617792984004436,0.860430689362685,0.849247526656817,0.826946905564993,0.880822497928652,1.02310760664061,0.762617465089788,0.595001118850054,0.732963185670914,0.748829447571294,1.0341923634664
"1955",0.695746015823637,0.737014879674515,0.90144756167152,0.676433053605726,0.898950809464173,0.812131435722969,0.741958120552696,0.677202151063749,0.43026425725331,0.8735942630224,0.720104774380808,0.865668955804747,0.627417844591608,0.991983720056303,0.445529254512061,0.763794148806342,0.937250130753696,0.786515765028841,0.787806959195005
"1954",0.580837424919205,0.67081123775539,0.712504225692932,0.506962361126313,0.977321049175881,0.842527670634639,0.788642749145845,0.836116176326484,0.376406070862656,0.517733551809885,0.672135919618159,0.882411233151663,0.476141404576263,0.818629408601717,0.203059074364598,0.596213043578567,0.934378035504139,0.721852972075513,0.640944753124009
"1953",0.884967202002387,0.727235656572966,1.09222881694773,1.00935731376998,1.24130117184509,1.01086432340345,0.921079392206977,0.969375370355358,0.504479045523201,0.68615481300991,1.0207462276977,0.917072247347733,0.934212353185311,0.971206275778319,0.519605664146596,0.644768506752499,1.16426077008814,0.844759558612832,0.87498526772016
"1952",1.37271147411226,0.79140812892367,1.35599865759364,1.33670776923672,1.22583735210664,1.06431336974214,0.916143388463459,1.19021969877092,0.679614676928597,0.772432778722319,1.1789987626056,1.08591900156097,1.2265893893228,1.09384888879082,0.637997118595013,0.955136223716876,1.25654595178068,0.990428205741598,1.14210946370629
"1951",1.87064121244807,1.04575262532547,2.01015317098352,1.6417965849508,1.16206579004921,1.09363559971508,1.33130255543068,1.41714702902978,1.1936712410839,1.37144021286906,1.23573926843304,1.59903284458143,1.264139067208,1.30049730910488,0.827282533974135,1.33012227668162,1.44418380689811,1.08727261906522,0.980233503090048
"1950",1.24554522024006,1.07789795252667,1.60766432855169,1.33222519618872,0.959831049894657,0.894199681682676,0.968745687318278,1.16728095417872,0.663837176729018,1.21139141675738,0.802365814200103,1.19043423641078,0.60994177732824,1.02733626726007,0.651885288395221,0.945426106032162,1.2826016129694,0.897943820951485,0.745721831549003
"1949",0.876900347364699,1.01976563722134,1.02367972940911,0.751187361597106,0.755746011902335,0.790991986037847,0.853476267820697,0.914978485256525,0.789707151586491,1.08559863345488,0.87856836055338,0.858977261870804,0.691999124219455,0.958435088777121,0.705205393888977,0.78607796008812,1.03061225851146,0.599360739507726,0.851453801339303
"1948",0.863366173348601,1.16647780091844,1.05394817578991,1.01652528249653,1.07710982892541,0.90590100088014,1.19643376742039,1.02129502419771,1.05575296152946,1.2564083498105,1.04322873990992,1.06790869780646,1.24306110424937,1.32262068843015,1.03468279203545,1.17111733244828,0.964366526554744,0.885538005552499,1.07586715428442
"1947",0.886610587890669,1.28216165091135,0.963511621634233,0.842671946256989,0.960283691615261,0.851176385195957,1.15886425654973,0.978523067853802,1.05369605725338,1.03941033556307,1.15432593090944,0.918626018976316,0.995916192823165,1.0968811675136,0.81090892557278,0.677003888022892,0.682209853933282,0.999037118508943,1.0256154935533
"1946",0.930362898960177,1.19487358081282,0.77685626682879,0.761300803992679,1.04706350604168,0.895124375357651,1.13193328200375,0.835917355139064,0.918568840478167,0.925249758889329,1.27023379045443,0.852697735855597,0.84421875585145,0.931996630119525,0.645466022846169,1.02067193739004,0.807168247185565,0.959893106770023,0.782456887986181
"1945",1.29130816615564,1.35601054217261,0.909288342154849,1.02404789765197,1.19981009432525,1.00789008698804,1.35375810940741,0.924737225710046,0.751550520801066,1.23992044350328,1.2275051676543,1.02972959149396,1.11276668201305,0.976530865632098,1.35313674372626,1.23392785388881,0.756126649315616,1.18549130916284,0.744069774355429
"1944",1.23602909791316,1.66025302089266,1.23438248001001,0.986162526243128,1.10162302900383,1.13761366375485,1.43333204584484,1.31310710709022,1.20168069004449,1.33874476136792,1.15543117842914,1.12195328533874,1.1121263166131,0.98776688977339,1.42197334804384,1.43010535052535,0.911341134033327,1.15275125608724,1.03839224813264
"1943",0.811668766282823,1.3174296164926,1.145640152679,0.92548019087785,0.942356427571275,0.874508126638435,1.24784458687139,1.21007066770533,1.16438937527449,0.936088162703491,0.993325995917679,1.03887086813598,0.89838671439941,0.989460906463937,0.891830684375459,1.28825493960544,0.795290959001883,1.05252790993756,0.932180975398925
"1942",0.783787599700076,1.0145849109909,0.805298720709492,0.923066632269677,0.898116803263258,0.956953227254863,0.958886263975346,0.803342799165958,1.00669342978534,0.891487195489078,0.887815849811501,1.01796488185392,0.905808169051705,0.87557981676731,0.894079613351845,1.09389800149482,0.842151571743073,1.08877506707549,0.892212857711955
"1941",1.25206560631107,1.26990517912536,1.02086632466041,1.34426270042365,1.36702639804321,1.3899147771369,1.28193505569272,1.25240664602134,0.958341129961454,1.24866213747755,1.19368128346298,1.39293789116191,1.10071104059258,1.01820513488018,0.942098549394824,1.44816161351653,1.11780979639975,1.31873286901671,1.29587007615058
"1940",1.12777656957974,1.05843488436524,1.06629693280821,1.68713177554786,1.62295234224129,1.28373088377966,1.14679548647713,1.71350707851719,1.06369845799763,1.03598556738904,1.13186169564722,1.08257460196144,1.03321363986425,1.01800787249798,1.29508973455815,1.07117904438524,1.43611298203071,1.49425856818511,1.19783767560637
"1939",0.814465992514849,0.963170928896994,0.981486186909433,1.36386560436633,1.16419060202353,0.963331642734078,1.02568194177978,1.28877165328145,1.13130082606048,0.82841671384075,1.09624575321676,0.910939010827298,0.853488632633629,0.907506787801845,0.902420184142936,1.25117311237137,1.14623459492576,1.14732076520777,1.02428835504561
"1938",0.631322020175257,1.07886593211785,0.966814261490552,1.30857199574068,1.08874462212876,1.13856413745038,0.792570385422015,1.15248883080192,1.54670542781643,0.927509355822761,1.06093522105518,0.929626779537818,0.900444445168257,0.852947940864622,1.00193065145157,1.07026812534653,1.18190485357797,1.21150725596621,1.00681273087421
"1937",0.648217460388526,1.05081324650882,0.744752604923514,1.0537476050164,1.00193531492749,0.86557685924585,0.70416666825662,0.835374912036936,1.53769655196512,0.808002569911589,0.900269378220861,1.12229347157901,0.89763848866001,0.883262790067571,1.14730723094565,0.757395866159338,1.08349733679192,0.929770720962204,0.833795303659286
"1936",1.12146364928084,1.1403954993708,0.936819014351612,1.35137555535406,1.12961078325667,1.01946638631609,0.935354801942047,0.952310571569177,2.15831422644893,1.04375334495989,1.01689790003228,1.44748391540395,1.10380148801205,1.0104210922057,1.5223064060763,0.76045169936167,1.12292475889222,0.97286114612317,0.950396214714318
"1935",1.17452499484187,1.0284199904712,1.21183149721763,1.35505584177238,1.09585161788325,1.29749489246335,1.03044261124661,1.22831897692171,1.51746615041963,1.16217535844521,0.95882488431184,1.2018037835251,1.15853885073471,1.16776590783087,1.57045495041856,0.918445346794096,1.23543624779807,1.08218022581521,1.1362664025804
"1934",1.3905578138089,1.16479248735011,1.20154884108238,0.781397285270428,0.887642978118884,1.11295060345983,1.11658891471245,0.842560682599848,1.73217626157473,1.22392200903201,0.98868282943151,1.45035551456979,1.12176687403809,1.19080728379218,1.32183241662027,1.00174643631462,1.21535348301631,1.14711429387941,1.23025696038664
"1933",1.31664627151861,0.974656786742481,0.999492338154642,0.673305264293754,0.675694176315822,0.915096296137976,0.878661591209236,0.938134732089874,0.98377037902934,1.21305685030838,0.899274854904575,1.24211077117668,1.102359798062,1.20681434016708,0.854382530418528,1.12361772395714,1.09994201789146,1.02857433395665,0.905536299130851
"1932",1.05375782452485,0.944065652390938,0.818401442664246,0.478744626793508,0.740530296395559,1.05458081318972,0.804648189298559,0.96742431367859,1.05646447359739,1.09873884195761,0.668887348302862,0.991994360999984,0.722302085588061,0.988636829958817,0.930874065800343,0.924973811939656,0.842967807511722,0.899799369619931,1.01675080937483
"1931",0.984473280523141,0.934019885550643,1.0420016984168,0.835074585983164,0.943863225203587,1.34090896050432,0.754090607735208,1.10072749066144,1.22937427301321,1.08624736124571,0.818616590624121,0.756497473371666,0.948257730536024,1.01288474357425,1.16697997268079,0.880326808038791,1.00487514090746,1.04771165510262,1.06854396100824
"1930",1.03613014903967,1.14736345282145,1.13008677833548,1.02599043334673,1.15754853077978,1.31014944817083,1.02923134356922,1.26670321244104,1.54883422340783,0.948652518576689,1.098314134805,0.97013446527765,1.10510075655247,1.07312879642999,1.15428435079727,0.75678459710657,1.02056265113282,1.14061795940899,1.02403738220412
"1929",0.924273778578311,0.969031871673979,0.931460517033762,0.93916546991025,0.881914746287348,0.934358740600823,1.00446632172476,0.854200337251419,1.11847134944276,1.10066196521102,0.870637999883211,1.10000679329546,1.01128066218778,0.983177501054328,0.880227444147726,0.9856580038803,0.932574458881362,1.02414232151468,0.89676946853065
"1928",0.935368008791958,0.841467015900528,0.805978951235249,0.910546343472471,0.898114362431705,0.892597996782439,1.05348828001578,0.774973074237766,0.761376081450196,1.17893262520631,0.929298018666464,0.954884730277725,1.09177187804905,0.997010709135533,0.683777904539441,0.83144212924859,0.845753359103022,0.878462060402024,0.922415160766291
"1927",0.738838596368451,0.831310872414618,0.701989413354278,0.766493235227325,0.779825917700931,0.828650900709803,0.94241974031336,0.835692913128018,0.603551324099618,1.11382533656307,0.791274371275641,0.409588522474344,0.909965773372896,0.813213982170836,0.775730301201905,0.977421905029737,0.778513689463854,0.823822871839203,0.862664364609868
"1926",0.96981191295844,1.10825479704245,1.01837499009628,0.954364516337109,1.0317167688188,1.34362208085681,0.961584443217803,1.09865635712049,0.83795209130298,1.09890006654678,1.08429301035943,0.657874991069431,1.09248215355198,0.883158240400777,1.03921577184892,1.12155188571745,1.05911521815634,1.0247912552894,1.05395529576984
"1925",0.899864198152027,0.937012078385906,1.16946036804785,1.11211434255863,1.26224245955023,1.19356285126231,1.00343446384657,1.00698094446239,0.896428766348894,1.20589503920441,1.06724462052977,0.736419130571098,1.12035514888414,0.986141479702866,0.924808856627348,1.23304073745597,0.989894263557277,0.970473989251904,0.857778048809562
"1924",0.863451622495924,0.836796169658857,1.0058995713525,1.04151638905458,1.28495711981285,1.1212837800072,0.94984229137109,1.0413164968644,1.28751006311321,1.05736460378813,1.1141883437147,1.06072170928972,0.79912532762156,1.02899220072578,0.916390228869802,1.23225069291014,0.951439801648153,0.917620818323686,1.17260436574138
"1923",0.780903424844062,0.85981837837964,0.787336326409522,0.912849181225927,0.820892450647237,1.03033251399753,0.958622500649028,0.993710341131918,0.828020652171574,0.827584595755559,0.98575672335843,0.811907121035387,0.902371533718186,0.883217815143349,0.895147611920075,1.10142724088621,1.10921360560991,0.821284844013226,0.78521466700681
"1922",0.866138348585724,0.830087321191726,0.931128682633574,0.880092041208706,0.752196825957538,0.876279508436964,0.817867814512157,0.819273360395419,0.866170560999495,0.915251216229363,0.950096488543428,0.812382466475855,0.979522899660265,0.97637292425412,0.76205615899248,1.2482644734877,0.838144080207752,0.804578228149924,1.18370545339431
"1921",0.8855934349246,0.753703451342905,0.832800031327709,0.942083246128456,0.857235954315342,0.908583689203766,0.556307543174984,0.796793481242167,0.676695866877058,0.684618630382515,0.792535598350243,0.888001476244818,0.583473980106131,1.04247234703952,0.548566090011643,0.91053148588057,0.980131195921814,0.718970278410205,1.06840147744771
"1920",1.05391259023902,0.854158624486427,1.05505715122387,1.05781996193755,0.992228528566398,0.919262227755553,0.957835969006424,0.852294344428409,1.16262051439777,1.11444569117834,1.07767391675581,0.947096082130733,0.947137544257129,1.03765429235908,0.951602749793454,1.0096197315849,1.14362990931685,1.11342953609828,1.04830902644195
"1919",0.806265472676878,0.816426399049995,1.0439976413505,0.975510122143782,1.05358793687047,1.17245992440465,0.947609092436805,0.966321054560442,1.31269357607795,1.17293434959344,0.901381655549904,0.959500946919824,1.09155249429433,0.937075590303539,1.0277521602088,0.935496164721957,1.17514624220827,1.16142718453624,0.997023943753119
"1918",0.996768514242008,0.795592446921752,1.03640650379205,0.851440208930142,0.918679770261241,1.05901912824397,1.00242400092953,0.973902518902776,2.09885303816295,1.0651874013607,1.26497383729134,0.917724543546189,1.35852118287091,1.1345895480769,1.25420160995127,1.3402439481407,0.826770580517948,1.18796015519782,1.09982574449323
"1917",1.10843521926959,0.725733114194853,0.934281395332582,0.76680189436162,0.721783288468919,0.724132807300169,0.862569042625315,0.912280071893413,1.67919879593419,0.772966532466314,0.742240784417672,0.887125783090487,1.15166169890924,0.898934330179551,1.08785475880202,1.13926482060752,0.494373853400265,0.947898334386225,0.885701526140591
"1916",1.28202390272857,0.737708280968982,0.739585125884828,0.884608163027383,0.903173446687543,0.880643350976364,0.673835396989126,0.725660040876116,0.661404098940907,0.722235389735071,0.553515038199394,0.801276494341275,0.605252997051899,0.534399698019842,0.698296928990454,0.567786327586853,0.95896887650401,0.832018841247314,0.801743641742994
"1915",1.30361199901334,0.859017344878007,1.06257645743901,0.947179976586203,0.944421653438393,1.01325347314187,1.00290632825038,0.930264422920434,1.01849150475711,0.854249620687477,1.0453884665586,1.0375133529387,1.19799222387372,0.817535091177195,1.15712846246126,0.780072726018319,1.23056626608546,1.08396598881101,0.98276516743138
"1914",1.12079428433877,1.11459277185839,1.36279338658036,1.09053981540567,1.25389973111968,1.18472133574864,1.12217629859489,1.45265904736128,1.86868952235753,1.26288916239463,1.25727684110717,1.17696897334445,1.85377547816069,1.139135141836,1.19886260561234,0.996757752874685,0.890353430154316,1.12484418660044,1.21323480191524
"1913",0.773236418236805,0.925598851652898,0.891711627742307,0.965944857283557,0.849360647560338,0.728557013445526,1.17242633482051,0.975308199559065,1.36002101575994,1.08662640393836,0.826802151352395,1.04725766982146,1.10881913157451,1.20089238806239,0.960851681782882,0.985768570341509,1.32264976063405,0.898664598952267,1.28116326385068
"1912",0.854511498196006,0.916508996511868,0.853226457199285,1.14696059548244,0.917560285817055,0.977287495168503,1.36638667713413,1.11814704371943,0.632705310189267,1.28013251706291,0.840214428786464,0.995336329801567,1.09213564633992,0.971731999433824,0.987309641173434,0.946922166206465,0.939371916574871,0.985550570043531,1.34491215369443
"1911",0.85754988042038,0.970494934175799,1.10225004940934,1.02907722873202,0.826511513682186,0.954661922345817,1.19245084792192,0.908220883589756,0.635529147863229,1.15436134181661,1.05134703285163,1.12357357269678,1.36382108961834,1.02213028345989,1.19526830065871,1.30196507663324,0.950711087594052,1.16622719084527,1.44394625923204
"1910",1.05122326631072,0.975587300671856,1.12547329185227,0.988086195589785,1.17708407015436,0.925340898255831,1.21958709631514,0.864064338851611,0.509501088529082,0.839206483267279,1.13198385622151,1.23815368867005,1.54754210940262,0.946958444908154,1.17418420804132,0.855506042383392,0.878741763734483,1.02371999478898,1.25653159285637
"1909",0.893007267219139,0.910693028474203,0.943038512149075,0.8453658620814,0.804538517983096,0.755471093662721,1.17498134239339,0.961712561525638,0.374630172505845,0.742532129844563,1.00453197732487,0.923192139938977,0.844567892654121,0.669868260314237,0.93929227021299,0.662474091048075,1.04919750649161,0.930537236601484,0.700138266915535
"1908",0.739629349843281,1.09986436636188,1.1562264818113,0.95131150125692,1.01222459532328,0.918505258621978,1.00530137208717,1.05305597881148,0.427314023737324,0.75485450174012,1.19443809701234,1.31308518618374,1.0666932735234,0.913584729378933,1.30406721766779,0.759307361784184,NA,1.21990374484088,1.04112746707327
"1907",0.95813928373463,1.08289802670111,1.17198168227304,1.08079575906762,1.11946138200568,1.03283831114029,1.03047721713377,1.09392310642232,0.700394858689655,0.931139038323613,1.26979936642805,1.39850926769528,0.973329903877428,0.908646687581931,1.12294192609733,0.675629017380161,NA,1.20572148101992,0.991996379981365
"1906",0.88304644505012,1.02359215346311,0.952550527205465,0.935597516500735,1.08769972305594,0.89477206068142,0.877028244615547,0.896325487903504,0.698376695657281,0.754268274747529,0.942072575054717,0.75904879364536,0.851329054368576,0.512484013502885,0.813473038799427,1.02843137337291,NA,0.957963335642664,1.12082194255226
"1905",1.40279501181933,1.19537325892171,1.0644954486834,1.25564266075611,1.40021891528937,1.28646226916951,1.07138656904636,1.26238316394595,1.02238550652252,1.30903735737625,1.18798342728225,0.977387984439374,0.963514107114173,1.07977443765182,1.26278828721828,1.00340313856768,NA,1.43218864295345,1.32630410099212
"1904",1.59765313138213,1.39367482492049,1.23630255797161,1.26022159147362,1.31556708962684,1.13417396114017,1.21837081289615,1.18824877822507,0.646062794940614,1.45231282700652,1.03274470059307,1.07728581734453,1.19105610876741,1.41740841511241,1.54253406041814,0.913495284898225,NA,1.47204997947659,1.61804521293037
"1903",1.02845454866284,1.26413027288005,1.19844277857352,1.20332107361152,1.13811529986282,1.24786394135827,1.1172767489307,1.02851126261134,0.538002442586397,0.903023221952504,0.947987208804091,0.855279920400551,0.736502478362443,1.06923575955853,0.765916155930481,0.759807777312535,NA,1.22957284444113,0.582421515978274
"1902",0.956351885083565,1.03746216936547,1.11708018455681,1.06995173450198,0.990090250193409,0.859643064123868,1.00430556797939,0.780090950364531,0.74488309858257,0.923773021018424,1.26347167433,0.899075400352392,0.833578119164651,1.18093418872191,0.961807027551356,1.09691592944795,NA,1.2112325165529,0.885268370375158
"1901",0.915503743236953,1.27760949696893,1.23879614361728,1.19107401582569,0.972036673953992,0.929604221229895,1.19535872269882,0.697941744850756,0.834743349777255,1.52668963339674,1.24430899811193,1.18078758548237,0.931302282715491,1.41204956465204,1.04391554828872,1.03044150563348,NA,1.21129235496248,0.946695475765111
"1900",0.978361393772576,1.27322279663264,1.10863723262588,1.14000527713644,0.963558909859196,0.878790450096349,1.02612839576983,0.766904407437438,0.934224788957162,1.33838439978619,0.938181866960012,1.02899507964828,0.887871695710491,0.9910521416512,0.876561015000659,1.02409357649235,NA,1.14227102988744,1.04524279858611
"1899",0.51602953783609,0.559307882915926,0.249001721610278,0.713904711305267,0.470508588649056,0.596989842898611,0.482985448284481,0.485665278462912,0.389207844386909,0.617132086391644,0.491669784850996,0.698944544480175,0.263516369152983,0.682694362231121,0.416959563594267,0.631873824884302,NA,0.499595009958306,0.453252940315237
"1898",0.995286076403125,1.17601048411513,1.3230259780279,1.16684931027503,1.12834798128621,1.3002949106181,1.11505614280443,0.990056560598343,0.606983902158239,1.07307266083779,1.08604144792667,1.23360368766557,1.13506460045873,1.15365057463879,1.22287397644709,1.33518893231407,NA,0.909175560735522,1.39373875443254
"1897",0.940893006814851,1.07059838600455,1.1710067203478,0.854407585689688,1.21873412160596,1.12198429047459,1.06202194858215,1.06996356298933,0.624055086505577,0.902266971080383,1.17392957243926,1.1258267033859,1.06946846510118,1.2310594057488,1.21976126164258,1.05622984352988,NA,0.818780099695571,1.04657425651748
"1896",0.796168871205095,0.810653622720467,0.661167716325395,0.974424297639221,0.844905314202421,1.01360334351341,0.917853318677973,1.03502907771217,0.313554078102721,0.51016607577278,0.829456535694288,0.931443003271456,0.779319495674406,1.35012073901282,1.03272620215397,1.05787757000283,NA,0.51665057432441,0.858849410217312
"1895",0.982141655739258,1.08176525146457,1.11733549484639,0.997456833209154,1.1293271449026,1.15811195518543,1.23620823300433,0.851645848686347,0.463480345173697,0.914185393386092,1.17295081494965,1.08477119710185,1.13168743532072,1.35478377281857,1.45235825300849,1.15387153223621,NA,0.543304835266061,1.04482134506904
"1894",1.02498327409811,1.06614114907028,0.693637686163951,0.584121626339914,0.675615472942306,0.642249337831971,0.772837411519334,0.705484748986129,0.706348302139038,0.389572764618182,0.445359845080472,0.841186785966193,0.796441304539101,0.846322625474095,1.0376861159647,0.556601448179856,NA,0.370067802402015,0.717108988351078
"1893",1.06694730664432,0.952721830514249,0.710039515094432,0.802258013894468,0.73694547992696,0.578570798989577,0.797424428225686,0.938607378323246,0.67589257705519,0.387855283056667,0.615008551507749,0.844367037992509,0.478972153623404,0.808442771162621,0.939254432050657,0.755458140061359,NA,0.551427344240899,0.691013215578662
"1892",0.957879845906123,1.00620873222471,0.491901580936426,0.983876061947642,0.828190087478356,0.540837268444749,0.480395269836754,1.08572563333763,0.586729827859084,0.967414151243421,0.75224370654281,0.834787486123728,0.263957779014534,0.542496592257934,0.729581023631192,0.778026796371526,NA,0.284870535593847,0.646561958257697
"1891",0.84995604038221,0.953942969715956,0.55424981686557,1.10667119527614,0.490225848293273,0.539262083431336,0.840300045642989,1.44804061255127,0.598864444811347,1.56305593914239,1.05261270654112,0.590340382528632,0.288258961764042,0.568939868984495,0.638275470048074,1.06419850546169,NA,0.172579669062802,0.479149631866537
"1890",0.883432070596937,1.07210108110303,0.866319142908877,0.871110492597674,0.70989241022164,0.885465190472925,1.07958301602192,0.943503264244598,0.891927580758683,1.26451250776107,1.01922013869868,0.906933396083569,0.95112455464858,0.936704653307345,0.781100753312506,0.773110179900081,NA,0.817881305092119,0.731806455869744
"1889",1.45404550971891,1.60167790686128,1.46015852493042,1.3419002711945,1.75100586374624,1.5656176844718,1.09482103507373,1.43324637446305,0.914362145603882,1.0483540856955,1.33037306126181,1.63398487886397,1.58274422686564,0.878381354915778,1.72386019772002,1.26919208670768,NA,1.84248991594572,0.891417357045002
"1888",1.18168122492773,1.2247099601749,1.01239710316975,1.07407873293139,1.06207089226901,1.52558754093868,0.92556581257216,0.952073699831984,1.05740261931307,1.1471951775257,1.14669749669165,1.0822929132245,1.39878003392295,1.27344143412214,1.45254559819729,0.954327186887175,NA,1.4223566816361,1.07752235740292
"1887",1.11122511682487,0.731094076986689,0.831235801976036,0.913488255196207,0.977110407112614,0.578549216916119,1.02297435791074,1.07627256870545,0.77558779760908,0.954567823821533,1.02321645307473,0.875264172864756,0.919648164508225,0.959961769717894,0.87554571514809,0.825969246382372,NA,0.966793370094653,0.579407479531573
"1886",1.07869736489346,0.852950818842368,0.921365607046822,1.12485841932631,1.71170687299481,2.12902796126408,1.32025626122931,1.63009508360968,1.31125578820874,1.43808262427138,1.32822437704421,1.14186468765852,1.5177044729074,1.14634498780442,0.871566165945232,1.6286228083465,NA,1.56424488404882,1.29976535453176
"1885",1.08701457207372,0.966771179668671,1.33451020236973,1.25059732135113,1.27791904574205,1.23338177503285,1.24354883839037,1.05563808823658,1.22225838975334,1.05426423478469,1.42072423566375,1.16761283889735,1.41463607985883,0.910349727389624,0.634987694438866,1.13915370460804,NA,1.75464478436211,1.19390602253806
"1884",0.951231017523812,0.870338584334927,1.13499298547605,1.13369248699833,1.10887041996147,1.34966100380229,1.18217312389098,0.972493225919905,1.17288576401817,0.972323828345602,1.2976067397039,1.12433179931202,1.27516360258649,1.29750383405997,0.623291645469429,1.44311052649304,NA,1.29381900151007,1.39341393802845
"1883",1.32650117933426,0.950070729486739,1.3525791855436,1.14138635437844,1.17313456427252,1.233273375508,1.3026273952747,1.07629217412323,1.32571883658579,0.810122667009829,1.10875209411847,1.30024567941812,1.54654639784531,1.44908706710462,0.835574853604646,1.16915444253412,NA,1.27126045248468,1.56749115158705
"1882",0.93377720653104,0.873712456234857,0.99786226833357,0.813980599773916,0.641266057467228,0.574493949219432,0.871697256010319,0.438523787204132,1.98466883990752,0.466082407785827,0.570475937906784,0.850139726277995,0.964542139397587,1.0319930002497,0.785232460851504,1.36810794826959,NA,0.694709965837856,1.10246214768867
"1881",0.95831255221627,1.16926659831971,1.39519851658641,0.833533035909743,1.01591291878789,0.926232445725572,1.01060116550874,NA,1.78208192769067,0.914130743335246,0.887672487293168,0.792374639368058,0.859974232987448,0.873573761254562,0.992778457872109,0.888116214337622,NA,0.938485927276551,1.05949470105739
"1880",0.642613169248543,0.594867987308209,0.569492120055325,0.611293291022259,0.591906662139478,0.279633616469124,0.558593361159596,NA,1.34988308958695,0.979438100399396,0.629638447886742,0.708981350035656,0.489236209270866,0.653397237842608,0.761049337287588,0.518028308499742,NA,0.55900213547777,0.548271206655699
