age_CE,HICL03B_raw,HICL04A_raw,HICL05A_raw,HICL07A_raw,HICL10B_raw,HICL11B_raw,HICL13A_raw,HICL14B_raw,HICL15B_raw,HICL16B_raw,HICL17B_raw,HICL19A_raw,HICL20A_raw,HICL03B_raw_outlier_flag,HICL04A_raw_outlier_flag,HICL05A_raw_outlier_flag,HICL07A_raw_outlier_flag,HICL10B_raw_outlier_flag,HICL11B_raw_outlier_flag,HICL13A_raw_outlier_flag,HICL14B_raw_outlier_flag,HICL15B_raw_outlier_flag,HICL16B_raw_outlier_flag,HICL17B_raw_outlier_flag,HICL19A_raw_outlier_flag,HICL20A_raw_outlier_flag
1577,NA,NA,0.82,NA,NA,NA,NA,NA,NA,NA,NA,NA,NA,NA,NA,FALSE,NA,NA,NA,NA,NA,NA,NA,NA,NA,NA
1578,NA,NA,0.48,NA,NA,NA,NA,NA,NA,NA,NA,NA,NA,NA,NA,FALSE,NA,NA,NA,NA,NA,NA,NA,NA,NA,NA
1579,NA,NA,1.12,NA,NA,NA,NA,NA,NA,NA,NA,NA,NA,NA,NA,FALSE,NA,NA,NA,NA,NA,NA,NA,NA,NA,NA
1580,NA,NA,0.64,NA,NA,NA,NA,NA,NA,NA,NA,NA,NA,NA,NA,FALSE,NA,NA,NA,NA,NA,NA,NA,NA,NA,NA
1581,NA,NA,0.81,NA,NA,NA,NA,NA,NA,NA,NA,NA,NA,NA,NA,FALSE,NA,NA,NA,NA,NA,NA,NA,NA,NA,NA
1582,0.92,NA,0.59,NA,NA,NA,NA,NA,NA,NA,NA,NA,NA,FALSE,NA,FALSE,NA,NA,NA,NA,NA,NA,NA,NA,NA,NA
1583,0.93,NA,0.63,NA,NA,NA,NA,NA,NA,NA,NA,NA,NA,FALSE,NA,FALSE,NA,NA,NA,NA,NA,NA,NA,NA,NA,NA
1584,0.51,NA,1.25,NA,NA,NA,NA,NA,NA,NA,NA,NA,NA,FALSE,NA,FALSE,NA,NA,NA,NA,NA,NA,NA,NA,NA,NA
1585,0.5,NA,1.22,NA,NA,NA,NA,NA,NA,NA,NA,NA,NA,FALSE,NA,FALSE,NA,NA,NA,NA,NA,NA,NA,NA,NA,NA
1586,0.59,NA,1,NA,NA,NA,NA,NA,NA,NA,NA,NA,NA,FALSE,NA,FALSE,NA,NA,NA,NA,NA,NA,NA,NA,NA,NA
1587,0.4,NA,1.23,NA,NA,NA,NA,NA,NA,NA,NA,NA,NA,FALSE,NA,FALSE,NA,NA,NA,NA,NA,NA,NA,NA,NA,NA
1588,0.53,NA,0.81,NA,NA,NA,NA,NA,NA,NA,NA,NA,NA,FALSE,NA,FALSE,NA,NA,NA,NA,NA,NA,NA,NA,NA,NA
1589,0.73,NA,1.59,NA,NA,NA,NA,NA,NA,NA,NA,NA,NA,FALSE,NA,TRUE,NA,NA,NA,NA,NA,NA,NA,NA,NA,NA
1590,0.58,NA,0.88,NA,NA,NA,NA,NA,NA,NA,NA,NA,NA,FALSE,NA,FALSE,NA,NA,NA,NA,NA,NA,NA,NA,NA,NA
1591,0.84,NA,0.81,NA,NA,NA,NA,NA,NA,NA,NA,NA,NA,FALSE,NA,FALSE,NA,NA,NA,NA,NA,NA,NA,NA,NA,NA
1592,0.65,NA,1.41,NA,NA,NA,NA,NA,NA,NA,NA,NA,NA,FALSE,NA,TRUE,NA,NA,NA,NA,NA,NA,NA,NA,NA,NA
1593,0.49,NA,0.73,NA,NA,NA,NA,NA,NA,NA,NA,NA,NA,FALSE,NA,FALSE,NA,NA,NA,NA,NA,NA,NA,NA,NA,NA
1594,0.64,NA,0.63,NA,NA,NA,NA,NA,NA,NA,NA,NA,NA,FALSE,NA,FALSE,NA,NA,NA,NA,NA,NA,NA,NA,NA,NA
1595,1.3,NA,0.53,NA,NA,NA,NA,NA,NA,NA,NA,NA,NA,FALSE,NA,FALSE,NA,NA,NA,NA,NA,NA,NA,NA,NA,NA
1596,0.9,NA,0.78,NA,NA,NA,NA,NA,NA,NA,NA,NA,NA,FALSE,NA,FALSE,NA,NA,NA,NA,NA,NA,NA,NA,NA,NA
1597,0.86,NA,1.03,NA,NA,NA,NA,NA,NA,NA,NA,NA,NA,FALSE,NA,FALSE,NA,NA,NA,NA,NA,NA,NA,NA,NA,NA
1598,1.1,NA,1.24,NA,NA,NA,NA,NA,NA,NA,NA,NA,NA,FALSE,NA,FALSE,NA,NA,NA,NA,NA,NA,NA,NA,NA,NA
1599,0.62,NA,1.05,NA,NA,NA,NA,NA,NA,NA,NA,NA,NA,FALSE,NA,FALSE,NA,NA,NA,NA,NA,NA,NA,NA,NA,NA
1600,0.99,NA,0.59,NA,NA,NA,NA,NA,NA,NA,NA,NA,NA,FALSE,NA,FALSE,NA,NA,NA,NA,NA,NA,NA,NA,NA,NA
1601,0.53,NA,1.2,NA,NA,NA,NA,NA,NA,NA,NA,NA,NA,FALSE,NA,FALSE,NA,NA,NA,NA,NA,NA,NA,NA,NA,NA
1602,0.93,NA,0.74,NA,NA,NA,NA,NA,NA,NA,NA,NA,NA,FALSE,NA,FALSE,NA,NA,NA,NA,NA,NA,NA,NA,NA,NA
1603,0.91,NA,0.93,NA,NA,NA,NA,NA,NA,NA,NA,NA,NA,FALSE,NA,FALSE,NA,NA,NA,NA,NA,NA,NA,NA,NA,NA
1604,0.39,NA,0.74,NA,NA,NA,NA,NA,NA,NA,NA,NA,NA,FALSE,NA,FALSE,NA,NA,NA,NA,NA,NA,NA,NA,NA,NA
1605,0.27,NA,0.55,NA,NA,NA,NA,NA,NA,NA,NA,NA,NA,FALSE,NA,FALSE,NA,NA,NA,NA,NA,NA,NA,NA,NA,NA
1606,0.21,NA,0.6,NA,NA,NA,NA,NA,NA,NA,NA,NA,NA,FALSE,NA,FALSE,NA,NA,NA,NA,NA,NA,NA,NA,NA,NA
1607,0.18,NA,0.84,NA,NA,NA,NA,NA,NA,NA,NA,NA,NA,FALSE,NA,FALSE,NA,NA,NA,NA,NA,NA,NA,NA,NA,NA
1608,0.26,NA,1,NA,NA,NA,NA,NA,NA,NA,NA,NA,NA,FALSE,NA,FALSE,NA,NA,NA,NA,NA,NA,NA,NA,NA,NA
1609,0.32,NA,0.74,NA,NA,NA,NA,NA,NA,NA,NA,NA,NA,FALSE,NA,FALSE,NA,NA,NA,NA,NA,NA,NA,NA,NA,NA
1610,0.92,NA,0.67,NA,NA,NA,NA,NA,NA,NA,NA,NA,NA,FALSE,NA,FALSE,NA,NA,NA,NA,NA,NA,NA,NA,NA,NA
1611,1.06,NA,0.85,NA,NA,NA,NA,NA,NA,NA,NA,NA,NA,FALSE,NA,FALSE,NA,NA,NA,NA,NA,NA,NA,NA,NA,NA
1612,0.71,NA,0.63,NA,NA,NA,NA,NA,NA,NA,NA,NA,NA,FALSE,NA,FALSE,NA,NA,NA,NA,NA,NA,NA,NA,NA,NA
1613,0.93,NA,0.63,NA,NA,NA,NA,NA,NA,NA,NA,NA,NA,FALSE,NA,FALSE,NA,NA,NA,NA,NA,NA,NA,NA,NA,NA
1614,0.69,NA,0.85,NA,NA,NA,NA,NA,NA,NA,NA,NA,NA,FALSE,NA,FALSE,NA,NA,NA,NA,NA,NA,NA,NA,NA,NA
1615,0.62,NA,0.74,NA,NA,NA,NA,NA,NA,NA,NA,NA,NA,FALSE,NA,FALSE,NA,NA,NA,NA,NA,NA,NA,NA,NA,NA
1616,0.56,NA,0.76,NA,NA,NA,NA,NA,NA,NA,NA,NA,NA,FALSE,NA,FALSE,NA,NA,NA,NA,NA,NA,NA,NA,NA,NA
1617,0.75,NA,0.85,NA,NA,NA,NA,NA,NA,NA,NA,NA,NA,FALSE,NA,FALSE,NA,NA,NA,NA,NA,NA,NA,NA,NA,NA
1618,1.16,NA,0.89,NA,NA,NA,NA,NA,NA,NA,NA,NA,NA,FALSE,NA,FALSE,NA,NA,NA,NA,NA,NA,NA,NA,NA,NA
1619,1.03,NA,0.78,NA,NA,NA,NA,NA,NA,NA,NA,NA,NA,FALSE,NA,FALSE,NA,NA,NA,NA,NA,NA,NA,NA,NA,NA
1620,1.13,NA,0.66,NA,NA,NA,NA,NA,NA,NA,NA,NA,NA,FALSE,NA,FALSE,NA,NA,NA,NA,NA,NA,NA,NA,NA,NA
1621,0.86,NA,0.51,NA,NA,NA,NA,NA,NA,NA,NA,NA,NA,FALSE,NA,FALSE,NA,NA,NA,NA,NA,NA,NA,NA,NA,NA
1622,0.71,NA,0.65,NA,NA,NA,NA,NA,NA,NA,NA,NA,NA,FALSE,NA,FALSE,NA,NA,NA,NA,NA,NA,NA,NA,NA,NA
1623,0.44,NA,0.54,NA,NA,NA,NA,NA,NA,NA,NA,NA,NA,FALSE,NA,FALSE,NA,NA,NA,NA,NA,NA,NA,NA,NA,NA
1624,0.43,NA,0.38,NA,NA,NA,NA,NA,NA,NA,NA,NA,NA,FALSE,NA,FALSE,NA,NA,NA,NA,NA,NA,NA,NA,NA,NA
1625,0.35,NA,0.54,NA,NA,NA,NA,NA,NA,NA,NA,NA,NA,FALSE,NA,FALSE,NA,NA,NA,NA,NA,NA,NA,NA,NA,NA
1626,0.27,NA,0.4,NA,NA,NA,NA,NA,NA,NA,NA,NA,NA,FALSE,NA,FALSE,NA,NA,NA,NA,NA,NA,NA,NA,NA,NA
1627,0.32,NA,0.48,NA,NA,NA,NA,NA,NA,NA,NA,NA,NA,FALSE,NA,FALSE,NA,NA,NA,NA,NA,NA,NA,NA,NA,NA
1628,0.37,NA,0.61,NA,NA,NA,NA,NA,NA,NA,NA,NA,NA,FALSE,NA,FALSE,NA,NA,NA,NA,NA,NA,NA,NA,NA,NA
1629,0.39,NA,0.42,NA,NA,NA,NA,NA,NA,NA,NA,NA,NA,FALSE,NA,FALSE,NA,NA,NA,NA,NA,NA,NA,NA,NA,NA
1630,0.41,NA,0.8,NA,NA,NA,NA,NA,NA,NA,NA,NA,NA,FALSE,NA,FALSE,NA,NA,NA,NA,NA,NA,NA,NA,NA,NA
1631,0.41,NA,0.66,NA,NA,NA,NA,NA,NA,NA,NA,NA,NA,FALSE,NA,FALSE,NA,NA,NA,NA,NA,NA,NA,NA,NA,NA
1632,0.51,NA,0.52,NA,NA,NA,NA,NA,NA,NA,NA,NA,NA,FALSE,NA,FALSE,NA,NA,NA,NA,NA,NA,NA,NA,NA,NA
1633,0.47,NA,0.49,NA,NA,NA,NA,NA,NA,NA,NA,NA,NA,FALSE,NA,FALSE,NA,NA,NA,NA,NA,NA,NA,NA,NA,NA
1634,0.65,NA,0.61,NA,NA,NA,NA,NA,NA,NA,NA,NA,NA,FALSE,NA,FALSE,NA,NA,NA,NA,NA,NA,NA,NA,NA,NA
1635,0.46,NA,0.73,NA,NA,NA,NA,NA,NA,NA,NA,NA,NA,FALSE,NA,FALSE,NA,NA,NA,NA,NA,NA,NA,NA,NA,NA
1636,0.4,NA,0.59,NA,NA,NA,NA,NA,NA,NA,NA,NA,NA,FALSE,NA,FALSE,NA,NA,NA,NA,NA,NA,NA,NA,NA,NA
1637,0.44,NA,0.58,NA,NA,NA,NA,NA,NA,NA,NA,NA,NA,FALSE,NA,FALSE,NA,NA,NA,NA,NA,NA,NA,NA,NA,NA
1638,0.4,NA,0.67,NA,NA,NA,NA,NA,NA,NA,NA,NA,NA,FALSE,NA,FALSE,NA,NA,NA,NA,NA,NA,NA,NA,NA,NA
1639,0.27,NA,0.74,NA,NA,NA,NA,NA,NA,NA,NA,NA,NA,FALSE,NA,FALSE,NA,NA,NA,NA,NA,NA,NA,NA,NA,NA
1640,0.27,NA,1.01,NA,NA,NA,NA,NA,NA,NA,NA,NA,NA,FALSE,NA,FALSE,NA,NA,NA,NA,NA,NA,NA,NA,NA,NA
1641,0.15,NA,0.4,NA,NA,NA,NA,NA,NA,NA,NA,NA,NA,FALSE,NA,FALSE,NA,NA,NA,NA,NA,NA,NA,NA,NA,NA
1642,0.6,NA,1.01,NA,NA,NA,NA,NA,NA,NA,NA,NA,NA,FALSE,NA,FALSE,NA,NA,NA,NA,NA,NA,NA,NA,NA,NA
1643,0.35,NA,0.73,NA,NA,NA,NA,NA,NA,NA,NA,NA,NA,FALSE,NA,FALSE,NA,NA,NA,NA,NA,NA,NA,NA,NA,NA
1644,0.33,NA,0.9,NA,NA,NA,NA,NA,NA,NA,NA,NA,NA,FALSE,NA,FALSE,NA,NA,NA,NA,NA,NA,NA,NA,NA,NA
1645,0.49,NA,0.96,NA,NA,NA,NA,NA,NA,NA,NA,NA,NA,FALSE,NA,FALSE,NA,NA,NA,NA,NA,NA,NA,NA,NA,NA
1646,0.39,NA,0.68,NA,NA,NA,NA,NA,NA,NA,NA,NA,NA,FALSE,NA,FALSE,NA,NA,NA,NA,NA,NA,NA,NA,NA,NA
1647,0.43,NA,0.75,NA,NA,NA,NA,NA,NA,NA,NA,NA,NA,FALSE,NA,FALSE,NA,NA,NA,NA,NA,NA,NA,NA,NA,NA
1648,0.39,NA,0.77,NA,NA,NA,NA,NA,NA,NA,NA,NA,NA,FALSE,NA,FALSE,NA,NA,NA,NA,NA,NA,NA,NA,NA,NA
1649,0.35,NA,0.51,NA,NA,NA,NA,NA,NA,NA,NA,NA,NA,FALSE,NA,FALSE,NA,NA,NA,NA,NA,NA,NA,NA,NA,NA
1650,0.29,NA,0.6,NA,NA,NA,NA,NA,NA,NA,NA,NA,NA,FALSE,NA,FALSE,NA,NA,NA,NA,NA,NA,NA,NA,NA,NA
1651,0.53,NA,1.26,NA,NA,NA,NA,NA,NA,NA,NA,NA,NA,FALSE,NA,FALSE,NA,NA,NA,NA,NA,NA,NA,NA,NA,NA
1652,0.54,NA,0.88,NA,NA,NA,NA,NA,NA,NA,NA,NA,NA,FALSE,NA,FALSE,NA,NA,NA,NA,NA,NA,NA,NA,NA,NA
1653,0.36,NA,0.52,0.27,NA,NA,NA,NA,NA,NA,NA,NA,NA,FALSE,NA,FALSE,FALSE,NA,NA,NA,NA,NA,NA,NA,NA,NA
1654,0.44,NA,0.67,0.43,NA,NA,NA,NA,NA,NA,NA,NA,NA,FALSE,NA,FALSE,FALSE,NA,NA,NA,NA,NA,NA,NA,NA,NA
1655,0.32,NA,0.54,0.34,NA,NA,NA,NA,NA,NA,NA,NA,NA,FALSE,NA,FALSE,FALSE,NA,NA,NA,NA,NA,NA,NA,NA,NA
1656,0.39,NA,0.6,0.31,NA,NA,NA,NA,NA,NA,NA,NA,NA,FALSE,NA,FALSE,FALSE,NA,NA,NA,NA,NA,NA,NA,NA,NA
1657,0.51,NA,0.61,0.46,NA,NA,NA,NA,NA,NA,NA,NA,NA,FALSE,NA,FALSE,FALSE,NA,NA,NA,NA,NA,NA,NA,NA,NA
1658,0.45,NA,0.92,0.42,NA,NA,NA,NA,NA,NA,NA,NA,NA,FALSE,NA,FALSE,FALSE,NA,NA,NA,NA,NA,NA,NA,NA,NA
1659,0.36,NA,1.09,0.38,NA,NA,NA,NA,NA,NA,NA,NA,NA,FALSE,NA,FALSE,FALSE,NA,NA,NA,NA,NA,NA,NA,NA,NA
1660,0.47,NA,1.28,0.42,NA,NA,NA,NA,NA,NA,NA,NA,NA,FALSE,NA,FALSE,FALSE,NA,NA,NA,NA,NA,NA,NA,NA,NA
1661,0.24,NA,1.02,0.48,NA,NA,NA,NA,NA,NA,NA,NA,NA,FALSE,NA,FALSE,FALSE,NA,NA,NA,NA,NA,NA,NA,NA,NA
1662,0.24,NA,0.61,0.29,NA,NA,NA,NA,NA,NA,NA,NA,NA,FALSE,NA,FALSE,FALSE,NA,NA,NA,NA,NA,NA,NA,NA,NA
1663,0.32,NA,0.3,0.23,NA,NA,NA,NA,NA,NA,NA,NA,NA,FALSE,NA,FALSE,FALSE,NA,NA,NA,NA,NA,NA,NA,NA,NA
1664,0.37,NA,0.36,0.28,NA,NA,NA,NA,NA,NA,NA,NA,NA,FALSE,NA,FALSE,FALSE,NA,NA,NA,NA,NA,NA,NA,NA,NA
1665,0.41,NA,0.78,0.4,NA,NA,NA,NA,NA,NA,NA,NA,NA,FALSE,NA,FALSE,FALSE,NA,NA,NA,NA,NA,NA,NA,NA,NA
1666,0.5,NA,0.92,0.38,NA,NA,NA,NA,NA,NA,NA,NA,NA,FALSE,NA,FALSE,FALSE,NA,NA,NA,NA,NA,NA,NA,NA,NA
1667,0.6,NA,0.95,0.49,NA,NA,NA,NA,NA,NA,NA,NA,NA,FALSE,NA,FALSE,FALSE,NA,NA,NA,NA,NA,NA,NA,NA,NA
1668,0.32,NA,0.54,0.35,NA,NA,NA,NA,NA,NA,NA,NA,NA,FALSE,NA,FALSE,FALSE,NA,NA,NA,NA,NA,NA,NA,NA,NA
1669,0.48,NA,0.78,0.45,NA,NA,NA,NA,NA,NA,NA,NA,NA,FALSE,NA,FALSE,FALSE,NA,NA,NA,NA,NA,NA,NA,NA,NA
1670,0.46,NA,0.77,0.58,NA,NA,NA,NA,NA,NA,NA,NA,NA,FALSE,NA,FALSE,FALSE,NA,NA,NA,NA,NA,NA,NA,NA,NA
1671,0.35,NA,0.85,0.68,NA,NA,NA,NA,NA,NA,NA,NA,NA,FALSE,NA,FALSE,FALSE,NA,NA,NA,NA,NA,NA,NA,NA,NA
1672,0.22,NA,0.38,0.28,NA,NA,NA,NA,NA,NA,NA,NA,NA,FALSE,NA,FALSE,FALSE,NA,NA,NA,NA,NA,NA,NA,NA,NA
1673,0.34,NA,0.63,0.26,NA,NA,NA,NA,NA,NA,NA,NA,NA,FALSE,NA,FALSE,FALSE,NA,NA,NA,NA,NA,NA,NA,NA,NA
1674,0.34,NA,0.53,0.25,NA,NA,NA,NA,NA,NA,NA,NA,NA,FALSE,NA,FALSE,FALSE,NA,NA,NA,NA,NA,NA,NA,NA,NA
1675,0.38,NA,0.69,0.32,NA,NA,NA,NA,NA,NA,NA,NA,NA,FALSE,NA,FALSE,FALSE,NA,NA,NA,NA,NA,NA,NA,NA,NA
1676,0.46,NA,0.49,0.36,NA,NA,NA,NA,NA,NA,NA,NA,NA,FALSE,NA,FALSE,FALSE,NA,NA,NA,NA,NA,NA,NA,NA,NA
1677,0.71,NA,0.76,0.81,NA,NA,NA,NA,NA,NA,NA,NA,NA,FALSE,NA,FALSE,FALSE,NA,NA,NA,NA,NA,NA,NA,NA,NA
1678,0.51,NA,0.81,0.62,NA,NA,NA,NA,NA,NA,NA,NA,NA,FALSE,NA,FALSE,FALSE,NA,NA,NA,NA,NA,NA,NA,NA,NA
1679,0.47,NA,0.84,0.63,NA,NA,NA,NA,NA,NA,NA,NA,NA,FALSE,NA,FALSE,FALSE,NA,NA,NA,NA,NA,NA,NA,NA,NA
1680,0.38,NA,0.7,0.41,NA,NA,NA,NA,NA,NA,NA,NA,NA,FALSE,NA,FALSE,FALSE,NA,NA,NA,NA,NA,NA,NA,NA,NA
1681,0.46,NA,0.87,0.38,NA,NA,NA,NA,NA,NA,NA,NA,NA,FALSE,NA,FALSE,FALSE,NA,NA,NA,NA,NA,NA,NA,NA,NA
1682,0.47,NA,0.93,0.29,NA,NA,NA,NA,NA,NA,NA,NA,NA,FALSE,NA,FALSE,FALSE,NA,NA,NA,NA,NA,NA,NA,NA,NA
1683,0.69,NA,0.64,0.49,NA,NA,NA,NA,NA,NA,NA,NA,NA,FALSE,NA,FALSE,FALSE,NA,NA,NA,NA,NA,NA,NA,NA,NA
1684,0.6,NA,0.52,0.34,NA,NA,NA,NA,NA,NA,NA,NA,NA,FALSE,NA,FALSE,FALSE,NA,NA,NA,NA,NA,NA,NA,NA,NA
1685,0.45,NA,0.67,0.26,NA,NA,NA,NA,NA,NA,NA,NA,NA,FALSE,NA,FALSE,FALSE,NA,NA,NA,NA,NA,NA,NA,NA,NA
1686,0.58,NA,0.87,0.32,NA,NA,NA,NA,NA,NA,NA,NA,NA,FALSE,NA,FALSE,FALSE,NA,NA,NA,NA,NA,NA,NA,NA,NA
1687,0.73,NA,1.03,0.24,NA,NA,NA,NA,NA,NA,NA,NA,NA,FALSE,NA,FALSE,FALSE,NA,NA,NA,NA,NA,NA,NA,NA,NA
1688,0.6,NA,0.92,0.24,NA,NA,NA,NA,NA,1.35,NA,NA,NA,FALSE,NA,FALSE,FALSE,NA,NA,NA,NA,NA,FALSE,NA,NA,NA
1689,0.54,NA,0.68,0.29,NA,NA,NA,NA,NA,0.82,NA,NA,NA,FALSE,NA,FALSE,FALSE,NA,NA,NA,NA,NA,FALSE,NA,NA,NA
1690,0.5,NA,0.38,0.46,NA,NA,NA,NA,NA,0.61,NA,NA,NA,FALSE,NA,FALSE,FALSE,NA,NA,NA,NA,NA,FALSE,NA,NA,NA
1691,0.6,NA,0.85,0.48,NA,NA,NA,NA,NA,0.43,NA,NA,NA,FALSE,NA,FALSE,FALSE,NA,NA,NA,NA,NA,FALSE,NA,NA,NA
1692,0.56,NA,0.7,0.43,NA,NA,NA,NA,NA,1.12,NA,NA,NA,FALSE,NA,FALSE,FALSE,NA,NA,NA,NA,NA,FALSE,NA,NA,NA
1693,0.61,NA,0.45,0.55,NA,NA,NA,NA,NA,0.63,NA,NA,NA,FALSE,NA,FALSE,FALSE,NA,NA,NA,NA,NA,FALSE,NA,NA,NA
1694,0.58,NA,0.59,0.44,NA,NA,NA,NA,NA,0.68,NA,NA,NA,FALSE,NA,FALSE,FALSE,NA,NA,NA,NA,NA,FALSE,NA,NA,NA
1695,0.71,NA,0.74,0.52,NA,NA,NA,NA,NA,1.09,NA,NA,NA,FALSE,NA,FALSE,FALSE,NA,NA,NA,NA,NA,FALSE,NA,NA,NA
1696,0.48,NA,0.49,0.16,NA,NA,NA,NA,NA,0.86,NA,NA,NA,FALSE,NA,FALSE,FALSE,NA,NA,NA,NA,NA,FALSE,NA,NA,NA
1697,0.66,NA,0.53,0.24,NA,NA,NA,NA,NA,0.89,NA,NA,NA,FALSE,NA,FALSE,FALSE,NA,NA,NA,NA,NA,FALSE,NA,NA,NA
1698,0.55,NA,0.6,0.36,NA,NA,NA,NA,NA,0.81,NA,NA,NA,FALSE,NA,FALSE,FALSE,NA,NA,NA,NA,NA,FALSE,NA,NA,NA
1699,0.6,NA,0.48,0.43,NA,NA,NA,NA,NA,0.53,NA,NA,NA,FALSE,NA,FALSE,FALSE,NA,NA,NA,NA,NA,FALSE,NA,NA,NA
1700,0.49,NA,0.53,0.46,NA,NA,NA,NA,NA,0.29,NA,NA,NA,FALSE,NA,FALSE,FALSE,NA,NA,NA,NA,NA,FALSE,NA,NA,NA
1701,0.34,NA,0.37,0.4,NA,NA,NA,NA,NA,0.2,NA,NA,NA,FALSE,NA,FALSE,FALSE,NA,NA,NA,NA,NA,FALSE,NA,NA,NA
1702,0.42,NA,0.3,0.35,NA,NA,NA,NA,NA,0.16,NA,NA,NA,FALSE,NA,FALSE,FALSE,NA,NA,NA,NA,NA,FALSE,NA,NA,NA
1703,0.3,NA,0.37,0.42,NA,NA,NA,NA,NA,0.15,NA,NA,NA,FALSE,NA,FALSE,FALSE,NA,NA,NA,NA,NA,FALSE,NA,NA,NA
1704,0.36,NA,0.44,0.24,NA,NA,NA,NA,NA,0.19,NA,NA,NA,FALSE,NA,FALSE,FALSE,NA,NA,NA,NA,NA,FALSE,NA,NA,NA
1705,0.35,NA,0.43,0.19,NA,NA,NA,NA,NA,0.33,NA,NA,NA,FALSE,NA,FALSE,FALSE,NA,NA,NA,NA,NA,FALSE,NA,NA,NA
1706,0.4,NA,0.51,0.1,NA,NA,NA,NA,NA,0.57,NA,NA,NA,FALSE,NA,FALSE,FALSE,NA,NA,NA,NA,NA,FALSE,NA,NA,NA
1707,0.44,NA,0.6,0.09,NA,NA,NA,NA,NA,0.4,NA,NA,NA,FALSE,NA,FALSE,FALSE,NA,NA,NA,NA,NA,FALSE,NA,NA,NA
1708,0.63,NA,0.76,0.15,NA,NA,NA,NA,NA,0.31,NA,NA,NA,FALSE,NA,FALSE,FALSE,NA,NA,NA,NA,NA,FALSE,NA,NA,NA
1709,0.37,NA,0.43,0.14,NA,NA,NA,NA,NA,0.19,NA,NA,NA,FALSE,NA,FALSE,FALSE,NA,NA,NA,NA,NA,FALSE,NA,NA,NA
1710,0.59,NA,0.72,0.23,NA,NA,NA,NA,NA,0.42,NA,NA,NA,FALSE,NA,FALSE,FALSE,NA,NA,NA,NA,NA,FALSE,NA,NA,NA
1711,0.78,NA,0.69,0.29,NA,NA,NA,NA,NA,0.44,NA,NA,NA,FALSE,NA,FALSE,FALSE,NA,NA,NA,NA,NA,FALSE,NA,NA,NA
1712,0.94,NA,0.85,0.34,NA,NA,NA,NA,NA,1.03,NA,NA,NA,FALSE,NA,FALSE,FALSE,NA,NA,NA,NA,NA,FALSE,NA,NA,NA
1713,0.72,NA,0.72,0.67,NA,NA,NA,NA,NA,0.78,NA,NA,NA,FALSE,NA,FALSE,FALSE,NA,NA,NA,NA,NA,FALSE,NA,NA,NA
1714,0.44,NA,0.45,0.71,NA,NA,NA,NA,NA,0.87,NA,NA,NA,FALSE,NA,FALSE,FALSE,NA,NA,NA,NA,NA,FALSE,NA,NA,NA
1715,0.47,NA,0.46,0.21,NA,NA,NA,NA,NA,0.54,NA,NA,NA,FALSE,NA,FALSE,FALSE,NA,NA,NA,NA,NA,FALSE,NA,NA,NA
1716,0.68,NA,0.94,0.36,NA,NA,NA,NA,NA,0.88,NA,NA,NA,FALSE,NA,FALSE,FALSE,NA,NA,NA,NA,NA,FALSE,NA,NA,NA
1717,0.68,NA,0.93,0.56,NA,NA,NA,NA,NA,1.19,NA,NA,NA,FALSE,NA,FALSE,FALSE,NA,NA,NA,NA,NA,FALSE,NA,NA,NA
1718,0.86,NA,0.69,0.44,NA,NA,NA,NA,NA,1.1,NA,NA,NA,FALSE,NA,FALSE,FALSE,NA,NA,NA,NA,NA,FALSE,NA,NA,NA
1719,0.97,NA,0.85,0.56,NA,NA,NA,NA,NA,1.64,NA,NA,NA,FALSE,NA,FALSE,FALSE,NA,NA,NA,NA,NA,FALSE,NA,NA,NA
1720,0.95,NA,0.75,0.63,NA,NA,NA,NA,0.51,1.44,NA,NA,NA,FALSE,NA,FALSE,FALSE,NA,NA,NA,NA,FALSE,FALSE,NA,NA,NA
1721,0.79,NA,0.82,0.51,NA,NA,NA,NA,0.48,0.74,NA,NA,NA,FALSE,NA,FALSE,FALSE,NA,NA,NA,NA,FALSE,FALSE,NA,NA,NA
1722,0.74,NA,0.82,0.44,NA,NA,NA,NA,0.34,0.96,NA,NA,NA,FALSE,NA,FALSE,FALSE,NA,NA,NA,NA,FALSE,FALSE,NA,NA,NA
1723,0.68,NA,0.54,0.3,NA,NA,NA,NA,0.37,0.65,NA,NA,NA,FALSE,NA,FALSE,FALSE,NA,NA,NA,NA,FALSE,FALSE,NA,NA,NA
1724,0.88,NA,0.68,0.42,NA,NA,NA,NA,0.15,0.72,NA,NA,NA,FALSE,NA,FALSE,FALSE,NA,NA,NA,NA,FALSE,FALSE,NA,NA,NA
1725,0.67,NA,0.61,0.14,NA,NA,NA,NA,0.37,0.58,NA,NA,NA,FALSE,NA,FALSE,FALSE,NA,NA,NA,NA,FALSE,FALSE,NA,NA,NA
1726,0.67,NA,0.67,0.4,NA,NA,NA,NA,0.06,0.66,NA,NA,NA,FALSE,NA,FALSE,FALSE,NA,NA,NA,NA,FALSE,FALSE,NA,NA,NA
1727,0.69,NA,0.58,0.35,NA,NA,NA,NA,0.26,0.7,NA,NA,NA,FALSE,NA,FALSE,FALSE,NA,NA,NA,NA,FALSE,FALSE,NA,NA,NA
1728,0.72,NA,0.57,0.59,NA,NA,NA,NA,0.27,0.85,NA,NA,NA,FALSE,NA,FALSE,FALSE,NA,NA,NA,NA,FALSE,FALSE,NA,NA,NA
1729,0.67,NA,0.48,0.55,NA,NA,NA,NA,0.1,0.69,NA,NA,NA,FALSE,NA,FALSE,FALSE,NA,NA,NA,NA,FALSE,FALSE,NA,NA,NA
1730,0.57,NA,0.45,0.22,NA,NA,NA,NA,0.32,0.52,NA,NA,NA,FALSE,NA,FALSE,FALSE,NA,NA,NA,NA,FALSE,FALSE,NA,NA,NA
1731,0.64,NA,0.41,0.4,NA,NA,NA,NA,0.28,0.94,NA,NA,NA,FALSE,NA,FALSE,FALSE,NA,NA,NA,NA,FALSE,FALSE,NA,NA,NA
1732,0.76,NA,0.69,0.38,NA,NA,NA,NA,0.4,1.11,NA,NA,NA,FALSE,NA,FALSE,FALSE,NA,NA,NA,NA,FALSE,FALSE,NA,NA,NA
1733,0.93,NA,0.68,0.42,NA,NA,NA,NA,0.3,1.5,NA,NA,NA,FALSE,NA,FALSE,FALSE,NA,NA,NA,NA,FALSE,FALSE,NA,NA,NA
1734,0.8,NA,0.56,0.35,NA,NA,NA,NA,0.35,0.92,NA,NA,NA,FALSE,NA,FALSE,FALSE,NA,NA,NA,NA,FALSE,FALSE,NA,NA,NA
1735,0.84,NA,0.57,0.33,NA,NA,NA,NA,0.4,0.74,NA,NA,NA,FALSE,NA,FALSE,FALSE,NA,NA,NA,NA,FALSE,FALSE,NA,NA,NA
1736,0.68,NA,0.59,0.45,NA,NA,NA,NA,0.3,1.13,NA,NA,NA,FALSE,NA,FALSE,FALSE,NA,NA,NA,NA,FALSE,FALSE,NA,NA,NA
1737,0.71,NA,0.49,0.48,NA,NA,NA,NA,0.31,1.1,0.64,NA,NA,FALSE,NA,FALSE,FALSE,NA,NA,NA,NA,FALSE,FALSE,FALSE,NA,NA
1738,0.58,NA,0.49,0.37,NA,NA,NA,NA,0.5,0.88,0.53,NA,NA,FALSE,NA,FALSE,FALSE,NA,NA,NA,NA,FALSE,FALSE,FALSE,NA,NA
1739,1.48,NA,0.71,0.63,NA,NA,NA,NA,0.39,1.21,0.36,NA,NA,TRUE,NA,FALSE,FALSE,NA,NA,NA,NA,FALSE,FALSE,FALSE,NA,NA
1740,1.3,NA,0.58,0.61,NA,NA,NA,NA,0.46,0.61,0.29,NA,NA,FALSE,NA,FALSE,FALSE,NA,NA,NA,NA,FALSE,FALSE,FALSE,NA,NA
1741,0.9,0.51,0.64,0.79,NA,NA,NA,NA,0.06,0.71,0.79,NA,NA,FALSE,FALSE,FALSE,FALSE,NA,NA,NA,NA,FALSE,FALSE,FALSE,NA,NA
1742,1.08,0.7,0.41,0.31,NA,NA,NA,NA,0.31,0.6,0.94,NA,NA,FALSE,FALSE,FALSE,FALSE,NA,NA,NA,NA,FALSE,FALSE,FALSE,NA,NA
1743,1.69,0.37,0.79,0.63,NA,NA,NA,NA,0.33,0.86,0.28,NA,NA,TRUE,FALSE,FALSE,FALSE,NA,NA,NA,NA,FALSE,FALSE,FALSE,NA,NA
1744,1.04,0.73,0.56,0.69,NA,NA,NA,NA,0.1,0.75,0.45,NA,NA,FALSE,FALSE,FALSE,FALSE,NA,NA,NA,NA,FALSE,FALSE,FALSE,NA,NA
1745,0.65,0.74,0.56,0.43,NA,NA,NA,NA,0.22,0.92,0.26,NA,NA,FALSE,FALSE,FALSE,FALSE,NA,NA,NA,NA,FALSE,FALSE,FALSE,NA,NA
1746,0.61,1.89,0.61,0.57,NA,NA,NA,NA,0.38,0.75,0.3,NA,NA,FALSE,FALSE,FALSE,FALSE,NA,NA,NA,NA,FALSE,FALSE,FALSE,NA,NA
1747,0.41,0.74,0.6,1.01,NA,NA,NA,NA,1.41,0.79,0.34,NA,NA,FALSE,FALSE,FALSE,FALSE,NA,NA,NA,NA,FALSE,FALSE,FALSE,NA,NA
1748,0.47,2.09,0.8,1.02,NA,NA,NA,NA,2.34,0.7,0.27,NA,NA,FALSE,FALSE,FALSE,FALSE,NA,NA,NA,NA,TRUE,FALSE,FALSE,NA,NA
1749,0.44,1.25,0.59,0.71,NA,NA,NA,NA,4.25,0.64,0.07,NA,NA,FALSE,FALSE,FALSE,FALSE,NA,NA,NA,NA,TRUE,FALSE,FALSE,NA,NA
1750,0.7,2.43,0.68,0.72,NA,NA,NA,NA,4.66,0.71,0.27,NA,NA,FALSE,FALSE,FALSE,FALSE,NA,NA,NA,NA,TRUE,FALSE,FALSE,NA,NA
1751,0.54,1.15,0.71,0.52,NA,NA,NA,NA,1.68,1.44,0.38,NA,NA,FALSE,FALSE,FALSE,FALSE,NA,NA,NA,NA,FALSE,FALSE,FALSE,NA,NA
1752,0.45,0.48,0.37,0.15,NA,NA,NA,NA,3.01,1.18,0.5,NA,NA,FALSE,FALSE,FALSE,FALSE,NA,NA,NA,NA,TRUE,FALSE,FALSE,NA,NA
1753,0.32,1.17,0.35,0.43,NA,NA,NA,NA,1.08,0.93,0.33,NA,NA,FALSE,FALSE,FALSE,FALSE,NA,NA,NA,NA,FALSE,FALSE,FALSE,NA,NA
1754,0.46,0.14,0.27,0.49,NA,NA,NA,NA,1.58,0.94,0.91,NA,NA,FALSE,FALSE,FALSE,FALSE,NA,NA,NA,NA,FALSE,FALSE,FALSE,NA,NA
1755,0.92,0.93,0.54,0.97,NA,NA,NA,NA,1.69,0.37,0.46,NA,NA,FALSE,FALSE,FALSE,FALSE,NA,NA,NA,NA,FALSE,FALSE,FALSE,NA,NA
1756,0.84,1.04,0.55,1.34,NA,NA,NA,NA,0.64,1.35,0.12,NA,NA,FALSE,FALSE,FALSE,FALSE,NA,NA,NA,NA,FALSE,FALSE,FALSE,NA,NA
1757,0.53,0.65,0.5,0.93,NA,NA,NA,NA,0.98,1.67,0.16,NA,NA,FALSE,FALSE,FALSE,FALSE,NA,NA,NA,NA,FALSE,FALSE,FALSE,NA,NA
1758,0.51,0.93,0.91,0.65,NA,NA,NA,NA,0.84,1.66,0.36,NA,NA,FALSE,FALSE,FALSE,FALSE,NA,NA,NA,NA,FALSE,FALSE,FALSE,NA,NA
1759,0.46,1.03,0.88,0.67,NA,NA,NA,NA,0.85,1.18,0.18,NA,NA,FALSE,FALSE,FALSE,FALSE,NA,NA,NA,NA,FALSE,FALSE,FALSE,NA,NA
1760,0.46,1.27,0.81,0.52,NA,NA,NA,NA,0.83,1.03,0.17,NA,NA,FALSE,FALSE,FALSE,FALSE,NA,NA,NA,NA,FALSE,FALSE,FALSE,NA,NA
1761,0.41,1.29,0.92,0.49,NA,NA,NA,NA,0.81,0.94,0.29,NA,NA,FALSE,FALSE,FALSE,FALSE,NA,NA,NA,NA,FALSE,FALSE,FALSE,NA,NA
1762,0.39,1.06,0.78,0.72,NA,NA,NA,NA,0.94,0.69,0.11,NA,NA,FALSE,FALSE,FALSE,FALSE,NA,NA,NA,NA,FALSE,FALSE,FALSE,NA,NA
1763,0.29,0.81,0.76,0.6,NA,NA,NA,NA,0.7,1.42,0.24,NA,NA,FALSE,FALSE,FALSE,FALSE,NA,NA,NA,NA,FALSE,FALSE,FALSE,NA,NA
1764,0.27,1.22,0.71,0.8,NA,NA,NA,NA,0.7,0.83,0.14,NA,NA,FALSE,FALSE,FALSE,FALSE,NA,NA,NA,NA,FALSE,FALSE,FALSE,NA,NA
1765,0.26,1.3,0.86,0.76,NA,NA,NA,NA,0.59,0.86,0.5,NA,NA,FALSE,FALSE,FALSE,FALSE,NA,NA,NA,NA,FALSE,FALSE,FALSE,NA,NA
1766,0.3,1.19,0.72,0.57,NA,NA,NA,NA,0.46,1.2,0.29,NA,NA,FALSE,FALSE,FALSE,FALSE,NA,NA,NA,NA,FALSE,FALSE,FALSE,NA,NA
1767,0.53,1.82,1.12,0.7,NA,NA,NA,NA,0.84,1.56,0.42,NA,NA,FALSE,FALSE,FALSE,FALSE,NA,NA,NA,NA,FALSE,FALSE,FALSE,NA,NA
1768,0.47,3.19,0.86,0.41,NA,NA,NA,NA,0.8,1.71,0.13,NA,NA,FALSE,TRUE,FALSE,FALSE,NA,NA,NA,NA,FALSE,FALSE,FALSE,NA,NA
1769,0.38,2.94,0.8,0.68,NA,NA,NA,NA,0.51,1.47,0.16,NA,NA,FALSE,TRUE,FALSE,FALSE,NA,NA,NA,NA,FALSE,FALSE,FALSE,NA,NA
1770,0.45,2.94,0.85,1.08,NA,NA,NA,NA,0.57,1,0.23,NA,NA,FALSE,TRUE,FALSE,FALSE,NA,NA,NA,NA,FALSE,FALSE,FALSE,NA,NA
1771,0.36,2.38,0.94,0.9,NA,NA,1.15,NA,0.76,0.96,0.26,NA,NA,FALSE,FALSE,FALSE,FALSE,NA,NA,FALSE,NA,FALSE,FALSE,FALSE,NA,NA
1772,0.47,1.69,1.1,0.91,NA,NA,0.53,NA,0.81,0.68,1.13,NA,NA,FALSE,FALSE,FALSE,FALSE,NA,NA,FALSE,NA,FALSE,FALSE,FALSE,NA,NA
1773,0.73,1.08,0.98,0.85,NA,NA,0.69,NA,0.92,1.45,0.98,NA,NA,FALSE,FALSE,FALSE,FALSE,NA,NA,FALSE,NA,FALSE,FALSE,FALSE,NA,NA
1774,0.43,0.65,0.65,0.92,NA,NA,1.02,NA,0.81,0.81,0.37,NA,NA,FALSE,FALSE,FALSE,FALSE,NA,NA,FALSE,NA,FALSE,FALSE,FALSE,NA,NA
1775,0.46,0.59,0.7,0.71,NA,NA,0.89,NA,0.47,0.86,0.33,0.83,NA,FALSE,FALSE,FALSE,FALSE,NA,NA,FALSE,NA,FALSE,FALSE,FALSE,FALSE,NA
1776,0.67,0.75,0.86,0.93,NA,NA,0.98,NA,0.5,1.18,0.89,1.09,NA,FALSE,FALSE,FALSE,FALSE,NA,NA,FALSE,NA,FALSE,FALSE,FALSE,FALSE,NA
1777,0.56,1.25,0.82,0.91,NA,NA,0.85,1.5,0.52,1.59,0.7,1.37,NA,FALSE,FALSE,FALSE,FALSE,NA,NA,FALSE,FALSE,FALSE,FALSE,FALSE,FALSE,NA
1778,0.7,0.97,1.18,0.81,NA,NA,0.74,1.44,0.67,1.67,1.41,1.21,NA,FALSE,FALSE,FALSE,FALSE,NA,NA,FALSE,FALSE,FALSE,FALSE,FALSE,FALSE,NA
1779,0.57,1.14,0.97,0.73,NA,NA,0.71,2.06,0.74,1.42,0.93,1,NA,FALSE,FALSE,FALSE,FALSE,NA,NA,FALSE,FALSE,FALSE,FALSE,FALSE,FALSE,NA
1780,0.69,1.56,1.06,0.87,NA,NA,1.09,1.28,0.7,1.23,0.62,2.64,NA,FALSE,FALSE,FALSE,FALSE,NA,NA,FALSE,FALSE,FALSE,FALSE,FALSE,TRUE,NA
1781,0.56,0.9,0.84,0.61,NA,NA,0.94,1.66,0.49,1.13,0.26,0.81,1.33,FALSE,FALSE,FALSE,FALSE,NA,NA,FALSE,FALSE,FALSE,FALSE,FALSE,FALSE,TRUE
1782,0.42,0.92,0.82,0.74,NA,NA,0.9,1.56,0.41,0.9,0.67,0.97,0.89,FALSE,FALSE,FALSE,FALSE,NA,NA,FALSE,FALSE,FALSE,FALSE,FALSE,FALSE,FALSE
1783,0.38,1.34,0.76,0.81,NA,NA,1.15,1.72,0.34,0.75,0.26,0.92,0.77,FALSE,FALSE,FALSE,FALSE,NA,NA,FALSE,FALSE,FALSE,FALSE,FALSE,FALSE,FALSE
1784,0.42,1.43,0.75,0.76,NA,NA,1.06,1.26,0.52,0.93,0.69,1.04,0.8,FALSE,FALSE,FALSE,FALSE,NA,NA,FALSE,FALSE,FALSE,FALSE,FALSE,FALSE,FALSE
1785,0.4,1.3,0.57,0.64,NA,NA,0.88,1.45,0.3,0.58,0.89,0.72,0.81,FALSE,FALSE,FALSE,FALSE,NA,NA,FALSE,FALSE,FALSE,FALSE,FALSE,FALSE,FALSE
1786,0.45,1.43,0.79,0.96,NA,NA,1.54,1.25,0.38,0.89,1.44,0.8,1.13,FALSE,FALSE,FALSE,FALSE,NA,NA,FALSE,FALSE,FALSE,FALSE,FALSE,FALSE,FALSE
1787,0.38,1,0.99,0.89,NA,NA,1.08,1.55,0.4,0.8,0.28,0.9,0.92,FALSE,FALSE,FALSE,FALSE,NA,NA,FALSE,FALSE,FALSE,FALSE,FALSE,FALSE,FALSE
1788,0.49,1.27,1.09,0.9,NA,NA,1.57,1.36,0.57,1.06,0.2,1.22,1.06,FALSE,FALSE,FALSE,FALSE,NA,NA,FALSE,FALSE,FALSE,FALSE,FALSE,FALSE,FALSE
1789,0.6,1.65,1.04,1.01,NA,NA,1.3,1.84,0.45,0.91,0.29,0.88,0.79,FALSE,FALSE,FALSE,FALSE,NA,NA,FALSE,FALSE,FALSE,FALSE,FALSE,FALSE,FALSE
1790,0.61,1.41,0.99,1.15,NA,NA,2.03,1.43,0.5,1.16,0.64,1.37,1.34,FALSE,FALSE,FALSE,FALSE,NA,NA,FALSE,FALSE,FALSE,FALSE,FALSE,FALSE,TRUE
1791,0.56,1.63,0.98,1.69,NA,NA,2.69,1.69,0.91,0.96,0.56,1.73,1.67,FALSE,FALSE,FALSE,TRUE,NA,NA,FALSE,FALSE,FALSE,FALSE,FALSE,FALSE,TRUE
1792,0.6,1.78,1.07,1.14,NA,NA,2.24,1.52,0.72,0.97,0.3,0.94,1.29,FALSE,FALSE,FALSE,FALSE,NA,NA,FALSE,FALSE,FALSE,FALSE,FALSE,FALSE,FALSE
1793,0.58,2.16,1,0.95,NA,NA,2.07,1.67,0.81,1.03,0.99,0.73,0.99,FALSE,FALSE,FALSE,FALSE,NA,NA,FALSE,FALSE,FALSE,FALSE,FALSE,FALSE,FALSE
1794,0.51,2.35,1.03,1.11,NA,NA,1.83,1.89,1.05,1.22,0.9,0.93,1.13,FALSE,FALSE,FALSE,FALSE,NA,NA,FALSE,FALSE,FALSE,FALSE,FALSE,FALSE,FALSE
1795,0.47,1.75,0.87,0.85,NA,NA,1.32,1.95,0.76,1.23,0.95,0.88,0.88,FALSE,FALSE,FALSE,FALSE,NA,NA,FALSE,FALSE,FALSE,FALSE,FALSE,FALSE,FALSE
1796,0.57,1.69,0.93,0.86,NA,NA,1.27,1.9,0.89,1.2,0.92,0.85,0.9,FALSE,FALSE,FALSE,FALSE,NA,NA,FALSE,FALSE,FALSE,FALSE,FALSE,FALSE,FALSE
1797,0.52,1.42,0.83,1.36,0.38,NA,1.34,2.65,0.96,1,0.67,0.89,0.82,FALSE,FALSE,FALSE,FALSE,FALSE,NA,FALSE,FALSE,FALSE,FALSE,FALSE,FALSE,FALSE
1798,0.61,1.32,0.95,1.29,0.32,NA,1.87,1.2,0.87,1.15,0.57,1.41,0.92,FALSE,FALSE,FALSE,FALSE,FALSE,NA,FALSE,FALSE,FALSE,FALSE,FALSE,FALSE,FALSE
1799,0.89,0.92,0.99,0.96,0.48,NA,1.52,1.52,0.71,0.73,0.66,1.29,0.91,FALSE,FALSE,FALSE,FALSE,FALSE,NA,FALSE,FALSE,FALSE,FALSE,FALSE,FALSE,FALSE
1800,1.09,1.39,1.12,1.06,0.31,NA,1.31,1.63,0.69,0.89,1.39,1.19,0.69,FALSE,FALSE,FALSE,FALSE,FALSE,NA,FALSE,FALSE,FALSE,FALSE,FALSE,FALSE,FALSE
1801,0.35,0.48,0.56,0.45,0.47,NA,0.2,2.01,0.29,0.45,1.54,0.3,0.1,FALSE,FALSE,FALSE,FALSE,FALSE,NA,FALSE,FALSE,FALSE,FALSE,FALSE,FALSE,FALSE
1802,0.47,0.84,0.7,0.6,0.18,NA,0.99,1.28,0.24,0.63,1.47,0.46,0.27,FALSE,FALSE,FALSE,FALSE,FALSE,NA,FALSE,FALSE,FALSE,FALSE,FALSE,FALSE,FALSE
1803,0.61,1.21,0.5,0.8,0.37,NA,1.47,1.53,0.25,0.77,0.83,1.05,0.3,FALSE,FALSE,FALSE,FALSE,FALSE,NA,FALSE,FALSE,FALSE,FALSE,FALSE,FALSE,FALSE
1804,0.64,1.17,0.35,0.84,0.58,NA,1.62,0.71,0.66,1.08,0.71,0.8,0.38,FALSE,FALSE,FALSE,FALSE,FALSE,NA,FALSE,FALSE,FALSE,FALSE,FALSE,FALSE,FALSE
1805,0.8,1.44,0.52,0.76,0.33,NA,1.81,1.06,0.8,1.3,0.95,0.74,0.56,FALSE,FALSE,FALSE,FALSE,FALSE,NA,FALSE,FALSE,FALSE,FALSE,FALSE,FALSE,FALSE
1806,0.61,1.02,0.59,0.86,0.25,NA,1.48,1.58,0.83,1.18,0.87,0.79,0.68,FALSE,FALSE,FALSE,FALSE,FALSE,NA,FALSE,FALSE,FALSE,FALSE,FALSE,FALSE,FALSE
1807,0.46,0.98,0.62,1.04,0.26,NA,1.39,1.45,0.66,0.97,0.62,0.7,0.65,FALSE,FALSE,FALSE,FALSE,FALSE,NA,FALSE,FALSE,FALSE,FALSE,FALSE,FALSE,FALSE
1808,0.46,0.93,0.5,1.06,0.25,NA,1.7,1.87,0.55,0.74,0.49,0.36,0.48,FALSE,FALSE,FALSE,FALSE,FALSE,NA,FALSE,FALSE,FALSE,FALSE,FALSE,FALSE,FALSE
1809,0.6,1.33,0.57,1.28,0.21,NA,2.7,1.7,0.54,0.65,0.35,0.34,0.8,FALSE,FALSE,FALSE,FALSE,FALSE,NA,FALSE,FALSE,FALSE,FALSE,FALSE,FALSE,FALSE
1810,0.59,0.64,0.39,0.86,0.09,NA,1.62,1.75,0.25,0.22,0.23,0.56,0.72,FALSE,FALSE,FALSE,FALSE,FALSE,NA,FALSE,FALSE,FALSE,FALSE,FALSE,FALSE,FALSE
1811,0.92,1.19,0.59,1.27,0.12,NA,3.48,1.65,0.59,0.5,0.16,1.21,1.06,FALSE,FALSE,FALSE,FALSE,FALSE,NA,FALSE,FALSE,FALSE,FALSE,FALSE,FALSE,FALSE
1812,1.31,1.43,0.73,1.58,0.13,NA,5.12,1.74,0.44,0.48,0.4,2.18,1.31,FALSE,FALSE,FALSE,TRUE,FALSE,NA,TRUE,FALSE,FALSE,FALSE,FALSE,TRUE,FALSE
1813,1.03,0.86,0.54,0.94,0.13,NA,2.87,1.17,0.46,0.4,0.94,1.33,0.66,FALSE,FALSE,FALSE,FALSE,FALSE,NA,FALSE,FALSE,FALSE,FALSE,FALSE,FALSE,FALSE
1814,1.13,1.26,0.78,1.21,0.25,NA,3.2,1.25,0.89,0.61,0.69,1.61,1.03,FALSE,FALSE,FALSE,FALSE,FALSE,NA,FALSE,FALSE,FALSE,FALSE,FALSE,FALSE,FALSE
1815,0.91,0.97,0.62,1.54,0.32,NA,2.4,1.97,0.93,0.69,0.84,1.56,1.01,FALSE,FALSE,FALSE,FALSE,FALSE,NA,FALSE,FALSE,FALSE,FALSE,FALSE,FALSE,FALSE
1816,0.89,1.07,0.59,1.12,0.41,NA,2.09,1.21,1.08,0.65,0.67,1.56,0.86,FALSE,FALSE,FALSE,FALSE,FALSE,NA,FALSE,FALSE,FALSE,FALSE,FALSE,FALSE,FALSE
1817,0.72,0.92,0.64,0.82,0.86,NA,1.91,2.17,0.71,0.63,0.45,1.38,0.73,FALSE,FALSE,FALSE,FALSE,FALSE,NA,FALSE,FALSE,FALSE,FALSE,FALSE,FALSE,FALSE
1818,0.89,1.05,0.7,0.84,1.02,NA,1.8,2.56,0.75,1.04,0.48,0.81,0.76,FALSE,FALSE,FALSE,FALSE,FALSE,NA,FALSE,FALSE,FALSE,FALSE,FALSE,FALSE,FALSE
1819,0.63,0.44,0.45,0.84,0.23,NA,1.06,2.27,1,0.72,0.76,0.99,0.76,FALSE,FALSE,FALSE,FALSE,FALSE,NA,FALSE,FALSE,FALSE,FALSE,FALSE,FALSE,FALSE
1820,0.54,0.81,0.6,1.11,0.32,NA,2.69,2.14,0.81,0.55,0.44,0.97,0.79,FALSE,FALSE,FALSE,FALSE,FALSE,NA,FALSE,FALSE,FALSE,FALSE,FALSE,FALSE,FALSE
1821,0.47,4.01,0.59,1.28,0.69,NA,3.52,2.4,1.07,0.65,0.52,1.64,0.98,FALSE,TRUE,FALSE,FALSE,FALSE,NA,FALSE,FALSE,FALSE,FALSE,FALSE,FALSE,FALSE
1822,0.6,3.17,0.58,0.96,0.98,NA,2.8,1.91,0.97,0.56,0.73,1.46,0.9,FALSE,TRUE,FALSE,FALSE,FALSE,NA,FALSE,FALSE,FALSE,FALSE,FALSE,FALSE,FALSE
1823,0.72,1.76,0.66,0.84,0.48,NA,1.84,1.48,0.54,0.67,0.61,0.85,0.77,FALSE,FALSE,FALSE,FALSE,FALSE,NA,FALSE,FALSE,FALSE,FALSE,FALSE,FALSE,FALSE
1824,0.59,1.37,0.45,0.74,0.72,NA,1.61,2.11,0.51,0.4,0.69,1.33,0.69,FALSE,FALSE,FALSE,FALSE,FALSE,NA,FALSE,FALSE,FALSE,FALSE,FALSE,FALSE,FALSE
1825,0.51,0.8,0.64,0.87,0.66,NA,1.86,1.86,0.88,0.77,0.84,0.97,0.78,FALSE,FALSE,FALSE,FALSE,FALSE,NA,FALSE,FALSE,FALSE,FALSE,FALSE,FALSE,FALSE
1826,0.78,0.8,0.85,0.95,1.18,NA,1.61,1.65,0.93,0.87,0.63,1.48,0.74,FALSE,FALSE,FALSE,FALSE,FALSE,NA,FALSE,FALSE,FALSE,FALSE,FALSE,FALSE,FALSE
1827,0.47,0.7,0.7,0.9,0.93,NA,1.3,1.45,0.71,0.74,0.72,1.15,0.66,FALSE,FALSE,FALSE,FALSE,FALSE,NA,FALSE,FALSE,FALSE,FALSE,FALSE,FALSE,FALSE
1828,0.53,0.94,0.64,0.92,0.96,NA,1.44,2.12,0.87,0.74,0.92,1.13,0.65,FALSE,FALSE,FALSE,FALSE,FALSE,NA,FALSE,FALSE,FALSE,FALSE,FALSE,FALSE,FALSE
1829,0.53,0.98,0.72,0.93,1.01,NA,1.58,2.03,0.95,1.18,1.34,1.3,0.83,FALSE,FALSE,FALSE,FALSE,FALSE,NA,FALSE,FALSE,FALSE,FALSE,FALSE,FALSE,FALSE
1830,0.54,0.84,0.68,0.73,0.55,NA,1.08,1.83,0.86,1.1,1.22,0.98,0.77,FALSE,FALSE,FALSE,FALSE,FALSE,NA,FALSE,FALSE,FALSE,FALSE,FALSE,FALSE,FALSE
1831,0.48,0.5,0.45,0.73,0.82,NA,1.04,1.82,0.64,0.93,0.9,0.78,0.64,FALSE,FALSE,FALSE,FALSE,FALSE,NA,FALSE,FALSE,FALSE,FALSE,FALSE,FALSE,FALSE
1832,0.79,0.77,0.44,0.6,1.3,NA,1.31,2.25,0.94,1.28,1.13,0.87,0.76,FALSE,FALSE,FALSE,FALSE,FALSE,NA,FALSE,FALSE,FALSE,FALSE,FALSE,FALSE,FALSE
1833,0.54,0.82,0.55,0.64,2.02,NA,1.37,1.63,0.8,1.2,0.87,0.94,0.75,FALSE,FALSE,FALSE,FALSE,FALSE,NA,FALSE,FALSE,FALSE,FALSE,FALSE,FALSE,FALSE
1834,0.82,1.5,0.91,0.9,1.86,NA,1.75,2.01,1.37,1.77,1.05,1.34,0.87,FALSE,FALSE,FALSE,FALSE,FALSE,NA,FALSE,FALSE,FALSE,TRUE,FALSE,FALSE,FALSE
1835,0.8,0.62,0.81,0.79,0.93,NA,1.4,1.15,0.72,0.84,0.8,0.75,0.36,FALSE,FALSE,FALSE,FALSE,FALSE,NA,FALSE,FALSE,FALSE,FALSE,FALSE,FALSE,FALSE
1836,0.79,0.39,0.7,0.75,0.72,NA,1.36,1.26,0.48,0.66,0.67,0.79,0.27,FALSE,FALSE,FALSE,FALSE,FALSE,NA,FALSE,FALSE,FALSE,FALSE,FALSE,FALSE,FALSE
1837,0.95,0.78,0.91,1.11,0.62,NA,1.87,1.82,0.58,1.03,0.89,1,0.5,FALSE,FALSE,FALSE,FALSE,FALSE,NA,FALSE,FALSE,FALSE,FALSE,FALSE,FALSE,FALSE
1838,0.78,0.88,0.73,0.91,1.03,NA,1.88,1.6,0.87,1.05,0.96,1.04,0.69,FALSE,FALSE,FALSE,FALSE,FALSE,NA,FALSE,FALSE,FALSE,FALSE,FALSE,FALSE,FALSE
1839,0.65,0.89,0.91,0.81,1.85,NA,1.68,1.09,1.12,1.26,1.18,0.8,0.59,FALSE,FALSE,FALSE,FALSE,FALSE,NA,FALSE,FALSE,FALSE,FALSE,FALSE,FALSE,FALSE
1840,0.37,0.43,0.51,0.36,0.64,NA,1,0.78,0.44,0.92,0.38,0.31,0.25,FALSE,FALSE,FALSE,FALSE,FALSE,NA,FALSE,FALSE,FALSE,FALSE,FALSE,FALSE,FALSE
1841,0.34,0.56,0.75,0.58,0.76,NA,1.42,0.88,0.45,1.06,0.43,0.68,0.39,FALSE,FALSE,FALSE,FALSE,FALSE,NA,FALSE,FALSE,FALSE,FALSE,FALSE,FALSE,FALSE
1842,0.33,0.43,0.51,0.79,0.91,NA,1.32,0.87,0.44,0.63,0.75,0.49,0.43,FALSE,FALSE,FALSE,FALSE,FALSE,NA,FALSE,FALSE,FALSE,FALSE,FALSE,FALSE,FALSE
1843,0.72,1,0.77,0.86,1.36,NA,1.94,1.56,0.67,0.99,1.04,0.87,0.67,FALSE,FALSE,FALSE,FALSE,FALSE,NA,FALSE,FALSE,FALSE,FALSE,FALSE,FALSE,FALSE
1844,0.53,0.75,0.92,0.8,1.4,NA,1.53,1.27,0.62,1.09,0.93,0.83,0.54,FALSE,FALSE,FALSE,FALSE,FALSE,NA,FALSE,FALSE,FALSE,FALSE,FALSE,FALSE,FALSE
1845,0.67,0.85,1.09,0.75,0.77,NA,1.45,1.62,0.55,1.28,0.99,0.8,0.61,FALSE,FALSE,FALSE,FALSE,FALSE,NA,FALSE,FALSE,FALSE,FALSE,FALSE,FALSE,FALSE
1846,0.71,1.12,0.97,0.96,1.83,NA,1.81,1.57,0.75,1.2,1.19,1.28,0.62,FALSE,FALSE,FALSE,FALSE,FALSE,NA,FALSE,FALSE,FALSE,FALSE,FALSE,FALSE,FALSE
1847,0.51,0.84,0.58,0.48,0.63,NA,0.66,1.25,0.49,0.8,0.97,0.68,0.55,FALSE,FALSE,FALSE,FALSE,FALSE,NA,FALSE,FALSE,FALSE,FALSE,FALSE,FALSE,FALSE
1848,0.51,1.3,0.91,0.74,0.63,NA,1.52,1.27,0.69,1.86,1.02,1.61,0.77,FALSE,FALSE,FALSE,FALSE,FALSE,NA,FALSE,FALSE,FALSE,TRUE,FALSE,FALSE,FALSE
1849,0.32,0.92,0.7,0.55,0.69,NA,1.03,0.74,0.69,1.32,1.21,1.08,0.6,FALSE,FALSE,FALSE,FALSE,FALSE,NA,FALSE,FALSE,FALSE,FALSE,FALSE,FALSE,FALSE
1850,0.45,0.87,0.79,0.59,0.5,NA,1.12,0.76,0.53,1.01,1.35,0.99,0.64,FALSE,FALSE,FALSE,FALSE,FALSE,NA,FALSE,FALSE,FALSE,FALSE,FALSE,FALSE,FALSE
1851,0.56,1.23,0.97,0.75,0.66,NA,1.63,0.8,0.86,1.04,0.9,1.04,0.75,FALSE,FALSE,FALSE,FALSE,FALSE,NA,FALSE,FALSE,FALSE,FALSE,FALSE,FALSE,FALSE
1852,0.45,1.31,0.94,0.66,1.28,NA,1.35,1.16,0.69,0.84,1.08,0.97,0.62,FALSE,FALSE,FALSE,FALSE,FALSE,NA,FALSE,FALSE,FALSE,FALSE,FALSE,FALSE,FALSE
1853,0.36,0.84,0.79,0.46,0.49,NA,1.22,1.28,0.45,0.81,1.25,0.72,0.61,FALSE,FALSE,FALSE,FALSE,FALSE,NA,FALSE,FALSE,FALSE,FALSE,FALSE,FALSE,FALSE
1854,0.52,1.24,0.98,0.86,1.26,NA,1.86,1.28,0.92,1.01,1.7,1.73,0.82,FALSE,FALSE,FALSE,FALSE,FALSE,NA,FALSE,FALSE,FALSE,FALSE,FALSE,FALSE,FALSE
1855,0.48,1.4,0.98,0.66,0.89,NA,1.89,1.07,1.07,0.89,1.75,1.24,0.95,FALSE,FALSE,FALSE,FALSE,FALSE,NA,FALSE,FALSE,FALSE,FALSE,FALSE,FALSE,FALSE
1856,0.49,1.18,0.64,0.53,0.58,0.44,1.45,0.84,0.8,0.98,1.32,0.67,0.78,FALSE,FALSE,FALSE,FALSE,FALSE,FALSE,FALSE,FALSE,FALSE,FALSE,FALSE,FALSE,FALSE
1857,0.52,0.91,0.7,0.52,0.51,0.34,1.65,0.92,1.06,1.11,1.47,0.82,0.86,FALSE,FALSE,FALSE,FALSE,FALSE,FALSE,FALSE,FALSE,FALSE,FALSE,FALSE,FALSE,FALSE
1858,0.44,0.87,0.9,0.59,0.64,0.46,1.73,1.11,1,1.13,1.42,0.89,0.73,FALSE,FALSE,FALSE,FALSE,FALSE,FALSE,FALSE,FALSE,FALSE,FALSE,FALSE,FALSE,FALSE
1859,0.37,0.95,0.79,0.82,0.66,0.64,1.28,0.97,0.68,0.68,0.89,0.67,0.56,FALSE,FALSE,FALSE,FALSE,FALSE,FALSE,FALSE,FALSE,FALSE,FALSE,FALSE,FALSE,FALSE
1860,0.62,0.93,0.79,0.78,1.23,0.77,1.42,0.89,0.84,0.63,1.24,0.95,0.75,FALSE,FALSE,FALSE,FALSE,FALSE,FALSE,FALSE,FALSE,FALSE,FALSE,FALSE,FALSE,FALSE
1861,0.44,0.77,0.63,0.41,0.93,0.43,1.14,0.82,0.57,0.65,0.7,0.81,0.67,FALSE,FALSE,FALSE,FALSE,FALSE,FALSE,FALSE,FALSE,FALSE,FALSE,FALSE,FALSE,FALSE
1862,0.54,0.56,0.44,0.5,0.56,0.38,1.2,1.04,0.48,0.6,0.79,0.82,0.57,FALSE,FALSE,FALSE,FALSE,FALSE,FALSE,FALSE,FALSE,FALSE,FALSE,FALSE,FALSE,FALSE
1863,0.77,0.87,0.92,1.12,0.9,0.57,2.22,1.9,0.87,0.7,1.22,1.35,0.72,FALSE,FALSE,FALSE,FALSE,FALSE,FALSE,FALSE,FALSE,FALSE,FALSE,FALSE,FALSE,FALSE
1864,0.7,0.99,0.93,0.5,1.32,0.94,1.94,1.38,1.12,0.65,0.86,1.01,0.5,FALSE,FALSE,FALSE,FALSE,FALSE,FALSE,FALSE,FALSE,FALSE,FALSE,FALSE,FALSE,FALSE
1865,0.48,0.74,0.62,0.66,0.79,0.58,1.56,0.97,0.64,0.53,0.69,0.76,0.47,FALSE,FALSE,FALSE,FALSE,FALSE,FALSE,FALSE,FALSE,FALSE,FALSE,FALSE,FALSE,FALSE
1866,0.31,0.78,0.47,0.58,0.63,0.59,1.32,0.98,0.5,0.34,0.75,0.56,0.38,FALSE,FALSE,FALSE,FALSE,FALSE,FALSE,FALSE,FALSE,FALSE,FALSE,FALSE,FALSE,FALSE
1867,0.45,0.7,0.65,1.71,0.68,0.39,1.35,1.01,0.88,0.28,1,0.83,0.59,FALSE,FALSE,FALSE,TRUE,FALSE,FALSE,FALSE,FALSE,FALSE,FALSE,FALSE,FALSE,FALSE
1868,0.53,0.93,0.66,2.01,0.85,0.56,1.48,1.26,0.99,0.32,1.08,0.83,0.67,FALSE,FALSE,FALSE,TRUE,FALSE,FALSE,FALSE,FALSE,FALSE,FALSE,FALSE,FALSE,FALSE
1869,0.57,0.76,0.74,1.33,0.88,1.09,1.23,1.1,0.84,0.44,1.05,0.77,0.57,FALSE,FALSE,FALSE,FALSE,FALSE,FALSE,FALSE,FALSE,FALSE,FALSE,FALSE,FALSE,FALSE
1870,0.65,1.01,0.87,1.19,1.31,1.04,1.39,0.73,0.74,0.59,1.18,0.77,0.54,FALSE,FALSE,FALSE,FALSE,FALSE,FALSE,FALSE,FALSE,FALSE,FALSE,FALSE,FALSE,FALSE
1871,0.39,0.58,0.65,0.61,1.2,0.72,0.73,0.68,0.78,0.52,0.99,0.43,0.45,FALSE,FALSE,FALSE,FALSE,FALSE,FALSE,FALSE,FALSE,FALSE,FALSE,FALSE,FALSE,FALSE
1872,0.4,0.7,0.79,0.89,1.06,0.57,1.29,0.81,1.13,0.86,1.08,0.76,0.48,FALSE,FALSE,FALSE,FALSE,FALSE,FALSE,FALSE,FALSE,FALSE,FALSE,FALSE,FALSE,FALSE
1873,0.46,0.64,0.92,0.95,1.14,0.63,1.69,0.93,0.83,0.83,1.02,0.86,0.63,FALSE,FALSE,FALSE,FALSE,FALSE,FALSE,FALSE,FALSE,FALSE,FALSE,FALSE,FALSE,FALSE
1874,0.57,1,0.82,1.12,1.5,0.87,1.64,1.01,0.93,0.89,1.29,0.71,0.59,FALSE,FALSE,FALSE,FALSE,FALSE,FALSE,FALSE,FALSE,FALSE,FALSE,FALSE,FALSE,FALSE
1875,0.71,0.68,0.77,1.72,1.72,0.68,1.65,1.23,0.95,0.96,1.42,0.67,0.62,FALSE,FALSE,FALSE,TRUE,FALSE,FALSE,FALSE,FALSE,FALSE,FALSE,FALSE,FALSE,FALSE
1876,0.43,0.4,0.4,0.58,1.01,0.29,0.83,0.8,0.62,0.62,1.02,0.33,0.36,FALSE,FALSE,FALSE,FALSE,FALSE,FALSE,FALSE,FALSE,FALSE,FALSE,FALSE,FALSE,FALSE
1877,0.65,0.56,0.65,1.04,1.88,1.13,1.71,1.06,1.14,0.82,1.73,0.79,0.5,FALSE,FALSE,FALSE,FALSE,FALSE,FALSE,FALSE,FALSE,FALSE,FALSE,FALSE,FALSE,FALSE
1878,0.61,0.66,0.59,0.85,1.83,0.67,1.77,1.38,0.85,0.7,1.19,0.53,0.43,FALSE,FALSE,FALSE,FALSE,FALSE,FALSE,FALSE,FALSE,FALSE,FALSE,FALSE,FALSE,FALSE
1879,0.71,0.81,0.97,0.82,1.5,0.47,1.4,1.52,0.89,0.83,1.26,0.44,0.41,FALSE,FALSE,FALSE,FALSE,FALSE,FALSE,FALSE,FALSE,FALSE,FALSE,FALSE,FALSE,FALSE
1880,0.64,0.39,0.45,1,0.82,0.13,0.66,0.97,0.86,0.77,0.77,0.15,0.24,FALSE,FALSE,FALSE,FALSE,FALSE,FALSE,FALSE,FALSE,FALSE,FALSE,FALSE,FALSE,FALSE
1881,0.76,0.75,0.78,1.47,1.71,0.56,2.2,1.22,1.54,1.06,2.03,0.48,0.59,FALSE,FALSE,FALSE,FALSE,FALSE,FALSE,FALSE,FALSE,FALSE,FALSE,FALSE,FALSE,FALSE
1882,0.65,0.45,0.59,0.93,1.2,0.43,1.56,1.01,0.87,0.78,1.16,0.49,0.47,FALSE,FALSE,FALSE,FALSE,FALSE,FALSE,FALSE,FALSE,FALSE,FALSE,FALSE,FALSE,FALSE
1883,0.62,0.7,0.75,1.07,1.22,0.52,1.36,0.94,0.69,0.91,1.15,0.48,0.41,FALSE,FALSE,FALSE,FALSE,FALSE,FALSE,FALSE,FALSE,FALSE,FALSE,FALSE,FALSE,FALSE
1884,0.32,0.65,0.51,0.93,1.41,1.04,0.99,0.59,0.51,0.77,1.4,0.3,0.32,FALSE,FALSE,FALSE,FALSE,FALSE,FALSE,FALSE,FALSE,FALSE,FALSE,FALSE,FALSE,FALSE
1885,0.44,0.92,0.77,1.23,1.55,1.33,1.83,1.13,0.85,0.81,2.67,0.69,0.5,FALSE,FALSE,FALSE,FALSE,FALSE,FALSE,FALSE,FALSE,FALSE,FALSE,TRUE,FALSE,FALSE
1886,0.7,0.67,0.65,0.89,0.98,1.05,1.52,0.95,0.58,0.89,1.47,0.3,0.37,FALSE,FALSE,FALSE,FALSE,FALSE,FALSE,FALSE,FALSE,FALSE,FALSE,FALSE,FALSE,FALSE
1887,0.54,0.54,0.47,0.73,1.03,0.64,1.45,0.92,0.43,0.69,1.16,0.26,0.29,FALSE,FALSE,FALSE,FALSE,FALSE,FALSE,FALSE,FALSE,FALSE,FALSE,FALSE,FALSE,FALSE
1888,0.67,0.95,0.56,1.05,1.62,1.03,2.13,1.11,0.73,1.18,1.54,0.42,0.44,FALSE,FALSE,FALSE,FALSE,FALSE,FALSE,FALSE,FALSE,FALSE,FALSE,FALSE,FALSE,FALSE
1889,0.45,0.86,0.54,0.97,1.49,2,1.97,0.73,0.74,0.74,1.39,0.52,0.24,FALSE,FALSE,FALSE,FALSE,FALSE,FALSE,FALSE,FALSE,FALSE,FALSE,FALSE,FALSE,FALSE
1890,0.75,0.61,0.56,1.02,1.69,0.56,1.21,0.83,0.66,0.7,1.13,0.45,0.29,FALSE,FALSE,FALSE,FALSE,FALSE,FALSE,FALSE,FALSE,FALSE,FALSE,FALSE,FALSE,FALSE
1891,0.48,0.71,0.77,0.98,1.62,1.03,1.32,0.89,0.73,0.97,1.38,0.4,0.42,FALSE,FALSE,FALSE,FALSE,FALSE,FALSE,FALSE,FALSE,FALSE,FALSE,FALSE,FALSE,FALSE
1892,0.58,0.65,0.83,1.04,1.58,1.01,1.54,0.69,0.66,0.69,1.03,0.48,0.27,FALSE,FALSE,FALSE,FALSE,FALSE,FALSE,FALSE,FALSE,FALSE,FALSE,FALSE,FALSE,FALSE
1893,0.73,0.69,0.77,0.86,1.29,0.69,1.31,0.59,0.49,0.63,0.92,0.4,0.35,FALSE,FALSE,FALSE,FALSE,FALSE,FALSE,FALSE,FALSE,FALSE,FALSE,FALSE,FALSE,FALSE
1894,0.7,0.51,0.69,0.94,1.61,0.4,1.54,1.02,0.49,0.57,1.01,0.64,0.51,FALSE,FALSE,FALSE,FALSE,FALSE,FALSE,FALSE,FALSE,FALSE,FALSE,FALSE,FALSE,FALSE
1895,0.86,0.78,1.13,1.18,1.81,0.95,1.91,1.04,0.69,0.92,1.67,0.93,0.57,FALSE,FALSE,FALSE,FALSE,FALSE,FALSE,FALSE,FALSE,FALSE,FALSE,FALSE,FALSE,FALSE
1896,0.45,0.43,0.71,0.74,0.7,0.87,1.16,0.67,0.35,0.64,0.58,0.48,0.38,FALSE,FALSE,FALSE,FALSE,FALSE,FALSE,FALSE,FALSE,FALSE,FALSE,FALSE,FALSE,FALSE
1897,0.5,0.61,0.93,0.99,1.23,0.83,1.85,0.92,0.35,0.57,0.96,0.54,0.49,FALSE,FALSE,FALSE,FALSE,FALSE,FALSE,FALSE,FALSE,FALSE,FALSE,FALSE,FALSE,FALSE
1898,0.5,0.86,0.92,0.79,1.45,1.15,1.65,0.78,0.51,0.5,1.05,0.61,0.44,FALSE,FALSE,FALSE,FALSE,FALSE,FALSE,FALSE,FALSE,FALSE,FALSE,FALSE,FALSE,FALSE
1899,0.41,0.51,0.53,0.56,0.93,0.45,0.83,0.53,0.22,0.35,0.63,0.29,0.28,FALSE,FALSE,FALSE,FALSE,FALSE,FALSE,FALSE,FALSE,FALSE,FALSE,FALSE,FALSE,FALSE
1900,0.67,0.72,0.94,0.72,1.48,0.99,1.56,0.8,0.57,0.56,1.27,0.57,0.45,FALSE,FALSE,FALSE,FALSE,FALSE,FALSE,FALSE,FALSE,FALSE,FALSE,FALSE,FALSE,FALSE
1901,0.42,0.68,0.81,0.73,1.16,0.9,1.53,0.73,0.45,0.82,1.36,0.65,0.35,FALSE,FALSE,FALSE,FALSE,FALSE,FALSE,FALSE,FALSE,FALSE,FALSE,FALSE,FALSE,FALSE
1902,0.62,0.91,0.81,1.02,1.22,1.53,1.27,0.76,0.59,0.85,1.33,0.56,0.28,FALSE,FALSE,FALSE,FALSE,FALSE,FALSE,FALSE,FALSE,FALSE,FALSE,FALSE,FALSE,FALSE
1903,0.57,0.73,0.7,0.73,1.43,1.16,1.18,0.81,0.45,0.67,1.32,0.49,0.36,FALSE,FALSE,FALSE,FALSE,FALSE,FALSE,FALSE,FALSE,FALSE,FALSE,FALSE,FALSE,FALSE
1904,0.73,0.83,0.91,0.98,2.28,0.81,1.41,0.88,0.98,0.95,1.2,0.65,0.5,FALSE,FALSE,FALSE,FALSE,TRUE,FALSE,FALSE,FALSE,FALSE,FALSE,FALSE,FALSE,FALSE
1905,0.5,0.53,0.93,0.86,1.45,1.02,1.44,0.63,0.79,0.72,1.15,0.61,0.41,FALSE,FALSE,FALSE,FALSE,FALSE,FALSE,FALSE,FALSE,FALSE,FALSE,FALSE,FALSE,FALSE
1906,0.61,0.31,0.73,0.55,1,0.9,1.14,0.52,0.44,0.4,0.89,0.53,0.32,FALSE,FALSE,FALSE,FALSE,FALSE,FALSE,FALSE,FALSE,FALSE,FALSE,FALSE,FALSE,FALSE
1907,0.98,0.55,0.77,0.64,1.93,1.2,1.54,0.97,0.53,0.96,1.19,0.81,0.38,FALSE,FALSE,FALSE,FALSE,FALSE,FALSE,FALSE,FALSE,FALSE,FALSE,FALSE,FALSE,FALSE
1908,0.81,0.47,0.84,0.76,1.3,1.01,1.78,0.92,0.51,0.96,1.26,0.83,0.39,FALSE,FALSE,FALSE,FALSE,FALSE,FALSE,FALSE,FALSE,FALSE,FALSE,FALSE,FALSE,FALSE
1909,0.6,0.58,0.49,1.05,1.11,1.12,1.39,0.75,0.53,0.66,1.13,0.61,0.38,FALSE,FALSE,FALSE,FALSE,FALSE,FALSE,FALSE,FALSE,FALSE,FALSE,FALSE,FALSE,FALSE
1910,1.01,0.7,0.63,0.87,1.42,1.36,1.92,0.88,0.62,0.82,1.51,1.01,0.57,FALSE,FALSE,FALSE,FALSE,FALSE,FALSE,FALSE,FALSE,FALSE,FALSE,FALSE,FALSE,FALSE
1911,0.97,0.4,0.55,0.65,1.05,0.93,1.19,0.7,0.67,0.78,0.95,0.62,0.52,FALSE,FALSE,FALSE,FALSE,FALSE,FALSE,FALSE,FALSE,FALSE,FALSE,FALSE,FALSE,FALSE
1912,1.06,0.5,0.48,0.72,1.15,1.06,1.03,0.79,0.65,0.95,1.15,0.56,0.52,FALSE,FALSE,FALSE,FALSE,FALSE,FALSE,FALSE,FALSE,FALSE,FALSE,FALSE,FALSE,FALSE
1913,1,0.52,0.59,0.76,1.18,1.25,2.02,0.98,0.7,1.19,1.24,0.81,0.52,FALSE,FALSE,FALSE,FALSE,FALSE,FALSE,FALSE,FALSE,FALSE,FALSE,FALSE,FALSE,FALSE
1914,1.01,0.74,0.9,0.94,1.38,1.65,2.38,1.25,0.68,1.23,1.84,0.97,0.5,FALSE,FALSE,FALSE,FALSE,FALSE,FALSE,FALSE,FALSE,FALSE,FALSE,FALSE,FALSE,FALSE
1915,0.67,0.95,0.7,0.72,1.44,1.5,1.46,0.58,0.58,0.73,1.91,0.6,0.43,FALSE,FALSE,FALSE,FALSE,FALSE,FALSE,FALSE,FALSE,FALSE,FALSE,FALSE,FALSE,FALSE
1916,0.45,0.46,0.37,0.35,0.98,0.59,0.77,0.49,0.47,0.45,0.75,0.26,0.29,FALSE,FALSE,FALSE,FALSE,FALSE,FALSE,FALSE,FALSE,FALSE,FALSE,FALSE,FALSE,FALSE
1917,0.4,0.62,0.48,0.57,0.86,0.95,1.22,0.53,0.49,0.54,0.74,0.5,0.43,FALSE,FALSE,FALSE,FALSE,FALSE,FALSE,FALSE,FALSE,FALSE,FALSE,FALSE,FALSE,FALSE
1918,0.43,0.65,0.4,0.69,0.66,1.12,1.07,0.3,0.55,0.67,1,0.43,0.39,FALSE,FALSE,FALSE,FALSE,FALSE,FALSE,FALSE,FALSE,FALSE,FALSE,FALSE,FALSE,FALSE
1919,0.81,0.57,0.54,0.68,0.98,1.43,1.19,0.63,0.49,0.85,1.21,0.46,0.44,FALSE,FALSE,FALSE,FALSE,FALSE,FALSE,FALSE,FALSE,FALSE,FALSE,FALSE,FALSE,FALSE
1920,0.57,0.72,0.63,0.51,0.75,1.74,1.47,0.67,0.57,0.71,1.12,0.7,0.42,FALSE,FALSE,FALSE,FALSE,FALSE,FALSE,FALSE,FALSE,FALSE,FALSE,FALSE,FALSE,FALSE
1921,0.56,0.58,0.54,0.4,0.66,1.45,1.22,0.63,0.53,0.74,0.91,0.52,0.43,FALSE,FALSE,FALSE,FALSE,FALSE,FALSE,FALSE,FALSE,FALSE,FALSE,FALSE,FALSE,FALSE
1922,0.52,0.45,0.56,0.54,0.78,1.38,1.09,0.48,0.45,0.73,1.05,0.44,0.4,FALSE,FALSE,FALSE,FALSE,FALSE,FALSE,FALSE,FALSE,FALSE,FALSE,FALSE,FALSE,FALSE
1923,0.79,0.58,0.51,0.66,0.84,1.25,1.03,0.36,0.4,0.46,1.09,0.3,0.34,FALSE,FALSE,FALSE,FALSE,FALSE,FALSE,FALSE,FALSE,FALSE,FALSE,FALSE,FALSE,FALSE
1924,1.13,0.83,0.51,0.73,1.06,1.3,1.32,0.81,0.4,0.79,1.81,0.57,0.54,FALSE,FALSE,FALSE,FALSE,FALSE,FALSE,FALSE,FALSE,FALSE,FALSE,FALSE,FALSE,FALSE
1925,0.81,0.52,0.4,0.6,0.76,0.82,0.93,0.53,0.38,0.57,0.77,0.35,0.45,FALSE,FALSE,FALSE,FALSE,FALSE,FALSE,FALSE,FALSE,FALSE,FALSE,FALSE,FALSE,FALSE
1926,0.59,0.94,0.53,0.74,0.97,1.07,1.04,0.51,0.52,0.75,1.72,0.33,0.37,FALSE,FALSE,FALSE,FALSE,FALSE,FALSE,FALSE,FALSE,FALSE,FALSE,FALSE,FALSE,FALSE
1927,0.7,0.58,0.51,0.52,0.85,1.08,0.86,0.44,0.47,0.66,1.32,0.33,0.44,FALSE,FALSE,FALSE,FALSE,FALSE,FALSE,FALSE,FALSE,FALSE,FALSE,FALSE,FALSE,FALSE
1928,0.82,0.96,0.54,0.66,0.79,1.26,0.94,0.51,0.48,0.66,1.46,0.38,0.67,FALSE,FALSE,FALSE,FALSE,FALSE,FALSE,FALSE,FALSE,FALSE,FALSE,FALSE,FALSE,FALSE
1929,0.46,0.73,0.42,0.49,0.62,1.06,0.87,0.4,0.44,0.47,1.1,0.35,0.44,FALSE,FALSE,FALSE,FALSE,FALSE,FALSE,FALSE,FALSE,FALSE,FALSE,FALSE,FALSE,FALSE
1930,0.49,0.83,0.4,0.5,0.66,1.75,10.44,0.54,0.51,0.44,1.46,0.37,0.39,FALSE,FALSE,FALSE,FALSE,FALSE,FALSE,TRUE,FALSE,FALSE,FALSE,FALSE,FALSE,FALSE
1931,0.72,0.98,0.39,0.68,0.69,2.34,1,0.87,0.39,0.45,1.25,0.42,0.53,FALSE,FALSE,FALSE,FALSE,FALSE,FALSE,FALSE,FALSE,FALSE,FALSE,FALSE,FALSE,FALSE
1932,0.65,0.7,0.49,0.58,0.73,1.77,0.85,0.68,0.42,0.45,1.07,0.21,0.52,FALSE,FALSE,FALSE,FALSE,FALSE,FALSE,FALSE,FALSE,FALSE,FALSE,FALSE,FALSE,FALSE
1933,0.54,0.6,0.39,0.62,0.6,2.07,1.19,0.64,0.41,0.44,1.09,0.19,0.47,FALSE,FALSE,FALSE,FALSE,FALSE,FALSE,FALSE,FALSE,FALSE,FALSE,FALSE,FALSE,FALSE
1934,0.98,1.41,0.67,0.92,1.06,2.32,1.1,0.92,0.43,0.6,2.66,0.39,0.81,FALSE,FALSE,FALSE,FALSE,FALSE,FALSE,FALSE,FALSE,FALSE,FALSE,TRUE,FALSE,FALSE
1935,0.79,1.09,0.6,0.61,0.79,2.24,1.74,0.75,0.41,0.44,1.27,0.36,0.49,FALSE,FALSE,FALSE,FALSE,FALSE,FALSE,FALSE,FALSE,FALSE,FALSE,FALSE,FALSE,FALSE
1936,0.66,1.36,0.59,0.88,0.99,3.05,1.26,0.71,0.69,0.69,1.45,0.22,0.5,FALSE,FALSE,FALSE,FALSE,FALSE,FALSE,FALSE,FALSE,FALSE,FALSE,FALSE,FALSE,FALSE
1937,0.52,0.8,0.59,0.51,0.62,1.8,1.59,0.42,0.44,0.4,1.07,0.19,0.37,FALSE,FALSE,FALSE,FALSE,FALSE,FALSE,FALSE,FALSE,FALSE,FALSE,FALSE,FALSE,FALSE
1938,1.05,1.2,0.69,0.57,0.88,2.53,2.29,0.45,0.43,0.82,1.27,0.48,0.34,FALSE,FALSE,FALSE,FALSE,FALSE,FALSE,FALSE,FALSE,FALSE,FALSE,FALSE,FALSE,FALSE
1939,1.4,1.35,0.71,0.73,0.99,2.64,1.99,0.55,0.36,1.02,1.66,0.54,0.56,TRUE,FALSE,FALSE,FALSE,FALSE,FALSE,FALSE,FALSE,FALSE,FALSE,FALSE,FALSE,FALSE
1940,0.62,0.91,0.55,0.58,0.78,2.8,2.01,0.38,0.42,0.75,1.24,0.43,0.45,FALSE,FALSE,FALSE,FALSE,FALSE,FALSE,FALSE,FALSE,FALSE,FALSE,FALSE,FALSE,FALSE
1941,1.04,1.05,0.6,0.68,0.76,3.07,1.25,0.45,0.4,0.68,1.51,0.46,0.54,FALSE,FALSE,FALSE,FALSE,FALSE,FALSE,FALSE,FALSE,FALSE,FALSE,FALSE,FALSE,FALSE
1942,1.43,1.34,0.74,1.01,0.82,3.49,1.52,0.46,0.54,0.56,1.46,0.69,0.53,TRUE,FALSE,FALSE,FALSE,FALSE,FALSE,FALSE,FALSE,FALSE,FALSE,FALSE,FALSE,FALSE
1943,1.55,0.67,0.73,0.96,0.61,2.75,1.33,0.44,0.42,0.59,1.07,0.48,0.46,TRUE,FALSE,FALSE,FALSE,FALSE,FALSE,FALSE,FALSE,FALSE,FALSE,FALSE,FALSE,FALSE
1944,1.34,1.7,0.74,0.8,1.29,3.38,2.6,0.44,0.6,0.76,1.36,0.63,0.63,FALSE,FALSE,FALSE,FALSE,FALSE,FALSE,FALSE,FALSE,FALSE,FALSE,FALSE,FALSE,FALSE
1945,0.84,1.29,0.71,0.86,0.96,2.33,2.39,0.44,0.55,0.79,1.18,0.6,0.62,FALSE,FALSE,FALSE,FALSE,FALSE,FALSE,FALSE,FALSE,FALSE,FALSE,FALSE,FALSE,FALSE
1946,0.81,0.73,1.08,0.68,0.77,1.7,1.44,0.45,0.42,0.73,1.07,0.34,0.7,FALSE,FALSE,FALSE,FALSE,FALSE,FALSE,FALSE,FALSE,FALSE,FALSE,FALSE,FALSE,FALSE
1947,0.86,1.15,1.39,0.9,0.93,2.07,2.29,0.45,0.55,0.77,1.43,0.78,0.75,FALSE,FALSE,TRUE,FALSE,FALSE,FALSE,FALSE,FALSE,FALSE,FALSE,FALSE,FALSE,FALSE
1948,0.85,0.94,1.01,0.74,0.91,2.62,2.26,0.51,0.54,0.72,0.89,0.9,0.64,FALSE,FALSE,FALSE,FALSE,FALSE,FALSE,FALSE,FALSE,FALSE,FALSE,FALSE,FALSE,FALSE
1949,0.86,0.92,1.06,1.02,0.82,2.58,1.99,0.47,0.43,0.79,1.11,0.96,0.59,FALSE,FALSE,FALSE,FALSE,FALSE,FALSE,FALSE,FALSE,FALSE,FALSE,FALSE,FALSE,FALSE
1950,0.81,0.86,0.9,0.7,0.59,1.78,1.46,0.5,0.45,0.82,0.77,0.83,0.53,FALSE,FALSE,FALSE,FALSE,FALSE,FALSE,FALSE,FALSE,FALSE,FALSE,FALSE,FALSE,FALSE
1951,1.07,0.61,0.57,0.86,0.56,1.57,1.42,0.52,0.3,0.94,0.92,0.95,0.59,FALSE,FALSE,FALSE,FALSE,FALSE,FALSE,FALSE,FALSE,FALSE,FALSE,FALSE,FALSE,FALSE
1952,0.99,0.37,0.43,0.53,0.5,1.82,1.21,0.34,0.12,0.65,0.87,0.37,0.49,FALSE,FALSE,FALSE,FALSE,FALSE,FALSE,FALSE,FALSE,FALSE,FALSE,FALSE,FALSE,FALSE
1953,0.62,0.57,0.66,0.57,0.47,2.13,1.77,0.29,0.15,0.46,0.9,0.46,0.48,FALSE,FALSE,FALSE,FALSE,FALSE,FALSE,FALSE,FALSE,FALSE,FALSE,FALSE,FALSE,FALSE
1954,0.83,0.93,0.74,0.83,0.79,3.04,2.94,0.73,0.32,0.74,1.38,0.63,0.78,FALSE,FALSE,FALSE,FALSE,FALSE,FALSE,FALSE,FALSE,FALSE,FALSE,FALSE,FALSE,FALSE
1955,0.82,1.06,0.96,0.86,0.73,3.22,2.04,0.67,0.4,0.96,1.28,0.65,0.81,FALSE,FALSE,FALSE,FALSE,FALSE,FALSE,FALSE,FALSE,FALSE,FALSE,FALSE,FALSE,FALSE
1956,0.84,0.94,0.77,0.77,0.62,2.12,1.98,0.53,0.32,0.78,0.86,0.61,0.75,FALSE,FALSE,FALSE,FALSE,FALSE,FALSE,FALSE,FALSE,FALSE,FALSE,FALSE,FALSE,FALSE
1957,0.79,1.05,0.72,0.94,0.5,2.33,1.97,0.4,0.39,0.79,1.43,0.61,0.64,FALSE,FALSE,FALSE,FALSE,FALSE,FALSE,FALSE,FALSE,FALSE,FALSE,FALSE,FALSE,FALSE
1958,0.94,0.91,0.73,0.61,0.51,2.1,2.12,0.46,0.37,0.77,0.99,0.44,0.42,FALSE,FALSE,FALSE,FALSE,FALSE,FALSE,FALSE,FALSE,FALSE,FALSE,FALSE,FALSE,FALSE
1959,0.83,0.84,0.78,0.8,0.54,1.78,1.42,0.4,0.17,0.56,1.3,0.52,0.37,FALSE,FALSE,FALSE,FALSE,FALSE,FALSE,FALSE,FALSE,FALSE,FALSE,FALSE,FALSE,FALSE
1960,0.97,0.65,0.56,0.61,0.55,1.75,1.37,0.36,0.24,0.48,1.06,0.65,0.64,FALSE,FALSE,FALSE,FALSE,FALSE,FALSE,FALSE,FALSE,FALSE,FALSE,FALSE,FALSE,FALSE
1961,0.72,0.56,0.5,0.46,0.29,1.57,1.66,0.33,0.25,0.44,0.66,0.61,0.4,FALSE,FALSE,FALSE,FALSE,FALSE,FALSE,FALSE,FALSE,FALSE,FALSE,FALSE,FALSE,FALSE
1962,0.89,0.69,0.74,0.74,0.35,1.74,1.72,0.34,0.55,0.41,1.11,0.51,0.57,FALSE,FALSE,FALSE,FALSE,FALSE,FALSE,FALSE,FALSE,FALSE,FALSE,FALSE,FALSE,FALSE
1963,1.57,1.15,0.63,0.79,0.57,2.38,1.8,0.57,0.44,0.52,1.28,0.69,0.81,TRUE,FALSE,FALSE,FALSE,FALSE,FALSE,FALSE,FALSE,FALSE,FALSE,FALSE,FALSE,FALSE
1964,1.09,0.74,0.63,0.7,0.43,2.68,1.55,0.55,0.46,0.5,1.2,0.3,0.88,FALSE,FALSE,FALSE,FALSE,FALSE,FALSE,FALSE,FALSE,FALSE,FALSE,FALSE,FALSE,FALSE
1965,0.96,0.69,0.72,0.63,0.22,1.54,1.51,0.65,0.4,0.64,1.08,0.3,0.64,FALSE,FALSE,FALSE,FALSE,FALSE,FALSE,FALSE,FALSE,FALSE,FALSE,FALSE,FALSE,FALSE
1966,1.09,0.97,0.74,0.92,0.63,2.95,1.73,0.75,0.42,0.54,1.8,0.51,0.74,FALSE,FALSE,FALSE,FALSE,FALSE,FALSE,FALSE,FALSE,FALSE,FALSE,FALSE,FALSE,FALSE
1967,0.6,0.6,0.45,0.6,0.37,2.07,0.92,0.34,0.35,0.4,0.94,0.39,0.42,FALSE,FALSE,FALSE,FALSE,FALSE,FALSE,FALSE,FALSE,FALSE,FALSE,FALSE,FALSE,FALSE
1968,0.49,0.79,0.54,0.59,0.34,2.06,1.01,0.16,0.38,0.28,1.13,0.31,0.29,FALSE,FALSE,FALSE,FALSE,FALSE,FALSE,FALSE,FALSE,FALSE,FALSE,FALSE,FALSE,FALSE
1969,0.74,1.02,0.67,0.74,0.52,2.28,1.24,0.22,0.45,0.32,1.61,0.38,0.39,FALSE,FALSE,FALSE,FALSE,FALSE,FALSE,FALSE,FALSE,FALSE,FALSE,FALSE,FALSE,FALSE
1970,0.54,0.61,0.56,0.56,0.33,1.67,1.05,0.25,0.39,0.37,0.96,0.36,0.38,FALSE,FALSE,FALSE,FALSE,FALSE,FALSE,FALSE,FALSE,FALSE,FALSE,FALSE,FALSE,FALSE
1971,0.39,0.41,0.43,0.47,0.31,1.35,0.96,0.23,0.21,0.26,0.59,0.27,0.32,FALSE,FALSE,FALSE,FALSE,FALSE,FALSE,FALSE,FALSE,FALSE,FALSE,FALSE,FALSE,FALSE
1972,0.63,0.51,0.26,0.45,0.24,1.21,1.05,0.39,0.15,0.36,0.63,0.28,0.35,FALSE,FALSE,FALSE,FALSE,FALSE,FALSE,FALSE,FALSE,FALSE,FALSE,FALSE,FALSE,FALSE
1973,0.61,0.94,0.65,0.74,0.39,1.77,1.05,0.45,0.34,0.33,1.39,0.5,0.44,FALSE,FALSE,FALSE,FALSE,FALSE,FALSE,FALSE,FALSE,FALSE,FALSE,FALSE,FALSE,FALSE
1974,0.45,0.39,0.46,0.45,0.25,1.19,0.83,0.24,0.19,0.27,0.73,0.42,0.45,FALSE,FALSE,FALSE,FALSE,FALSE,FALSE,FALSE,FALSE,FALSE,FALSE,FALSE,FALSE,FALSE
1975,0.44,0.5,0.54,0.45,0.36,1.2,1.09,0.27,0.23,0.31,0.74,0.43,0.47,FALSE,FALSE,FALSE,FALSE,FALSE,FALSE,FALSE,FALSE,FALSE,FALSE,FALSE,FALSE,FALSE
1976,0.51,0.51,0.54,0.49,0.46,1.33,1.16,0.28,0.44,0.5,0.67,0.61,0.75,FALSE,FALSE,FALSE,FALSE,FALSE,FALSE,FALSE,FALSE,FALSE,FALSE,FALSE,FALSE,FALSE
1977,0.54,0.79,0.64,0.54,0.53,1.46,1.47,0.24,0.46,0.41,1.32,0.63,0.92,FALSE,FALSE,FALSE,FALSE,FALSE,FALSE,FALSE,FALSE,FALSE,FALSE,FALSE,FALSE,FALSE
1978,0.78,1.12,0.67,0.63,0.59,1.37,1.41,0.22,0.36,0.4,1.48,0.56,1.15,FALSE,FALSE,FALSE,FALSE,FALSE,FALSE,FALSE,FALSE,FALSE,FALSE,FALSE,FALSE,FALSE
1979,0.78,0.98,0.63,0.72,0.61,1.28,1.39,0.26,0.32,0.4,1.32,0.51,1.06,FALSE,FALSE,FALSE,FALSE,FALSE,FALSE,FALSE,FALSE,FALSE,FALSE,FALSE,FALSE,FALSE
1980,0.86,0.74,0.67,0.67,0.47,1.42,1.4,0.34,0.34,0.52,1.07,0.46,0.89,FALSE,FALSE,FALSE,FALSE,FALSE,FALSE,FALSE,FALSE,FALSE,FALSE,FALSE,FALSE,FALSE
1981,1.07,0.76,0.63,0.64,0.46,1.3,1.12,0.27,0.25,0.27,0.89,0.44,0.58,FALSE,FALSE,FALSE,FALSE,FALSE,FALSE,FALSE,FALSE,FALSE,FALSE,FALSE,FALSE,FALSE
1982,0.75,0.29,0.39,0.43,0.42,0.74,0.71,0.17,0.21,0.19,0.48,0.19,0.42,FALSE,FALSE,FALSE,FALSE,FALSE,FALSE,FALSE,FALSE,FALSE,FALSE,FALSE,FALSE,FALSE
1983,0.65,0.41,0.36,0.5,0.27,1.22,1.1,0.11,0.25,0.3,0.67,0.15,0.57,FALSE,FALSE,FALSE,FALSE,FALSE,FALSE,FALSE,FALSE,FALSE,FALSE,FALSE,FALSE,FALSE
1984,0.47,0.53,0.7,0.63,0.35,1.56,1.21,0.23,0.35,0.31,0.69,0.4,0.51,FALSE,FALSE,FALSE,FALSE,FALSE,FALSE,FALSE,FALSE,FALSE,FALSE,FALSE,FALSE,FALSE
1985,1.01,0.6,0.66,0.69,0.7,1.43,0.99,0.22,0.31,0.28,0.64,0.58,0.48,FALSE,FALSE,FALSE,FALSE,FALSE,FALSE,FALSE,FALSE,FALSE,FALSE,FALSE,FALSE,FALSE
1986,1.58,0.68,0.65,0.77,0.83,1.39,1.02,0.27,0.23,0.37,1.02,0.52,0.45,TRUE,FALSE,FALSE,FALSE,FALSE,FALSE,FALSE,FALSE,FALSE,FALSE,FALSE,FALSE,FALSE
1987,1.17,0.89,0.66,0.74,0.63,1.52,0.92,0.15,0.28,0.31,1.14,0.39,0.44,FALSE,FALSE,FALSE,FALSE,FALSE,FALSE,FALSE,FALSE,FALSE,FALSE,FALSE,FALSE,FALSE
1988,0.97,0.73,0.67,0.56,0.28,1.7,0.85,0.06,0.24,0.18,1.05,0.16,0.4,FALSE,FALSE,FALSE,FALSE,FALSE,FALSE,FALSE,FALSE,FALSE,FALSE,FALSE,FALSE,FALSE
1989,0.87,0.82,0.86,0.6,0.28,1.78,0.83,0.13,0.28,0.28,1.03,0.1,0.38,FALSE,FALSE,FALSE,FALSE,FALSE,FALSE,FALSE,FALSE,FALSE,FALSE,FALSE,FALSE,FALSE
1990,0.83,0.74,0.74,0.69,0.47,2.11,1.08,0.07,0.39,0.3,1.44,0.21,0.34,FALSE,FALSE,FALSE,FALSE,FALSE,FALSE,FALSE,FALSE,FALSE,FALSE,FALSE,FALSE,FALSE
1991,0.77,0.7,0.63,0.62,0.34,NA,0.95,0.05,0.31,0.21,1.14,0.17,0.2,FALSE,FALSE,FALSE,FALSE,FALSE,NA,FALSE,FALSE,FALSE,FALSE,FALSE,FALSE,FALSE
1992,1.17,0.9,0.7,0.61,0.6,NA,0.64,0.04,0.28,0.23,1.38,0.21,0.27,FALSE,FALSE,FALSE,FALSE,FALSE,NA,FALSE,FALSE,FALSE,FALSE,FALSE,FALSE,FALSE
