age_CE,HLLM01A_raw,HLLM02A_raw,HLLM06A_raw,HLLM07A_raw,HLLM08A_raw,HLLM10A_raw,HLLM11A_raw,HLLM13A_raw,HLLM14A_raw,HLLM15A_raw,HLLM16A_raw,HLLM17A_raw,HLLM18A_raw,HLLM19A_raw,HLLM20A_raw,HLLM01A_raw_outlier_flag,HLLM02A_raw_outlier_flag,HLLM06A_raw_outlier_flag,HLLM07A_raw_outlier_flag,HLLM08A_raw_outlier_flag,HLLM10A_raw_outlier_flag,HLLM11A_raw_outlier_flag,HLLM13A_raw_outlier_flag,HLLM14A_raw_outlier_flag,HLLM15A_raw_outlier_flag,HLLM16A_raw_outlier_flag,HLLM17A_raw_outlier_flag,HLLM18A_raw_outlier_flag,HLLM19A_raw_outlier_flag,HLLM20A_raw_outlier_flag
1610,NA,NA,NA,NA,NA,NA,NA,NA,NA,NA,NA,NA,0.65,NA,NA,NA,NA,NA,NA,NA,NA,NA,NA,NA,NA,NA,NA,FALSE,NA,NA
1611,NA,NA,NA,NA,NA,NA,NA,NA,NA,NA,NA,NA,0.8,NA,NA,NA,NA,NA,NA,NA,NA,NA,NA,NA,NA,NA,NA,FALSE,NA,NA
1612,NA,NA,NA,NA,NA,NA,NA,NA,NA,NA,NA,NA,0.32,NA,NA,NA,NA,NA,NA,NA,NA,NA,NA,NA,NA,NA,NA,FALSE,NA,NA
1613,NA,NA,NA,NA,NA,NA,NA,NA,NA,NA,NA,NA,0.34,NA,NA,NA,NA,NA,NA,NA,NA,NA,NA,NA,NA,NA,NA,FALSE,NA,NA
1614,NA,NA,NA,NA,NA,NA,NA,NA,NA,NA,NA,NA,0.34,NA,NA,NA,NA,NA,NA,NA,NA,NA,NA,NA,NA,NA,NA,FALSE,NA,NA
1615,NA,NA,NA,NA,NA,NA,NA,NA,NA,NA,NA,NA,0.34,NA,NA,NA,NA,NA,NA,NA,NA,NA,NA,NA,NA,NA,NA,FALSE,NA,NA
1616,NA,NA,NA,NA,NA,NA,NA,NA,NA,NA,NA,NA,0.26,NA,NA,NA,NA,NA,NA,NA,NA,NA,NA,NA,NA,NA,NA,FALSE,NA,NA
1617,NA,NA,NA,NA,NA,NA,NA,NA,NA,NA,NA,NA,0.4,NA,NA,NA,NA,NA,NA,NA,NA,NA,NA,NA,NA,NA,NA,FALSE,NA,NA
1618,NA,NA,NA,NA,NA,NA,NA,NA,NA,NA,NA,NA,0.24,NA,NA,NA,NA,NA,NA,NA,NA,NA,NA,NA,NA,NA,NA,FALSE,NA,NA
1619,NA,NA,NA,NA,NA,NA,NA,NA,NA,NA,NA,NA,0.17,NA,NA,NA,NA,NA,NA,NA,NA,NA,NA,NA,NA,NA,NA,FALSE,NA,NA
1620,NA,NA,NA,NA,NA,NA,NA,NA,NA,NA,NA,NA,0.35,NA,NA,NA,NA,NA,NA,NA,NA,NA,NA,NA,NA,NA,NA,FALSE,NA,NA
1621,NA,NA,NA,NA,NA,NA,NA,NA,NA,NA,NA,NA,0.7,NA,NA,NA,NA,NA,NA,NA,NA,NA,NA,NA,NA,NA,NA,FALSE,NA,NA
1622,NA,NA,NA,NA,NA,NA,NA,NA,NA,NA,NA,NA,0.58,NA,NA,NA,NA,NA,NA,NA,NA,NA,NA,NA,NA,NA,NA,FALSE,NA,NA
1623,NA,NA,NA,NA,NA,NA,NA,NA,NA,NA,NA,NA,0.43,NA,NA,NA,NA,NA,NA,NA,NA,NA,NA,NA,NA,NA,NA,FALSE,NA,NA
1624,NA,NA,NA,NA,NA,NA,NA,NA,NA,NA,NA,NA,0.37,NA,NA,NA,NA,NA,NA,NA,NA,NA,NA,NA,NA,NA,NA,FALSE,NA,NA
1625,NA,NA,NA,NA,NA,NA,NA,NA,NA,NA,NA,NA,0.33,NA,NA,NA,NA,NA,NA,NA,NA,NA,NA,NA,NA,NA,NA,FALSE,NA,NA
1626,NA,NA,NA,NA,NA,NA,NA,NA,NA,NA,NA,NA,0.37,NA,NA,NA,NA,NA,NA,NA,NA,NA,NA,NA,NA,NA,NA,FALSE,NA,NA
1627,NA,NA,NA,NA,NA,NA,NA,NA,NA,NA,NA,NA,0.35,NA,NA,NA,NA,NA,NA,NA,NA,NA,NA,NA,NA,NA,NA,FALSE,NA,NA
1628,NA,NA,NA,NA,NA,NA,NA,NA,NA,NA,NA,NA,0.62,NA,NA,NA,NA,NA,NA,NA,NA,NA,NA,NA,NA,NA,NA,FALSE,NA,NA
1629,NA,NA,NA,NA,NA,NA,NA,NA,NA,NA,NA,NA,0.33,NA,NA,NA,NA,NA,NA,NA,NA,NA,NA,NA,NA,NA,NA,FALSE,NA,NA
1630,NA,NA,NA,NA,NA,NA,NA,NA,NA,NA,NA,NA,0.47,NA,NA,NA,NA,NA,NA,NA,NA,NA,NA,NA,NA,NA,NA,FALSE,NA,NA
1631,NA,NA,NA,NA,NA,NA,NA,NA,NA,NA,NA,NA,0.49,NA,NA,NA,NA,NA,NA,NA,NA,NA,NA,NA,NA,NA,NA,FALSE,NA,NA
1632,NA,NA,NA,NA,NA,NA,NA,NA,NA,NA,NA,NA,0.35,NA,NA,NA,NA,NA,NA,NA,NA,NA,NA,NA,NA,NA,NA,FALSE,NA,NA
1633,NA,NA,NA,NA,NA,NA,NA,NA,NA,NA,NA,NA,0.25,NA,NA,NA,NA,NA,NA,NA,NA,NA,NA,NA,NA,NA,NA,FALSE,NA,NA
1634,NA,NA,NA,NA,NA,NA,NA,NA,NA,NA,NA,NA,0.31,NA,NA,NA,NA,NA,NA,NA,NA,NA,NA,NA,NA,NA,NA,FALSE,NA,NA
1635,NA,NA,NA,NA,NA,NA,NA,NA,NA,NA,NA,NA,0.91,NA,NA,NA,NA,NA,NA,NA,NA,NA,NA,NA,NA,NA,NA,FALSE,NA,NA
1636,NA,NA,NA,NA,NA,NA,NA,NA,NA,NA,NA,NA,1.19,NA,NA,NA,NA,NA,NA,NA,NA,NA,NA,NA,NA,NA,NA,FALSE,NA,NA
1637,NA,NA,NA,NA,NA,NA,NA,NA,NA,NA,NA,NA,0.53,NA,NA,NA,NA,NA,NA,NA,NA,NA,NA,NA,NA,NA,NA,FALSE,NA,NA
1638,NA,NA,NA,NA,NA,NA,NA,NA,NA,NA,NA,NA,0.24,NA,NA,NA,NA,NA,NA,NA,NA,NA,NA,NA,NA,NA,NA,FALSE,NA,NA
1639,NA,NA,NA,NA,NA,NA,NA,NA,NA,NA,NA,NA,0.36,NA,NA,NA,NA,NA,NA,NA,NA,NA,NA,NA,NA,NA,NA,FALSE,NA,NA
1640,NA,NA,NA,NA,NA,NA,NA,NA,NA,NA,NA,NA,0.34,NA,NA,NA,NA,NA,NA,NA,NA,NA,NA,NA,NA,NA,NA,FALSE,NA,NA
1641,NA,NA,NA,NA,NA,NA,NA,NA,NA,NA,NA,NA,0.43,NA,NA,NA,NA,NA,NA,NA,NA,NA,NA,NA,NA,NA,NA,FALSE,NA,NA
1642,NA,NA,NA,NA,NA,NA,NA,NA,NA,NA,NA,NA,0.2,NA,NA,NA,NA,NA,NA,NA,NA,NA,NA,NA,NA,NA,NA,FALSE,NA,NA
1643,NA,NA,NA,NA,NA,NA,NA,NA,NA,NA,NA,NA,0.38,NA,NA,NA,NA,NA,NA,NA,NA,NA,NA,NA,NA,NA,NA,FALSE,NA,NA
1644,NA,NA,NA,NA,NA,NA,NA,NA,NA,NA,NA,NA,0.2,NA,NA,NA,NA,NA,NA,NA,NA,NA,NA,NA,NA,NA,NA,FALSE,NA,NA
1645,NA,NA,NA,NA,NA,NA,NA,NA,NA,NA,NA,NA,0.21,NA,NA,NA,NA,NA,NA,NA,NA,NA,NA,NA,NA,NA,NA,FALSE,NA,NA
1646,NA,NA,NA,NA,NA,NA,NA,NA,NA,NA,NA,NA,0.15,NA,NA,NA,NA,NA,NA,NA,NA,NA,NA,NA,NA,NA,NA,FALSE,NA,NA
1647,NA,NA,NA,NA,NA,NA,NA,NA,NA,NA,NA,NA,0.22,NA,NA,NA,NA,NA,NA,NA,NA,NA,NA,NA,NA,NA,NA,FALSE,NA,NA
1648,NA,NA,NA,NA,NA,NA,NA,NA,NA,NA,NA,NA,0.34,NA,NA,NA,NA,NA,NA,NA,NA,NA,NA,NA,NA,NA,NA,FALSE,NA,NA
1649,NA,NA,NA,NA,NA,NA,NA,NA,NA,NA,NA,NA,0.22,NA,NA,NA,NA,NA,NA,NA,NA,NA,NA,NA,NA,NA,NA,FALSE,NA,NA
1650,NA,NA,NA,NA,NA,NA,NA,NA,NA,NA,NA,NA,0.43,NA,NA,NA,NA,NA,NA,NA,NA,NA,NA,NA,NA,NA,NA,FALSE,NA,NA
1651,NA,NA,NA,NA,NA,NA,NA,NA,NA,NA,NA,NA,0.2,NA,NA,NA,NA,NA,NA,NA,NA,NA,NA,NA,NA,NA,NA,FALSE,NA,NA
1652,NA,NA,NA,NA,NA,NA,NA,NA,NA,NA,NA,NA,0.5,NA,NA,NA,NA,NA,NA,NA,NA,NA,NA,NA,NA,NA,NA,FALSE,NA,NA
1653,NA,NA,NA,NA,NA,NA,NA,NA,NA,NA,NA,NA,0.53,NA,NA,NA,NA,NA,NA,NA,NA,NA,NA,NA,NA,NA,NA,FALSE,NA,NA
1654,NA,NA,NA,NA,NA,NA,NA,NA,NA,NA,NA,NA,0.21,NA,NA,NA,NA,NA,NA,NA,NA,NA,NA,NA,NA,NA,NA,FALSE,NA,NA
1655,NA,NA,NA,NA,NA,NA,NA,NA,NA,NA,NA,NA,0.1,NA,NA,NA,NA,NA,NA,NA,NA,NA,NA,NA,NA,NA,NA,FALSE,NA,NA
1656,NA,NA,NA,NA,NA,NA,NA,NA,NA,NA,NA,NA,0.44,NA,NA,NA,NA,NA,NA,NA,NA,NA,NA,NA,NA,NA,NA,FALSE,NA,NA
1657,NA,NA,NA,NA,NA,NA,NA,NA,NA,NA,NA,NA,0.29,NA,NA,NA,NA,NA,NA,NA,NA,NA,NA,NA,NA,NA,NA,FALSE,NA,NA
1658,NA,NA,NA,NA,NA,NA,NA,NA,NA,NA,NA,NA,0.23,NA,NA,NA,NA,NA,NA,NA,NA,NA,NA,NA,NA,NA,NA,FALSE,NA,NA
1659,NA,NA,NA,NA,NA,NA,NA,NA,NA,NA,NA,NA,0.33,NA,NA,NA,NA,NA,NA,NA,NA,NA,NA,NA,NA,NA,NA,FALSE,NA,NA
1660,NA,NA,NA,NA,NA,NA,NA,NA,NA,NA,NA,NA,0.19,NA,NA,NA,NA,NA,NA,NA,NA,NA,NA,NA,NA,NA,NA,FALSE,NA,NA
1661,NA,NA,NA,NA,NA,NA,NA,NA,NA,NA,NA,NA,0.19,NA,NA,NA,NA,NA,NA,NA,NA,NA,NA,NA,NA,NA,NA,FALSE,NA,NA
1662,NA,NA,NA,NA,NA,NA,NA,NA,NA,NA,NA,NA,0.35,NA,NA,NA,NA,NA,NA,NA,NA,NA,NA,NA,NA,NA,NA,FALSE,NA,NA
1663,NA,NA,NA,NA,NA,NA,NA,NA,NA,NA,NA,NA,0.24,NA,NA,NA,NA,NA,NA,NA,NA,NA,NA,NA,NA,NA,NA,FALSE,NA,NA
1664,NA,NA,NA,NA,NA,NA,NA,NA,NA,NA,NA,NA,0.35,NA,NA,NA,NA,NA,NA,NA,NA,NA,NA,NA,NA,NA,NA,FALSE,NA,NA
1665,NA,NA,NA,NA,NA,NA,NA,NA,NA,NA,NA,NA,0.33,NA,NA,NA,NA,NA,NA,NA,NA,NA,NA,NA,NA,NA,NA,FALSE,NA,NA
1666,NA,NA,NA,NA,NA,NA,NA,NA,NA,NA,NA,NA,0.62,NA,NA,NA,NA,NA,NA,NA,NA,NA,NA,NA,NA,NA,NA,FALSE,NA,NA
1667,NA,NA,NA,NA,NA,NA,NA,NA,NA,NA,NA,NA,0.36,NA,NA,NA,NA,NA,NA,NA,NA,NA,NA,NA,NA,NA,NA,FALSE,NA,NA
1668,NA,NA,NA,NA,NA,NA,NA,NA,NA,NA,NA,NA,0.53,NA,NA,NA,NA,NA,NA,NA,NA,NA,NA,NA,NA,NA,NA,FALSE,NA,NA
1669,NA,NA,NA,NA,NA,NA,NA,NA,NA,NA,NA,NA,0.11,NA,NA,NA,NA,NA,NA,NA,NA,NA,NA,NA,NA,NA,NA,FALSE,NA,NA
1670,NA,NA,NA,NA,NA,NA,NA,NA,NA,NA,NA,NA,0.24,NA,NA,NA,NA,NA,NA,NA,NA,NA,NA,NA,NA,NA,NA,FALSE,NA,NA
1671,NA,NA,NA,NA,NA,NA,NA,NA,NA,NA,NA,NA,0.09,NA,NA,NA,NA,NA,NA,NA,NA,NA,NA,NA,NA,NA,NA,FALSE,NA,NA
1672,NA,NA,NA,NA,NA,NA,NA,NA,NA,NA,NA,NA,0.24,NA,NA,NA,NA,NA,NA,NA,NA,NA,NA,NA,NA,NA,NA,FALSE,NA,NA
1673,NA,NA,NA,NA,NA,NA,NA,NA,NA,NA,NA,NA,0.08,NA,NA,NA,NA,NA,NA,NA,NA,NA,NA,NA,NA,NA,NA,FALSE,NA,NA
1674,NA,NA,NA,NA,NA,NA,NA,NA,NA,NA,NA,NA,0.24,NA,NA,NA,NA,NA,NA,NA,NA,NA,NA,NA,NA,NA,NA,FALSE,NA,NA
1675,NA,NA,NA,NA,NA,NA,NA,NA,NA,NA,NA,NA,0.28,NA,NA,NA,NA,NA,NA,NA,NA,NA,NA,NA,NA,NA,NA,FALSE,NA,NA
1676,NA,NA,NA,NA,NA,NA,NA,NA,NA,NA,NA,NA,0.06,NA,NA,NA,NA,NA,NA,NA,NA,NA,NA,NA,NA,NA,NA,FALSE,NA,NA
1677,NA,NA,NA,NA,NA,NA,NA,NA,NA,NA,NA,NA,0.15,NA,NA,NA,NA,NA,NA,NA,NA,NA,NA,NA,NA,NA,NA,FALSE,NA,NA
1678,NA,NA,NA,NA,NA,NA,NA,NA,NA,NA,NA,NA,0.44,NA,NA,NA,NA,NA,NA,NA,NA,NA,NA,NA,NA,NA,NA,FALSE,NA,NA
1679,NA,NA,NA,NA,NA,NA,NA,NA,NA,NA,NA,NA,0.31,NA,NA,NA,NA,NA,NA,NA,NA,NA,NA,NA,NA,NA,NA,FALSE,NA,NA
1680,NA,NA,NA,NA,NA,NA,NA,NA,NA,NA,NA,NA,0.14,NA,NA,NA,NA,NA,NA,NA,NA,NA,NA,NA,NA,NA,NA,FALSE,NA,NA
1681,NA,NA,NA,NA,NA,NA,NA,NA,NA,NA,NA,NA,0.27,NA,NA,NA,NA,NA,NA,NA,NA,NA,NA,NA,NA,NA,NA,FALSE,NA,NA
1682,NA,NA,NA,NA,NA,NA,NA,NA,NA,NA,NA,NA,0.33,NA,NA,NA,NA,NA,NA,NA,NA,NA,NA,NA,NA,NA,NA,FALSE,NA,NA
1683,NA,NA,NA,NA,NA,NA,NA,NA,NA,NA,NA,NA,0.28,NA,NA,NA,NA,NA,NA,NA,NA,NA,NA,NA,NA,NA,NA,FALSE,NA,NA
1684,NA,NA,NA,NA,NA,NA,NA,NA,NA,NA,NA,NA,0.33,0.56,NA,NA,NA,NA,NA,NA,NA,NA,NA,NA,NA,NA,NA,FALSE,FALSE,NA
1685,NA,NA,NA,NA,NA,NA,NA,NA,NA,NA,NA,NA,0.18,0.22,NA,NA,NA,NA,NA,NA,NA,NA,NA,NA,NA,NA,NA,FALSE,FALSE,NA
1686,NA,NA,NA,NA,NA,NA,NA,NA,NA,NA,NA,NA,0.24,0.43,NA,NA,NA,NA,NA,NA,NA,NA,NA,NA,NA,NA,NA,FALSE,FALSE,NA
1687,NA,NA,NA,NA,NA,NA,NA,NA,NA,NA,NA,NA,0.32,0.36,NA,NA,NA,NA,NA,NA,NA,NA,NA,NA,NA,NA,NA,FALSE,FALSE,NA
1688,NA,NA,NA,NA,NA,NA,NA,NA,NA,NA,NA,NA,0.6,0.52,NA,NA,NA,NA,NA,NA,NA,NA,NA,NA,NA,NA,NA,FALSE,FALSE,NA
1689,NA,NA,NA,NA,NA,NA,NA,NA,NA,NA,NA,NA,0.22,0.19,NA,NA,NA,NA,NA,NA,NA,NA,NA,NA,NA,NA,NA,FALSE,FALSE,NA
1690,NA,NA,NA,NA,NA,NA,NA,NA,NA,NA,NA,NA,0.41,0.35,NA,NA,NA,NA,NA,NA,NA,NA,NA,NA,NA,NA,NA,FALSE,FALSE,NA
1691,NA,NA,NA,NA,NA,NA,NA,NA,NA,NA,NA,NA,0.19,0.32,NA,NA,NA,NA,NA,NA,NA,NA,NA,NA,NA,NA,NA,FALSE,FALSE,NA
1692,NA,NA,NA,NA,NA,NA,NA,NA,NA,NA,NA,NA,0.35,0.23,NA,NA,NA,NA,NA,NA,NA,NA,NA,NA,NA,NA,NA,FALSE,FALSE,NA
1693,NA,NA,NA,NA,NA,NA,NA,NA,NA,NA,NA,NA,0.41,0.3,NA,NA,NA,NA,NA,NA,NA,NA,NA,NA,NA,NA,NA,FALSE,FALSE,NA
1694,NA,NA,NA,NA,NA,NA,NA,NA,NA,NA,NA,NA,0.33,0.15,NA,NA,NA,NA,NA,NA,NA,NA,NA,NA,NA,NA,NA,FALSE,FALSE,NA
1695,NA,NA,NA,NA,NA,NA,NA,NA,NA,NA,NA,NA,0.29,0.17,NA,NA,NA,NA,NA,NA,NA,NA,NA,NA,NA,NA,NA,FALSE,FALSE,NA
1696,NA,NA,NA,NA,NA,NA,NA,NA,NA,NA,NA,NA,0.33,0.27,NA,NA,NA,NA,NA,NA,NA,NA,NA,NA,NA,NA,NA,FALSE,FALSE,NA
1697,NA,NA,NA,NA,NA,NA,NA,NA,NA,NA,NA,NA,0.12,0.06,NA,NA,NA,NA,NA,NA,NA,NA,NA,NA,NA,NA,NA,FALSE,FALSE,NA
1698,NA,NA,NA,NA,NA,NA,NA,NA,NA,NA,NA,NA,0.15,0.15,NA,NA,NA,NA,NA,NA,NA,NA,NA,NA,NA,NA,NA,FALSE,FALSE,NA
1699,NA,NA,NA,NA,NA,NA,NA,NA,NA,NA,NA,NA,0.15,0.17,NA,NA,NA,NA,NA,NA,NA,NA,NA,NA,NA,NA,NA,FALSE,FALSE,NA
1700,NA,NA,NA,NA,NA,NA,NA,NA,NA,NA,NA,NA,0.32,0.19,NA,NA,NA,NA,NA,NA,NA,NA,NA,NA,NA,NA,NA,FALSE,FALSE,NA
1701,NA,NA,NA,NA,NA,NA,NA,NA,NA,NA,NA,NA,0.27,0.12,NA,NA,NA,NA,NA,NA,NA,NA,NA,NA,NA,NA,NA,FALSE,FALSE,NA
1702,NA,NA,NA,NA,NA,NA,NA,NA,NA,NA,NA,NA,0.28,0.19,NA,NA,NA,NA,NA,NA,NA,NA,NA,NA,NA,NA,NA,FALSE,FALSE,NA
1703,NA,NA,NA,NA,NA,NA,NA,NA,NA,NA,NA,NA,0.12,0.09,NA,NA,NA,NA,NA,NA,NA,NA,NA,NA,NA,NA,NA,FALSE,FALSE,NA
1704,NA,NA,NA,NA,NA,NA,NA,NA,NA,NA,NA,NA,0.28,0.43,NA,NA,NA,NA,NA,NA,NA,NA,NA,NA,NA,NA,NA,FALSE,FALSE,NA
1705,NA,NA,NA,NA,NA,NA,NA,NA,NA,NA,NA,NA,0.48,0.26,NA,NA,NA,NA,NA,NA,NA,NA,NA,NA,NA,NA,NA,FALSE,FALSE,NA
1706,NA,NA,NA,NA,NA,NA,NA,NA,NA,NA,NA,NA,0.48,0.23,NA,NA,NA,NA,NA,NA,NA,NA,NA,NA,NA,NA,NA,FALSE,FALSE,NA
1707,NA,NA,NA,NA,NA,NA,NA,NA,NA,NA,NA,NA,0.33,0.18,NA,NA,NA,NA,NA,NA,NA,NA,NA,NA,NA,NA,NA,FALSE,FALSE,NA
1708,NA,NA,NA,NA,NA,NA,NA,NA,NA,NA,NA,NA,0.54,0.58,NA,NA,NA,NA,NA,NA,NA,NA,NA,NA,NA,NA,NA,FALSE,FALSE,NA
1709,NA,NA,NA,NA,NA,NA,NA,NA,NA,NA,NA,NA,0.47,0.24,NA,NA,NA,NA,NA,NA,NA,NA,NA,NA,NA,NA,NA,FALSE,FALSE,NA
1710,NA,NA,NA,NA,NA,NA,NA,NA,NA,NA,NA,NA,0.51,0.73,NA,NA,NA,NA,NA,NA,NA,NA,NA,NA,NA,NA,NA,FALSE,FALSE,NA
1711,NA,NA,NA,NA,NA,NA,NA,NA,NA,NA,NA,NA,0.31,0.31,NA,NA,NA,NA,NA,NA,NA,NA,NA,NA,NA,NA,NA,FALSE,FALSE,NA
1712,NA,NA,NA,NA,NA,NA,NA,NA,NA,NA,NA,NA,0.64,1.75,NA,NA,NA,NA,NA,NA,NA,NA,NA,NA,NA,NA,NA,FALSE,TRUE,NA
1713,NA,NA,NA,NA,NA,NA,NA,NA,NA,NA,NA,NA,0.48,0.69,NA,NA,NA,NA,NA,NA,NA,NA,NA,NA,NA,NA,NA,FALSE,FALSE,NA
1714,NA,NA,NA,NA,NA,NA,NA,NA,NA,NA,NA,NA,0.43,0.43,NA,NA,NA,NA,NA,NA,NA,NA,NA,NA,NA,NA,NA,FALSE,FALSE,NA
1715,NA,NA,NA,NA,NA,NA,NA,NA,NA,NA,NA,NA,0.2,0.09,NA,NA,NA,NA,NA,NA,NA,NA,NA,NA,NA,NA,NA,FALSE,FALSE,NA
1716,NA,NA,NA,NA,NA,NA,NA,NA,NA,NA,NA,NA,0.39,0.16,NA,NA,NA,NA,NA,NA,NA,NA,NA,NA,NA,NA,NA,FALSE,FALSE,NA
1717,NA,NA,NA,NA,NA,NA,NA,NA,NA,NA,NA,NA,0.55,0.18,NA,NA,NA,NA,NA,NA,NA,NA,NA,NA,NA,NA,NA,FALSE,FALSE,NA
1718,NA,NA,NA,NA,NA,NA,NA,NA,NA,NA,NA,NA,0.35,0.3,NA,NA,NA,NA,NA,NA,NA,NA,NA,NA,NA,NA,NA,FALSE,FALSE,NA
1719,NA,NA,NA,NA,NA,NA,NA,NA,NA,NA,NA,NA,0.31,0.8,NA,NA,NA,NA,NA,NA,NA,NA,NA,NA,NA,NA,NA,FALSE,FALSE,NA
1720,NA,NA,NA,NA,NA,NA,NA,NA,NA,NA,NA,NA,0.37,0.56,NA,NA,NA,NA,NA,NA,NA,NA,NA,NA,NA,NA,NA,FALSE,FALSE,NA
1721,NA,NA,NA,NA,NA,NA,NA,NA,NA,NA,NA,NA,0.7,1.43,NA,NA,NA,NA,NA,NA,NA,NA,NA,NA,NA,NA,NA,FALSE,FALSE,NA
1722,NA,NA,NA,NA,NA,NA,NA,NA,NA,NA,NA,NA,0.66,0.43,NA,NA,NA,NA,NA,NA,NA,NA,NA,NA,NA,NA,NA,FALSE,FALSE,NA
1723,NA,NA,NA,NA,NA,NA,NA,NA,NA,NA,NA,NA,0.65,0.59,NA,NA,NA,NA,NA,NA,NA,NA,NA,NA,NA,NA,NA,FALSE,FALSE,NA
1724,NA,NA,NA,NA,NA,NA,NA,NA,NA,NA,NA,NA,0.38,0.12,NA,NA,NA,NA,NA,NA,NA,NA,NA,NA,NA,NA,NA,FALSE,FALSE,NA
1725,NA,NA,NA,NA,NA,NA,NA,NA,NA,NA,NA,NA,0.35,0.34,NA,NA,NA,NA,NA,NA,NA,NA,NA,NA,NA,NA,NA,FALSE,FALSE,NA
1726,NA,NA,NA,NA,NA,NA,NA,NA,NA,NA,NA,NA,0.68,0.42,NA,NA,NA,NA,NA,NA,NA,NA,NA,NA,NA,NA,NA,FALSE,FALSE,NA
1727,NA,NA,NA,NA,NA,NA,NA,NA,NA,NA,NA,NA,0.75,0.53,NA,NA,NA,NA,NA,NA,NA,NA,NA,NA,NA,NA,NA,FALSE,FALSE,NA
1728,NA,NA,NA,NA,NA,NA,NA,NA,NA,NA,NA,NA,0.74,0.71,NA,NA,NA,NA,NA,NA,NA,NA,NA,NA,NA,NA,NA,FALSE,FALSE,NA
1729,NA,NA,NA,NA,NA,NA,NA,NA,NA,NA,NA,NA,0.89,0.71,NA,NA,NA,NA,NA,NA,NA,NA,NA,NA,NA,NA,NA,FALSE,FALSE,NA
1730,NA,NA,NA,NA,NA,NA,NA,NA,NA,NA,NA,NA,0.8,0.46,NA,NA,NA,NA,NA,NA,NA,NA,NA,NA,NA,NA,NA,FALSE,FALSE,NA
1731,NA,NA,NA,NA,NA,NA,NA,NA,NA,NA,NA,NA,0.88,0.79,NA,NA,NA,NA,NA,NA,NA,NA,NA,NA,NA,NA,NA,FALSE,FALSE,NA
1732,NA,NA,NA,NA,NA,NA,NA,NA,NA,NA,NA,NA,0.87,0.87,NA,NA,NA,NA,NA,NA,NA,NA,NA,NA,NA,NA,NA,FALSE,FALSE,NA
1733,NA,NA,NA,NA,NA,NA,NA,NA,NA,NA,NA,NA,0.82,0.74,NA,NA,NA,NA,NA,NA,NA,NA,NA,NA,NA,NA,NA,FALSE,FALSE,NA
1734,NA,NA,NA,NA,NA,NA,NA,NA,NA,NA,NA,NA,1.14,0.57,NA,NA,NA,NA,NA,NA,NA,NA,NA,NA,NA,NA,NA,FALSE,FALSE,NA
1735,NA,NA,NA,NA,NA,NA,NA,NA,NA,NA,NA,NA,1.03,0.4,NA,NA,NA,NA,NA,NA,NA,NA,NA,NA,NA,NA,NA,FALSE,FALSE,NA
1736,NA,NA,NA,NA,NA,NA,NA,NA,NA,NA,NA,NA,1.37,0.96,NA,NA,NA,NA,NA,NA,NA,NA,NA,NA,NA,NA,NA,FALSE,FALSE,NA
1737,NA,NA,NA,NA,NA,NA,NA,NA,NA,NA,NA,NA,1.37,1.45,NA,NA,NA,NA,NA,NA,NA,NA,NA,NA,NA,NA,NA,FALSE,FALSE,NA
1738,NA,NA,NA,NA,NA,NA,NA,NA,NA,NA,NA,NA,1.08,1.19,NA,NA,NA,NA,NA,NA,NA,NA,NA,NA,NA,NA,NA,FALSE,FALSE,NA
1739,NA,NA,NA,NA,NA,NA,NA,NA,NA,NA,NA,NA,1.12,1.12,NA,NA,NA,NA,NA,NA,NA,NA,NA,NA,NA,NA,NA,FALSE,FALSE,NA
1740,NA,NA,NA,NA,NA,NA,NA,NA,NA,NA,NA,NA,0.98,0.61,NA,NA,NA,NA,NA,NA,NA,NA,NA,NA,NA,NA,NA,FALSE,FALSE,NA
1741,NA,NA,NA,NA,NA,NA,NA,NA,NA,NA,NA,NA,1.26,0.81,NA,NA,NA,NA,NA,NA,NA,NA,NA,NA,NA,NA,NA,FALSE,FALSE,NA
1742,NA,NA,NA,NA,NA,NA,NA,NA,NA,NA,NA,NA,0.87,0.22,NA,NA,NA,NA,NA,NA,NA,NA,NA,NA,NA,NA,NA,FALSE,FALSE,NA
1743,NA,NA,NA,NA,NA,NA,NA,NA,NA,NA,NA,NA,0.83,0.66,NA,NA,NA,NA,NA,NA,NA,NA,NA,NA,NA,NA,NA,FALSE,FALSE,NA
1744,NA,NA,NA,NA,NA,NA,NA,NA,NA,NA,NA,NA,0.55,0.44,NA,NA,NA,NA,NA,NA,NA,NA,NA,NA,NA,NA,NA,FALSE,FALSE,NA
1745,NA,NA,NA,NA,NA,NA,NA,NA,NA,NA,NA,NA,0.66,0.71,NA,NA,NA,NA,NA,NA,NA,NA,NA,NA,NA,NA,NA,FALSE,FALSE,NA
1746,NA,NA,NA,NA,NA,NA,NA,NA,NA,NA,NA,NA,0.75,0.81,NA,NA,NA,NA,NA,NA,NA,NA,NA,NA,NA,NA,NA,FALSE,FALSE,NA
1747,1.11,NA,NA,NA,NA,NA,NA,NA,NA,NA,NA,NA,0.7,1.23,NA,FALSE,NA,NA,NA,NA,NA,NA,NA,NA,NA,NA,NA,FALSE,FALSE,NA
1748,1.15,NA,NA,NA,NA,NA,NA,NA,NA,NA,NA,NA,0.83,1.06,NA,FALSE,NA,NA,NA,NA,NA,NA,NA,NA,NA,NA,NA,FALSE,FALSE,NA
1749,0.84,NA,NA,NA,NA,NA,NA,NA,NA,NA,NA,NA,0.9,1.44,NA,FALSE,NA,NA,NA,NA,NA,NA,NA,NA,NA,NA,NA,FALSE,FALSE,NA
1750,1.33,NA,NA,NA,NA,NA,NA,NA,NA,NA,NA,NA,0.87,1.61,NA,FALSE,NA,NA,NA,NA,NA,NA,NA,NA,NA,NA,NA,FALSE,TRUE,NA
1751,2.28,NA,NA,NA,NA,NA,NA,NA,NA,NA,1.06,NA,0.88,0.91,NA,TRUE,NA,NA,NA,NA,NA,NA,NA,NA,NA,FALSE,NA,FALSE,FALSE,NA
1752,1.74,NA,NA,NA,NA,NA,NA,NA,NA,NA,0.56,NA,0.69,0.53,NA,TRUE,NA,NA,NA,NA,NA,NA,NA,NA,NA,FALSE,NA,FALSE,FALSE,NA
1753,1,NA,NA,NA,NA,NA,NA,NA,NA,NA,0.81,NA,0.77,0.33,NA,FALSE,NA,NA,NA,NA,NA,NA,NA,NA,NA,FALSE,NA,FALSE,FALSE,NA
1754,0.47,NA,NA,NA,NA,NA,NA,NA,NA,NA,0.35,NA,0.64,0.18,NA,FALSE,NA,NA,NA,NA,NA,NA,NA,NA,NA,FALSE,NA,FALSE,FALSE,NA
1755,0.56,NA,NA,NA,NA,NA,NA,NA,NA,NA,0.38,NA,0.34,0.45,NA,FALSE,NA,NA,NA,NA,NA,NA,NA,NA,NA,FALSE,NA,FALSE,FALSE,NA
1756,0.66,NA,NA,NA,NA,NA,NA,NA,NA,NA,0.84,NA,0.84,0.69,NA,FALSE,NA,NA,NA,NA,NA,NA,NA,NA,NA,FALSE,NA,FALSE,FALSE,NA
1757,0.82,NA,NA,NA,NA,NA,NA,NA,NA,NA,0.86,NA,0.82,0.76,NA,FALSE,NA,NA,NA,NA,NA,NA,NA,NA,NA,FALSE,NA,FALSE,FALSE,NA
1758,0.56,NA,NA,NA,NA,NA,NA,NA,NA,NA,1.2,NA,0.77,1.95,NA,FALSE,NA,NA,NA,NA,NA,NA,NA,NA,NA,FALSE,NA,FALSE,TRUE,NA
1759,0.96,NA,NA,NA,NA,NA,NA,NA,NA,NA,1.32,NA,0.9,1.44,NA,FALSE,NA,NA,NA,NA,NA,NA,NA,NA,NA,FALSE,NA,FALSE,FALSE,NA
1760,1.12,NA,NA,NA,NA,NA,NA,NA,NA,NA,1.32,NA,0.69,1.51,NA,FALSE,NA,NA,NA,NA,NA,NA,NA,NA,NA,FALSE,NA,FALSE,FALSE,NA
1761,0.88,NA,NA,NA,NA,NA,NA,NA,NA,NA,0.79,NA,1.17,1.42,NA,FALSE,NA,NA,NA,NA,NA,NA,NA,NA,NA,FALSE,NA,FALSE,FALSE,NA
1762,0.67,NA,NA,NA,NA,NA,NA,NA,NA,NA,0.95,NA,1.03,1.11,NA,FALSE,NA,NA,NA,NA,NA,NA,NA,NA,NA,FALSE,NA,FALSE,FALSE,NA
1763,0.62,NA,NA,NA,NA,NA,NA,NA,NA,NA,1.16,NA,1.29,1.28,NA,FALSE,NA,NA,NA,NA,NA,NA,NA,NA,NA,FALSE,NA,FALSE,FALSE,NA
1764,0.72,NA,NA,NA,NA,NA,NA,NA,NA,NA,1.52,NA,1.13,1.19,NA,FALSE,NA,NA,NA,NA,NA,NA,NA,NA,NA,FALSE,NA,FALSE,FALSE,NA
1765,0.64,NA,NA,NA,NA,NA,NA,NA,NA,NA,0.85,NA,1.06,0.8,NA,FALSE,NA,NA,NA,NA,NA,NA,NA,NA,NA,FALSE,NA,FALSE,FALSE,NA
1766,0.65,NA,NA,NA,NA,NA,NA,NA,NA,NA,0.78,NA,1.03,0.86,NA,FALSE,NA,NA,NA,NA,NA,NA,NA,NA,NA,FALSE,NA,FALSE,FALSE,NA
1767,0.53,NA,NA,NA,NA,NA,NA,NA,NA,NA,1.55,1.03,0.92,0.65,NA,FALSE,NA,NA,NA,NA,NA,NA,NA,NA,NA,FALSE,FALSE,FALSE,FALSE,NA
1768,0.6,NA,NA,NA,NA,NA,NA,NA,NA,NA,1.31,1.04,0.75,0.62,NA,FALSE,NA,NA,NA,NA,NA,NA,NA,NA,NA,FALSE,FALSE,FALSE,FALSE,NA
1769,0.77,NA,NA,NA,NA,NA,NA,NA,NA,NA,1.13,0.98,0.75,0.53,NA,FALSE,NA,NA,NA,NA,NA,NA,NA,NA,NA,FALSE,FALSE,FALSE,FALSE,NA
1770,1.25,NA,NA,NA,NA,NA,NA,NA,NA,NA,1.52,1.3,0.92,0.78,NA,FALSE,NA,NA,NA,NA,NA,NA,NA,NA,NA,FALSE,FALSE,FALSE,FALSE,NA
1771,1.04,NA,NA,NA,NA,NA,NA,NA,NA,NA,1.4,1.52,0.98,0.71,NA,FALSE,NA,NA,NA,NA,NA,NA,NA,NA,NA,FALSE,FALSE,FALSE,FALSE,NA
1772,1.06,NA,NA,NA,NA,NA,NA,NA,NA,NA,1.25,1.39,1.13,1.01,NA,FALSE,NA,NA,NA,NA,NA,NA,NA,NA,NA,FALSE,FALSE,FALSE,FALSE,NA
1773,0.81,NA,NA,NA,NA,NA,NA,NA,NA,NA,0.61,0.61,0.91,0.91,NA,FALSE,NA,NA,NA,NA,NA,NA,NA,NA,NA,FALSE,FALSE,FALSE,FALSE,NA
1774,0.96,NA,NA,NA,NA,NA,NA,NA,NA,NA,0.78,0.91,0.78,0.85,NA,FALSE,NA,NA,NA,NA,NA,NA,NA,NA,NA,FALSE,FALSE,FALSE,FALSE,NA
1775,0.76,NA,NA,NA,NA,NA,NA,NA,NA,NA,0.75,0.42,0.54,0.51,NA,FALSE,NA,NA,NA,NA,NA,NA,NA,NA,NA,FALSE,FALSE,FALSE,FALSE,NA
1776,1.42,NA,NA,NA,NA,2.12,NA,NA,NA,NA,1.99,0.82,0.92,1.01,NA,FALSE,NA,NA,NA,NA,FALSE,NA,NA,NA,NA,FALSE,FALSE,FALSE,FALSE,NA
1777,1.23,NA,NA,NA,NA,2.02,NA,2.91,NA,NA,1.7,0.76,0.83,0.8,NA,FALSE,NA,NA,NA,NA,FALSE,NA,TRUE,NA,NA,FALSE,FALSE,FALSE,FALSE,NA
1778,1.12,NA,NA,NA,NA,1.39,NA,1.88,NA,NA,1.37,0.74,1.05,0.92,NA,FALSE,NA,NA,NA,NA,FALSE,NA,FALSE,NA,NA,FALSE,FALSE,FALSE,FALSE,NA
1779,1.12,NA,NA,NA,NA,1.06,NA,1.69,NA,NA,0.79,0.59,1.06,0.77,NA,FALSE,NA,NA,NA,NA,FALSE,NA,FALSE,NA,NA,FALSE,FALSE,FALSE,FALSE,NA
1780,1.42,NA,NA,NA,NA,1.33,NA,1.83,NA,NA,1.4,0.92,1.08,1.24,NA,FALSE,NA,NA,NA,NA,FALSE,NA,FALSE,NA,NA,FALSE,FALSE,FALSE,FALSE,NA
1781,1.05,NA,NA,NA,NA,0.95,NA,1.31,NA,NA,0.41,0.5,1.05,0.77,NA,FALSE,NA,NA,NA,NA,FALSE,NA,FALSE,NA,NA,FALSE,FALSE,FALSE,FALSE,NA
1782,1.19,NA,NA,NA,NA,1.22,NA,1.65,NA,NA,0.75,0.88,1.43,0.95,NA,FALSE,NA,NA,NA,NA,FALSE,NA,FALSE,NA,NA,FALSE,FALSE,FALSE,FALSE,NA
1783,1.25,NA,NA,NA,NA,1.57,NA,2.04,NA,NA,1.1,1.04,1.38,1.25,NA,FALSE,NA,NA,NA,NA,FALSE,NA,FALSE,NA,NA,FALSE,FALSE,FALSE,FALSE,NA
1784,1.2,NA,NA,NA,NA,1.79,NA,1.86,NA,NA,1.17,1.1,1.48,1.49,NA,FALSE,NA,NA,NA,NA,FALSE,NA,FALSE,NA,NA,FALSE,FALSE,TRUE,FALSE,NA
1785,0.88,NA,NA,2.49,NA,1.4,NA,1.43,NA,NA,0.53,0.47,1.14,0.77,NA,FALSE,NA,NA,FALSE,NA,FALSE,NA,FALSE,NA,NA,FALSE,FALSE,FALSE,FALSE,NA
1786,0.92,NA,NA,2.49,NA,1.64,NA,1.44,NA,NA,0.69,0.55,1.14,0.8,NA,FALSE,NA,NA,FALSE,NA,FALSE,NA,FALSE,NA,NA,FALSE,FALSE,FALSE,FALSE,NA
1787,0.58,NA,NA,1.18,NA,1.26,NA,1.31,NA,NA,0.6,0.5,0.66,0.48,NA,FALSE,NA,NA,FALSE,NA,FALSE,NA,FALSE,NA,NA,FALSE,FALSE,FALSE,FALSE,NA
1788,0.69,NA,NA,1.42,NA,1.78,NA,1.32,NA,NA,1.04,0.66,0.78,0.55,NA,FALSE,NA,NA,FALSE,NA,FALSE,NA,FALSE,NA,NA,FALSE,FALSE,FALSE,FALSE,NA
1789,0.47,NA,NA,1.43,NA,1.57,NA,1.23,NA,NA,0.56,0.37,0.8,0.59,NA,FALSE,NA,NA,FALSE,NA,FALSE,NA,FALSE,NA,NA,FALSE,FALSE,FALSE,FALSE,NA
1790,0.61,NA,NA,1.33,NA,1.44,NA,0.81,NA,0.72,0.66,0.36,1.01,0.64,NA,FALSE,NA,NA,FALSE,NA,FALSE,NA,FALSE,NA,FALSE,FALSE,FALSE,FALSE,FALSE,NA
1791,0.96,NA,NA,2.23,NA,2.4,NA,1.16,NA,0.56,1.53,0.72,0.91,0.77,NA,FALSE,NA,NA,FALSE,NA,TRUE,NA,FALSE,NA,FALSE,FALSE,FALSE,FALSE,FALSE,NA
1792,1.12,NA,NA,1.94,NA,2.14,NA,1.19,NA,1.09,1.75,0.98,0.45,1.48,2.44,FALSE,NA,NA,FALSE,NA,FALSE,NA,FALSE,NA,FALSE,FALSE,FALSE,FALSE,FALSE,TRUE
1793,1.01,NA,NA,2.2,NA,2.2,NA,1.23,NA,1.77,1.66,0.96,1.18,0.94,1.95,FALSE,NA,NA,FALSE,NA,FALSE,NA,FALSE,NA,FALSE,FALSE,FALSE,FALSE,FALSE,FALSE
1794,1.24,NA,NA,2.02,NA,2.27,NA,1.63,NA,1.59,1.43,1.2,0.95,1.18,1.76,FALSE,NA,NA,FALSE,NA,TRUE,NA,FALSE,NA,FALSE,FALSE,FALSE,FALSE,FALSE,FALSE
1795,1.21,NA,1.62,1.27,NA,1.71,1.49,1.39,NA,2.25,1.48,1.14,0.88,0.86,1.72,FALSE,NA,FALSE,FALSE,NA,FALSE,FALSE,FALSE,NA,FALSE,FALSE,FALSE,FALSE,FALSE,FALSE
1796,1.25,2.53,1.55,1.12,NA,1.82,1.34,1.96,NA,1.8,1.45,0.88,0.83,0.74,1.94,FALSE,FALSE,FALSE,FALSE,NA,FALSE,FALSE,FALSE,NA,FALSE,FALSE,FALSE,FALSE,FALSE,FALSE
1797,1.25,1.88,1.9,1.03,1.96,1.43,0.99,1.17,1.44,1.86,1.39,0.84,0.85,0.99,2.03,FALSE,FALSE,FALSE,FALSE,FALSE,FALSE,FALSE,FALSE,FALSE,FALSE,FALSE,FALSE,FALSE,FALSE,FALSE
1798,1.36,2.13,1.21,1.31,1.57,1.58,1.18,1.66,2.04,1.96,1.49,1.11,1.12,0.89,2.9,FALSE,FALSE,FALSE,FALSE,FALSE,FALSE,FALSE,FALSE,FALSE,FALSE,FALSE,FALSE,FALSE,FALSE,TRUE
1799,1.19,2.07,1.23,1.59,1.96,1.71,1.66,1.81,2.01,2.06,1.55,1,1.03,0.7,3.62,FALSE,FALSE,FALSE,FALSE,FALSE,FALSE,FALSE,FALSE,FALSE,FALSE,FALSE,FALSE,FALSE,FALSE,TRUE
1800,1.14,2.15,1.63,2.43,2.52,2.01,2.25,2.21,2.34,2.62,1.65,1.15,1.07,0.86,3.55,FALSE,FALSE,FALSE,FALSE,FALSE,FALSE,TRUE,FALSE,FALSE,FALSE,FALSE,FALSE,FALSE,FALSE,TRUE
1801,1,1.99,0.91,1.49,1.67,1.25,0.87,1.48,1.25,1.88,1.17,0.88,0.7,0.53,1.48,FALSE,FALSE,FALSE,FALSE,FALSE,FALSE,FALSE,FALSE,FALSE,FALSE,FALSE,FALSE,FALSE,FALSE,FALSE
1802,0.96,2.42,1.21,1.64,2.3,1.73,1.48,1.1,1.6,2.24,1.17,0.73,0.57,0.57,1.39,FALSE,FALSE,FALSE,FALSE,FALSE,FALSE,FALSE,FALSE,FALSE,FALSE,FALSE,FALSE,FALSE,FALSE,FALSE
1803,1.28,2.12,1.12,1.89,2.93,2.26,1.82,1.68,1.97,2.39,1.21,0.81,0.44,0.81,1.24,FALSE,FALSE,FALSE,FALSE,FALSE,FALSE,FALSE,FALSE,FALSE,FALSE,FALSE,FALSE,FALSE,FALSE,FALSE
1804,1.44,2.05,1.15,1.97,2.95,2.04,1.97,1.48,2.57,2.64,1.42,0.83,1.02,0.67,1.54,FALSE,FALSE,FALSE,FALSE,FALSE,FALSE,FALSE,FALSE,TRUE,FALSE,FALSE,FALSE,FALSE,FALSE,FALSE
1805,1.36,1.89,1.35,1.83,2.58,1.96,1.75,1.45,2.47,2.54,1.38,1.13,1.21,0.64,2.08,FALSE,FALSE,FALSE,FALSE,FALSE,FALSE,FALSE,FALSE,FALSE,FALSE,FALSE,FALSE,FALSE,FALSE,FALSE
1806,0.94,1.41,1.14,1.39,1.55,1.51,0.49,0.65,1.32,1.75,0.63,0.77,0.87,0.45,1.32,FALSE,FALSE,FALSE,FALSE,FALSE,FALSE,FALSE,FALSE,FALSE,FALSE,FALSE,FALSE,FALSE,FALSE,FALSE
1807,0.98,1.39,1.59,1.26,1.98,1.97,1.26,0.98,1.41,2.12,1.19,0.85,0.81,0.38,1.39,FALSE,FALSE,FALSE,FALSE,FALSE,FALSE,FALSE,FALSE,FALSE,FALSE,FALSE,FALSE,FALSE,FALSE,FALSE
1808,0.81,1.01,1.17,1.07,1.58,1.41,0.5,1.01,1.27,1.56,0.85,0.73,0.75,0.27,1.02,FALSE,FALSE,FALSE,FALSE,FALSE,FALSE,FALSE,FALSE,FALSE,FALSE,FALSE,FALSE,FALSE,FALSE,FALSE
1809,1.02,1.44,1.78,1.71,1.95,1.13,1.1,1.12,1.61,2.36,1.64,0.91,1.12,0.45,1.76,FALSE,FALSE,FALSE,FALSE,FALSE,FALSE,FALSE,FALSE,FALSE,FALSE,FALSE,FALSE,FALSE,FALSE,FALSE
1810,0.42,0.26,0.61,0.66,0.76,0.84,0.15,0.44,0.5,0.56,1.06,0.13,0.26,0.12,0.49,FALSE,FALSE,FALSE,FALSE,FALSE,FALSE,FALSE,FALSE,FALSE,FALSE,FALSE,FALSE,FALSE,FALSE,FALSE
1811,0.77,0.96,1.18,1.12,1.43,1.09,0.43,0.87,0.89,1.43,1.01,0.25,0.46,0.39,1.04,FALSE,FALSE,FALSE,FALSE,FALSE,FALSE,FALSE,FALSE,FALSE,FALSE,FALSE,FALSE,FALSE,FALSE,FALSE
1812,0.85,1.51,1.72,1.25,1.93,1.27,1.63,0.92,1.4,2.83,1.35,0.67,0.59,0.53,1.31,FALSE,FALSE,FALSE,FALSE,FALSE,FALSE,FALSE,FALSE,FALSE,FALSE,FALSE,FALSE,FALSE,FALSE,FALSE
1813,0.88,1.31,1.61,1.26,2.02,1.32,1.48,1.13,1.55,2.21,1.67,0.69,0.81,0.35,1.15,FALSE,FALSE,FALSE,FALSE,FALSE,FALSE,FALSE,FALSE,FALSE,FALSE,FALSE,FALSE,FALSE,FALSE,FALSE
1814,0.93,1.72,1.54,1.65,2.8,1.43,2.15,1.56,2.55,3.09,2.32,0.97,0.94,0.36,1.51,FALSE,FALSE,FALSE,FALSE,FALSE,FALSE,FALSE,FALSE,TRUE,FALSE,FALSE,FALSE,FALSE,FALSE,FALSE
1815,0.97,1.43,0.9,1.27,2.42,1.22,1.75,1.61,2,2.34,1.9,1,0.77,0.3,0.92,FALSE,FALSE,FALSE,FALSE,FALSE,FALSE,FALSE,FALSE,FALSE,FALSE,FALSE,FALSE,FALSE,FALSE,FALSE
1816,1,1.29,1.92,1.48,2.53,1.36,1.59,1.9,2.51,2.62,2.57,1.09,0.85,0.65,1.61,FALSE,FALSE,FALSE,FALSE,FALSE,FALSE,FALSE,FALSE,TRUE,FALSE,FALSE,FALSE,FALSE,FALSE,FALSE
1817,0.94,1.64,1.95,1.75,2.26,1.44,1.76,1.3,2.44,2.8,3.04,1.06,0.86,0.51,1.5,FALSE,FALSE,FALSE,FALSE,FALSE,FALSE,FALSE,FALSE,FALSE,FALSE,TRUE,FALSE,FALSE,FALSE,FALSE
1818,0.69,1.36,1.49,1.83,1.98,1.08,1.49,1.54,1.89,2.09,1.77,1.08,0.74,0.35,1.2,FALSE,FALSE,FALSE,FALSE,FALSE,FALSE,FALSE,FALSE,FALSE,FALSE,FALSE,FALSE,FALSE,FALSE,FALSE
1819,0.73,1.03,0.72,1.66,1.93,0.92,1.39,1.46,1.5,1.74,1.36,0.99,0.55,0.21,1.3,FALSE,FALSE,FALSE,FALSE,FALSE,FALSE,FALSE,FALSE,FALSE,FALSE,FALSE,FALSE,FALSE,FALSE,FALSE
1820,0.21,0.29,0.54,1.11,0.83,0.31,0.24,0.49,0.58,0.69,0.29,0.27,0.19,0.1,0.61,FALSE,FALSE,FALSE,FALSE,FALSE,FALSE,FALSE,FALSE,FALSE,FALSE,FALSE,FALSE,FALSE,FALSE,FALSE
1821,0.72,1.57,2.67,1.18,2.37,0.75,1.12,0.82,1.41,2.03,1.74,0.79,0.59,0.61,1.41,FALSE,FALSE,TRUE,FALSE,FALSE,FALSE,FALSE,FALSE,FALSE,FALSE,FALSE,FALSE,FALSE,FALSE,FALSE
1822,0.93,1.31,2.26,1.42,2.57,1.05,1.85,1.87,1.6,2.54,2.04,0.9,0.72,0.45,1.57,FALSE,FALSE,TRUE,FALSE,FALSE,FALSE,FALSE,FALSE,FALSE,FALSE,FALSE,FALSE,FALSE,FALSE,FALSE
1823,0.86,0.74,1.33,1.33,2.1,0.93,1.25,1.25,1.77,1.49,1.15,1,0.48,0.44,0.94,FALSE,FALSE,FALSE,FALSE,FALSE,FALSE,FALSE,FALSE,FALSE,FALSE,FALSE,FALSE,FALSE,FALSE,FALSE
1824,0.93,0.8,1.59,1.46,2.1,0.81,0.49,1.59,1.85,2.01,1.48,0.89,0.72,0.38,1.09,FALSE,FALSE,FALSE,FALSE,FALSE,FALSE,FALSE,FALSE,FALSE,FALSE,FALSE,FALSE,FALSE,FALSE,FALSE
1825,0.95,0.98,1.41,1.92,2.72,1.05,1.87,1.79,2.45,2.66,2.47,1.46,0.71,0.61,0.94,FALSE,FALSE,FALSE,FALSE,FALSE,FALSE,FALSE,FALSE,FALSE,FALSE,FALSE,FALSE,FALSE,FALSE,FALSE
1826,0.83,0.79,1.39,1.79,2.18,0.92,1.91,1.17,2.02,2.07,1.4,1.32,0.79,0.58,0.13,FALSE,FALSE,FALSE,FALSE,FALSE,FALSE,FALSE,FALSE,FALSE,FALSE,FALSE,FALSE,FALSE,FALSE,FALSE
1827,0.87,0.66,1.48,1.53,1.99,0.17,1.5,1.32,1.93,2.12,1.62,1.38,0.66,0.74,0.69,FALSE,FALSE,FALSE,FALSE,FALSE,FALSE,FALSE,FALSE,FALSE,FALSE,FALSE,FALSE,FALSE,FALSE,FALSE
1828,0.83,0.99,1.63,1.53,2.95,0.73,1.49,1.66,2.06,2.48,1.52,1.73,0.75,0.99,0.8,FALSE,FALSE,FALSE,FALSE,FALSE,FALSE,FALSE,FALSE,FALSE,FALSE,FALSE,FALSE,FALSE,FALSE,FALSE
1829,0.81,0.89,1.3,1.54,1.99,1.11,1.43,1.41,1.49,2.44,1.38,1.45,0.77,0.88,1.16,FALSE,FALSE,FALSE,FALSE,FALSE,FALSE,FALSE,FALSE,FALSE,FALSE,FALSE,FALSE,FALSE,FALSE,FALSE
1830,0.68,0.79,1.15,1.62,2.09,0.66,1.25,0.93,1.16,2.1,1.36,1.48,0.51,0.72,1.26,FALSE,FALSE,FALSE,FALSE,FALSE,FALSE,FALSE,FALSE,FALSE,FALSE,FALSE,FALSE,FALSE,FALSE,FALSE
1831,0.81,0.69,1.26,1.71,2.06,0.98,0.65,1.12,1.47,1.7,1.56,1.25,0.68,0.79,1.26,FALSE,FALSE,FALSE,FALSE,FALSE,FALSE,FALSE,FALSE,FALSE,FALSE,FALSE,FALSE,FALSE,FALSE,FALSE
1832,0.68,0.81,0.94,1.48,2.06,1.13,0.76,1.06,1.33,1.69,1.46,1.19,0.55,0.54,1.27,FALSE,FALSE,FALSE,FALSE,FALSE,FALSE,FALSE,FALSE,FALSE,FALSE,FALSE,FALSE,FALSE,FALSE,FALSE
1833,0.77,0.99,1.01,1.77,2.07,0.98,0.95,1.52,1.47,2.31,1.78,1.27,0.7,0.73,1.08,FALSE,FALSE,FALSE,FALSE,FALSE,FALSE,FALSE,FALSE,FALSE,FALSE,FALSE,FALSE,FALSE,FALSE,FALSE
1834,0.67,1.03,1.03,1.88,2.8,1.1,1.08,1.65,1.65,1.61,1.57,1.58,0.81,0.68,1.29,FALSE,FALSE,FALSE,FALSE,FALSE,FALSE,FALSE,FALSE,FALSE,FALSE,FALSE,FALSE,FALSE,FALSE,FALSE
1835,0.56,0.87,1.1,1.81,1.95,0.95,0.92,1.15,1.39,1.74,1.47,1.14,0.74,0.65,1.04,FALSE,FALSE,FALSE,FALSE,FALSE,FALSE,FALSE,FALSE,FALSE,FALSE,FALSE,FALSE,FALSE,FALSE,FALSE
1836,0.6,0.88,1.11,1.91,2.03,1.15,0.91,1.16,1.44,2.11,1.89,1.3,0.61,0.55,0.94,FALSE,FALSE,FALSE,FALSE,FALSE,FALSE,FALSE,FALSE,FALSE,FALSE,FALSE,FALSE,FALSE,FALSE,FALSE
1837,0.74,0.82,1.07,1.65,1.56,1.27,0.75,1,1.31,1.89,1.57,1.23,0.58,0.72,0.94,FALSE,FALSE,FALSE,FALSE,FALSE,FALSE,FALSE,FALSE,FALSE,FALSE,FALSE,FALSE,FALSE,FALSE,FALSE
1838,0.7,0.72,0.89,1.66,1.6,1.18,0.42,1,0.99,2.06,1.26,1.31,0.49,0.73,1.11,FALSE,FALSE,FALSE,FALSE,FALSE,FALSE,FALSE,FALSE,FALSE,FALSE,FALSE,FALSE,FALSE,FALSE,FALSE
1839,0.71,0.88,0.81,2.05,2.26,1.26,0.87,1.02,1.4,1.9,1.39,1.42,0.73,0.77,1.23,FALSE,FALSE,FALSE,FALSE,FALSE,FALSE,FALSE,FALSE,FALSE,FALSE,FALSE,FALSE,FALSE,FALSE,FALSE
1840,0.49,0.53,0.69,1.38,1.73,1.54,0.42,0.69,0.87,1.04,0.78,0.69,0.78,0.5,0.96,FALSE,FALSE,FALSE,FALSE,FALSE,FALSE,FALSE,FALSE,FALSE,FALSE,FALSE,FALSE,FALSE,FALSE,FALSE
1841,0.29,0.41,0.63,1.25,1.83,1.12,0.1,0.26,0.16,0.53,0.25,0.54,0.32,0.24,0.99,FALSE,FALSE,FALSE,FALSE,FALSE,FALSE,FALSE,FALSE,FALSE,FALSE,FALSE,FALSE,FALSE,FALSE,FALSE
1842,0.42,1.15,1.09,1.55,1.47,1.21,0.37,0.8,0.48,1.31,1.3,1.02,0.91,0.65,1.08,FALSE,FALSE,FALSE,FALSE,FALSE,FALSE,FALSE,FALSE,FALSE,FALSE,FALSE,FALSE,FALSE,FALSE,FALSE
1843,0.59,1.21,0.64,1.55,1.76,1.03,0.38,0.96,0.99,1.51,1.42,1.11,0.96,0.64,1.04,FALSE,FALSE,FALSE,FALSE,FALSE,FALSE,FALSE,FALSE,FALSE,FALSE,FALSE,FALSE,FALSE,FALSE,FALSE
1844,0.53,0.98,0.96,1.67,1.31,0.94,0.51,1.17,0.75,1.68,1.11,1.21,0.9,0.81,1.05,FALSE,FALSE,FALSE,FALSE,FALSE,FALSE,FALSE,FALSE,FALSE,FALSE,FALSE,FALSE,FALSE,FALSE,FALSE
1845,0.37,0.73,0.58,1.61,0.95,0.66,0.38,0.8,0.97,1.57,0.68,1.24,0.77,0.67,0.98,FALSE,FALSE,FALSE,FALSE,FALSE,FALSE,FALSE,FALSE,FALSE,FALSE,FALSE,FALSE,FALSE,FALSE,FALSE
1846,0.3,1.14,0.61,1.78,0.99,0.53,0.37,1.23,0.87,1.78,1.27,1.79,0.66,0.5,1.08,FALSE,FALSE,FALSE,FALSE,FALSE,FALSE,FALSE,FALSE,FALSE,FALSE,FALSE,FALSE,FALSE,FALSE,FALSE
1847,0.34,0.79,0.51,1.32,1.14,0.39,0.19,1.09,0.75,1.73,1.43,1.33,0.56,0.48,0.73,FALSE,FALSE,FALSE,FALSE,FALSE,FALSE,FALSE,FALSE,FALSE,FALSE,FALSE,FALSE,FALSE,FALSE,FALSE
1848,0.27,0.51,0.35,0.9,1.12,0.36,0.34,1.31,0.78,1.9,1.82,1.37,0.61,0.52,0.61,FALSE,FALSE,FALSE,FALSE,FALSE,FALSE,FALSE,FALSE,FALSE,FALSE,FALSE,FALSE,FALSE,FALSE,FALSE
1849,0.2,0.55,0.32,0.6,1.25,0.39,0.3,0.93,1.16,1.84,1.34,1.16,0.47,0.46,0.49,FALSE,FALSE,FALSE,FALSE,FALSE,FALSE,FALSE,FALSE,FALSE,FALSE,FALSE,FALSE,FALSE,FALSE,FALSE
1850,0.25,0.64,0.68,0.86,1.39,0.67,0.44,1.33,1.58,2.19,2.25,1.3,0.75,0.52,0.68,FALSE,FALSE,FALSE,FALSE,FALSE,FALSE,FALSE,FALSE,FALSE,FALSE,FALSE,FALSE,FALSE,FALSE,FALSE
1851,0.4,0.89,0.73,1.38,1.39,0.87,0.68,1.71,1.56,2.91,2.86,1.75,0.84,0.65,0.79,FALSE,FALSE,FALSE,FALSE,FALSE,FALSE,FALSE,FALSE,FALSE,FALSE,TRUE,FALSE,FALSE,FALSE,FALSE
1852,0.32,0.78,0.74,1.23,1.39,0.66,0.76,1.66,1.46,2.02,2.78,1.43,0.71,0.49,0.57,FALSE,FALSE,FALSE,FALSE,FALSE,FALSE,FALSE,FALSE,FALSE,FALSE,TRUE,FALSE,FALSE,FALSE,FALSE
1853,0.32,0.77,0.72,1.58,1.31,0.9,0.62,2.15,1.09,2.25,2.3,1.48,0.86,1.22,0.97,FALSE,FALSE,FALSE,FALSE,FALSE,FALSE,FALSE,FALSE,FALSE,FALSE,FALSE,FALSE,FALSE,FALSE,FALSE
1854,0.27,0.63,0.57,1.3,1.05,0.84,0.35,1.83,0.93,2.36,1.59,1.5,0.37,1.37,0.59,FALSE,FALSE,FALSE,FALSE,FALSE,FALSE,FALSE,FALSE,FALSE,FALSE,FALSE,FALSE,FALSE,FALSE,FALSE
1855,0.28,0.74,0.8,1.69,1.37,0.97,0.59,1.7,0.65,2.4,2.42,1.66,0.73,0.99,0.92,FALSE,FALSE,FALSE,FALSE,FALSE,FALSE,FALSE,FALSE,FALSE,FALSE,FALSE,FALSE,FALSE,FALSE,FALSE
1856,0.21,0.6,0.52,0.98,1.23,0.93,0.36,0.75,0.95,1.83,1.52,1.37,0.49,0.56,0.65,FALSE,FALSE,FALSE,FALSE,FALSE,FALSE,FALSE,FALSE,FALSE,FALSE,FALSE,FALSE,FALSE,FALSE,FALSE
1857,0.21,0.78,0.82,1.3,1.74,1.27,0.7,1.11,0.98,2.48,2.08,1.59,0.91,0.84,0.86,FALSE,FALSE,FALSE,FALSE,FALSE,FALSE,FALSE,FALSE,FALSE,FALSE,FALSE,FALSE,FALSE,FALSE,FALSE
1858,0.27,0.77,0.87,1.35,1.63,1.09,0.67,1.04,0.81,2.07,1.37,1.71,1.02,0.74,0.83,FALSE,FALSE,FALSE,FALSE,FALSE,FALSE,FALSE,FALSE,FALSE,FALSE,FALSE,FALSE,FALSE,FALSE,FALSE
1859,0.18,0.68,0.78,1.08,1.6,0.94,0.54,0.89,0.9,2.04,1.57,2,0.98,0.58,0.92,FALSE,FALSE,FALSE,FALSE,FALSE,FALSE,FALSE,FALSE,FALSE,FALSE,FALSE,FALSE,FALSE,FALSE,FALSE
1860,0.37,0.85,0.52,0.94,1.64,0.8,0.46,0.95,0.78,1.66,1.2,1.58,0.9,0.43,0.75,FALSE,FALSE,FALSE,FALSE,FALSE,FALSE,FALSE,FALSE,FALSE,FALSE,FALSE,FALSE,FALSE,FALSE,FALSE
1861,0.2,0.82,0.27,0.83,1.23,0.87,0.43,0.57,0.66,1.99,0.89,1.75,1.09,0.48,0.87,FALSE,FALSE,FALSE,FALSE,FALSE,FALSE,FALSE,FALSE,FALSE,FALSE,FALSE,FALSE,FALSE,FALSE,FALSE
1862,0.16,0.39,0.13,0.36,1.07,0.65,0.26,0.7,0.46,1.51,0.82,1.14,0.59,0.34,0.38,FALSE,FALSE,FALSE,FALSE,FALSE,FALSE,FALSE,FALSE,FALSE,FALSE,FALSE,FALSE,FALSE,FALSE,FALSE
1863,0.28,0.78,0.5,0.74,1.13,0.9,0.57,0.99,0.52,2,1.47,1.54,0.87,0.61,0.67,FALSE,FALSE,FALSE,FALSE,FALSE,FALSE,FALSE,FALSE,FALSE,FALSE,FALSE,FALSE,FALSE,FALSE,FALSE
1864,0.18,0.55,0.31,0.68,0.66,0.68,0.38,0.71,0.53,1.52,0.76,1.24,0.82,0.43,0.49,FALSE,FALSE,FALSE,FALSE,FALSE,FALSE,FALSE,FALSE,FALSE,FALSE,FALSE,FALSE,FALSE,FALSE,FALSE
1865,0.2,0.61,0.56,1.25,0.85,0.65,0.45,0.74,0.53,1.69,0.96,1.43,0.97,0.43,0.5,FALSE,FALSE,FALSE,FALSE,FALSE,FALSE,FALSE,FALSE,FALSE,FALSE,FALSE,FALSE,FALSE,FALSE,FALSE
1866,0.16,0.53,0.37,0.71,0.71,0.43,0.37,0.74,0.32,1.35,0.58,1.03,0.24,0.33,0.15,FALSE,FALSE,FALSE,FALSE,FALSE,FALSE,FALSE,FALSE,FALSE,FALSE,FALSE,FALSE,FALSE,FALSE,FALSE
1867,0.18,0.63,0.37,0.92,0.74,0.52,0.44,0.85,0.4,1.49,0.72,1.44,0.51,0.45,0.37,FALSE,FALSE,FALSE,FALSE,FALSE,FALSE,FALSE,FALSE,FALSE,FALSE,FALSE,FALSE,FALSE,FALSE,FALSE
1868,0.25,0.72,0.56,0.79,0.92,0.76,0.5,0.71,0.47,1.41,1.25,1.42,0.68,0.53,0.36,FALSE,FALSE,FALSE,FALSE,FALSE,FALSE,FALSE,FALSE,FALSE,FALSE,FALSE,FALSE,FALSE,FALSE,FALSE
1869,0.24,0.54,1.12,1.1,0.97,0.6,0.56,0.71,0.36,1.07,1.55,1.59,0.65,0.57,0.5,FALSE,FALSE,FALSE,FALSE,FALSE,FALSE,FALSE,FALSE,FALSE,FALSE,FALSE,FALSE,FALSE,FALSE,FALSE
1870,0.27,0.31,1.14,1.26,0.69,0.52,0.39,0.66,0.39,1.06,1.28,1.31,0.88,0.57,0.57,FALSE,FALSE,FALSE,FALSE,FALSE,FALSE,FALSE,FALSE,FALSE,FALSE,FALSE,FALSE,FALSE,FALSE,FALSE
1871,0.22,0.4,0.73,1.2,0.6,0.48,0.48,0.67,0.41,0.95,0.9,1.59,0.4,0.53,0.66,FALSE,FALSE,FALSE,FALSE,FALSE,FALSE,FALSE,FALSE,FALSE,FALSE,FALSE,FALSE,FALSE,FALSE,FALSE
1872,0.25,0.53,1.03,1.28,0.77,0.84,0.66,0.75,0.52,1,0.82,1.77,1.11,0.58,0.77,FALSE,FALSE,FALSE,FALSE,FALSE,FALSE,FALSE,FALSE,FALSE,FALSE,FALSE,FALSE,FALSE,FALSE,FALSE
1873,0.25,0.7,0.4,0.51,0.62,0.82,0.3,0.84,0.72,1.07,0.49,1.57,1.06,0.49,0.79,FALSE,FALSE,FALSE,FALSE,FALSE,FALSE,FALSE,FALSE,FALSE,FALSE,FALSE,FALSE,FALSE,FALSE,FALSE
1874,0.39,0.97,0.74,0.48,1.4,0.92,0.65,0.94,0.73,1.31,1.25,1.7,0.89,0.72,0.98,FALSE,FALSE,FALSE,FALSE,FALSE,FALSE,FALSE,FALSE,FALSE,FALSE,FALSE,FALSE,FALSE,FALSE,FALSE
1875,0.24,0.59,0.6,0.61,1.21,0.58,0.27,0.71,0.52,1.33,0.81,1.15,0.63,0.6,0.36,FALSE,FALSE,FALSE,FALSE,FALSE,FALSE,FALSE,FALSE,FALSE,FALSE,FALSE,FALSE,FALSE,FALSE,FALSE
1876,0.14,0.39,0.35,0.64,0.81,0.5,0.25,0.78,0.37,1,0.52,1,0.77,0.43,0.37,FALSE,FALSE,FALSE,FALSE,FALSE,FALSE,FALSE,FALSE,FALSE,FALSE,FALSE,FALSE,FALSE,FALSE,FALSE
1877,0.17,0.51,0.37,0.78,0.83,0.45,0.26,0.83,0.53,0.98,0.99,1.47,0.75,0.44,0.4,FALSE,FALSE,FALSE,FALSE,FALSE,FALSE,FALSE,FALSE,FALSE,FALSE,FALSE,FALSE,FALSE,FALSE,FALSE
1878,0.17,0.43,0.31,0.61,0.78,0.44,0.29,0.65,0.39,0.77,0.8,1.48,0.54,0.58,0.46,FALSE,FALSE,FALSE,FALSE,FALSE,FALSE,FALSE,FALSE,FALSE,FALSE,FALSE,FALSE,FALSE,FALSE,FALSE
1879,0.19,0.31,0.32,0.74,1.05,0.53,0.21,0.82,0.32,0.73,0.56,1.57,0.67,0.48,0.49,FALSE,FALSE,FALSE,FALSE,FALSE,FALSE,FALSE,FALSE,FALSE,FALSE,FALSE,FALSE,FALSE,FALSE,FALSE
1880,0.13,0.18,0.27,0.61,0.71,0.47,0.09,0.47,0.38,0.45,0.09,0.74,0.46,0.27,0.32,FALSE,FALSE,FALSE,FALSE,FALSE,FALSE,FALSE,FALSE,FALSE,FALSE,FALSE,FALSE,FALSE,FALSE,FALSE
1881,0.46,0.71,0.51,0.77,1.11,0.87,0.37,0.86,0.52,1.28,0.46,1.23,0.62,0.64,0.66,FALSE,FALSE,FALSE,FALSE,FALSE,FALSE,FALSE,FALSE,FALSE,FALSE,FALSE,FALSE,FALSE,FALSE,FALSE
1882,0.36,0.74,0.6,0.63,0.84,0.71,0.28,0.72,0.46,1.28,0.6,1.39,0.6,0.45,0.55,FALSE,FALSE,FALSE,FALSE,FALSE,FALSE,FALSE,FALSE,FALSE,FALSE,FALSE,FALSE,FALSE,FALSE,FALSE
1883,0.2,0.59,0.35,0.51,0.71,0.51,0.31,0.5,0.27,1.1,1.05,1.05,0.57,0.45,0.42,FALSE,FALSE,FALSE,FALSE,FALSE,FALSE,FALSE,FALSE,FALSE,FALSE,FALSE,FALSE,FALSE,FALSE,FALSE
1884,0.25,0.68,0.42,0.71,0.81,0.64,0.38,0.72,0.41,1.3,0.73,1.36,0.96,0.77,0.7,FALSE,FALSE,FALSE,FALSE,FALSE,FALSE,FALSE,FALSE,FALSE,FALSE,FALSE,FALSE,FALSE,FALSE,FALSE
1885,0.29,0.67,0.6,0.78,0.92,0.76,0.28,0.8,0.45,0.97,0.66,1.75,1.22,0.76,1.09,FALSE,FALSE,FALSE,FALSE,FALSE,FALSE,FALSE,FALSE,FALSE,FALSE,FALSE,FALSE,FALSE,FALSE,FALSE
1886,0.37,0.59,0.61,0.78,0.86,0.82,0.4,0.59,0.52,1.17,0.15,1.63,1.08,0.4,0.67,FALSE,FALSE,FALSE,FALSE,FALSE,FALSE,FALSE,FALSE,FALSE,FALSE,FALSE,FALSE,FALSE,FALSE,FALSE
1887,0.28,0.2,0.31,0.43,0.58,0.73,0.07,0.08,0.44,0.7,0.1,0.93,0.74,0.19,0.24,FALSE,FALSE,FALSE,FALSE,FALSE,FALSE,FALSE,FALSE,FALSE,FALSE,FALSE,FALSE,FALSE,FALSE,FALSE
1888,0.24,0.71,0.41,0.58,0.7,1.02,0.18,0.23,0.56,1.15,0.48,0.56,0.62,0.66,0.66,FALSE,FALSE,FALSE,FALSE,FALSE,FALSE,FALSE,FALSE,FALSE,FALSE,FALSE,FALSE,FALSE,FALSE,FALSE
1889,0.26,0.53,0.49,0.55,0.77,0.81,0.39,0.22,0.51,0.9,0.69,1.02,0.5,0.5,0.75,FALSE,FALSE,FALSE,FALSE,FALSE,FALSE,FALSE,FALSE,FALSE,FALSE,FALSE,FALSE,FALSE,FALSE,FALSE
1890,0.28,0.6,0.4,0.69,0.7,0.9,0.34,0.23,0.54,1.33,0.72,1.04,0.62,0.48,0.65,FALSE,FALSE,FALSE,FALSE,FALSE,FALSE,FALSE,FALSE,FALSE,FALSE,FALSE,FALSE,FALSE,FALSE,FALSE
1891,0.22,0.72,0.6,0.7,0.77,1.01,0.42,0.26,0.51,1.16,0.98,1.05,0.6,0.5,0.83,FALSE,FALSE,FALSE,FALSE,FALSE,FALSE,FALSE,FALSE,FALSE,FALSE,FALSE,FALSE,FALSE,FALSE,FALSE
1892,0.21,0.65,0.54,0.68,0.51,0.94,0.39,0.18,0.49,0.86,0.84,0.94,0.51,0.46,0.78,FALSE,FALSE,FALSE,FALSE,FALSE,FALSE,FALSE,FALSE,FALSE,FALSE,FALSE,FALSE,FALSE,FALSE,FALSE
1893,0.22,0.49,0.44,0.64,0.48,0.86,0.19,0.38,0.58,0.58,0.65,0.79,0.52,0.49,0.44,FALSE,FALSE,FALSE,FALSE,FALSE,FALSE,FALSE,FALSE,FALSE,FALSE,FALSE,FALSE,FALSE,FALSE,FALSE
1894,0.26,0.45,0.39,0.73,0.59,0.93,0.07,0.36,0.53,0.57,0.61,0.68,0.56,0.49,0.59,FALSE,FALSE,FALSE,FALSE,FALSE,FALSE,FALSE,FALSE,FALSE,FALSE,FALSE,FALSE,FALSE,FALSE,FALSE
1895,0.32,0.71,0.7,0.76,0.82,1.06,0.45,0.62,0.58,1.28,0.74,0.84,0.71,0.82,1.04,FALSE,FALSE,FALSE,FALSE,FALSE,FALSE,FALSE,FALSE,FALSE,FALSE,FALSE,FALSE,FALSE,FALSE,FALSE
1896,0.26,0.55,0.57,0.55,0.71,0.73,0.34,0.59,0.44,1.15,0.52,0.77,0.6,0.49,0.61,FALSE,FALSE,FALSE,FALSE,FALSE,FALSE,FALSE,FALSE,FALSE,FALSE,FALSE,FALSE,FALSE,FALSE,FALSE
1897,0.25,0.65,0.71,0.7,0.92,0.99,0.49,0.71,0.52,1.34,0.62,0.92,0.81,0.69,0.59,FALSE,FALSE,FALSE,FALSE,FALSE,FALSE,FALSE,FALSE,FALSE,FALSE,FALSE,FALSE,FALSE,FALSE,FALSE
1898,0.45,0.66,0.71,0.63,0.71,0.87,0.48,1.01,0.44,1.48,0.98,0.99,0.85,0.73,0.57,FALSE,FALSE,FALSE,FALSE,FALSE,FALSE,FALSE,FALSE,FALSE,FALSE,FALSE,FALSE,FALSE,FALSE,FALSE
1899,0.22,0.11,0.39,0.19,0.23,0.16,0.03,0.48,0.13,0.62,0.48,0.47,0.29,0.17,0.06,FALSE,FALSE,FALSE,FALSE,FALSE,FALSE,FALSE,FALSE,FALSE,FALSE,FALSE,FALSE,FALSE,FALSE,FALSE
1900,0.25,0.41,0.63,0.29,0.48,0.28,0.24,0.73,0.19,1.08,0.86,0.73,0.36,0.23,0.1,FALSE,FALSE,FALSE,FALSE,FALSE,FALSE,FALSE,FALSE,FALSE,FALSE,FALSE,FALSE,FALSE,FALSE,FALSE
1901,0.2,0.38,0.6,0.35,0.34,0.77,0.25,0.57,0.16,1.25,0.79,1.04,0.38,0.48,0.04,FALSE,FALSE,FALSE,FALSE,FALSE,FALSE,FALSE,FALSE,FALSE,FALSE,FALSE,FALSE,FALSE,FALSE,FALSE
1902,0.34,0.61,0.69,0.49,0.54,1.02,0.28,0.79,0.24,1.22,0.92,1.04,0.7,0.56,0.34,FALSE,FALSE,FALSE,FALSE,FALSE,FALSE,FALSE,FALSE,FALSE,FALSE,FALSE,FALSE,FALSE,FALSE,FALSE
1903,0.43,0.44,0.6,0.48,0.47,1,0.12,0.26,0.39,1.21,0.61,0.78,0.77,0.51,0.44,FALSE,FALSE,FALSE,FALSE,FALSE,FALSE,FALSE,FALSE,FALSE,FALSE,FALSE,FALSE,FALSE,FALSE,FALSE
1904,0.44,0.55,0.76,0.57,0.83,0.98,0.42,0.79,0.46,1.02,0.59,1.17,0.74,0.44,1.08,FALSE,FALSE,FALSE,FALSE,FALSE,FALSE,FALSE,FALSE,FALSE,FALSE,FALSE,FALSE,FALSE,FALSE,FALSE
1905,0.31,0.44,0.49,0.49,0.22,0.65,0.52,0.63,0.34,1.02,0.62,0.92,0.68,0.32,1.03,FALSE,FALSE,FALSE,FALSE,FALSE,FALSE,FALSE,FALSE,FALSE,FALSE,FALSE,FALSE,FALSE,FALSE,FALSE
1906,0.28,0.42,0.38,0.34,0.62,0.59,0.38,0.57,0.3,0.82,0.58,0.76,0.55,0.17,0.93,FALSE,FALSE,FALSE,FALSE,FALSE,FALSE,FALSE,FALSE,FALSE,FALSE,FALSE,FALSE,FALSE,FALSE,FALSE
1907,0.2,0.29,0.27,0.32,0.29,0.45,0.24,0.95,0.18,0.94,0.68,0.79,0.54,0.18,0.36,FALSE,FALSE,FALSE,FALSE,FALSE,FALSE,FALSE,FALSE,FALSE,FALSE,FALSE,FALSE,FALSE,FALSE,FALSE
1908,0.15,0.38,0.3,0.35,0.24,0.67,0.22,0.81,0.23,0.99,0.74,0.79,0.47,0.2,0.28,FALSE,FALSE,FALSE,FALSE,FALSE,FALSE,FALSE,FALSE,FALSE,FALSE,FALSE,FALSE,FALSE,FALSE,FALSE
1909,0.14,0.3,0.28,0.21,0.26,0.73,0.2,0.91,0.21,0.88,0.69,0.66,0.37,0.3,0.24,FALSE,FALSE,FALSE,FALSE,FALSE,FALSE,FALSE,FALSE,FALSE,FALSE,FALSE,FALSE,FALSE,FALSE,FALSE
1910,0.31,0.63,0.56,0.46,0.32,0.92,0.29,0.92,0.35,1.2,0.86,0.8,0.54,0.35,0.48,FALSE,FALSE,FALSE,FALSE,FALSE,FALSE,FALSE,FALSE,FALSE,FALSE,FALSE,FALSE,FALSE,FALSE,FALSE
1911,0.33,0.71,0.51,0.51,0.38,0.81,0.33,0.71,0.32,1.29,0.64,0.79,0.54,0.37,0.5,FALSE,FALSE,FALSE,FALSE,FALSE,FALSE,FALSE,FALSE,FALSE,FALSE,FALSE,FALSE,FALSE,FALSE,FALSE
1912,0.23,0.68,0.47,0.42,0.41,0.8,0.35,0.75,0.32,0.81,0.75,0.7,0.6,0.36,0.68,FALSE,FALSE,FALSE,FALSE,FALSE,FALSE,FALSE,FALSE,FALSE,FALSE,FALSE,FALSE,FALSE,FALSE,FALSE
1913,0.31,0.5,0.56,0.5,0.38,0.93,0.17,0.69,0.37,0.93,0.44,0.57,0.65,0.25,0.64,FALSE,FALSE,FALSE,FALSE,FALSE,FALSE,FALSE,FALSE,FALSE,FALSE,FALSE,FALSE,FALSE,FALSE,FALSE
1914,0.26,0.82,0.63,0.54,0.51,0.83,0.39,0.92,0.37,1.23,0.88,0.82,0.58,0.44,0.92,FALSE,FALSE,FALSE,FALSE,FALSE,FALSE,FALSE,FALSE,FALSE,FALSE,FALSE,FALSE,FALSE,FALSE,FALSE
1915,0.33,0.56,0.51,0.4,0.44,0.79,0.36,0.62,0.43,1.14,0.71,0.8,0.46,0.34,0.66,FALSE,FALSE,FALSE,FALSE,FALSE,FALSE,FALSE,FALSE,FALSE,FALSE,FALSE,FALSE,FALSE,FALSE,FALSE
1916,0.2,0.16,0.46,0.21,0.18,0.4,0.02,0.34,0.2,0.41,0.21,0.32,0.23,0.11,0.27,FALSE,FALSE,FALSE,FALSE,FALSE,FALSE,FALSE,FALSE,FALSE,FALSE,FALSE,FALSE,FALSE,FALSE,FALSE
1917,0.39,0.43,0.83,0.57,0.45,0.68,0.06,0.55,0.61,0.36,0.13,0.46,0.4,0.26,0.54,FALSE,FALSE,FALSE,FALSE,FALSE,FALSE,FALSE,FALSE,FALSE,FALSE,FALSE,FALSE,FALSE,FALSE,FALSE
1918,0.28,0.53,0.91,0.55,0.48,0.83,0.04,0.9,0.45,1.06,0.26,1.16,0.58,0.37,0.51,FALSE,FALSE,FALSE,FALSE,FALSE,FALSE,FALSE,FALSE,FALSE,FALSE,FALSE,FALSE,FALSE,FALSE,FALSE
1919,0.19,0.45,0.69,0.12,0.2,0.71,0.63,0.91,0.4,0.91,0.42,0.94,0.48,0.29,0.4,FALSE,FALSE,FALSE,FALSE,FALSE,FALSE,FALSE,FALSE,FALSE,FALSE,FALSE,FALSE,FALSE,FALSE,FALSE
1920,0.14,0.41,0.3,0.12,0.18,0.53,0.31,0.51,0.29,0.78,0.21,0.55,0.38,0.41,0.28,FALSE,FALSE,FALSE,FALSE,FALSE,FALSE,FALSE,FALSE,FALSE,FALSE,FALSE,FALSE,FALSE,FALSE,FALSE
1921,0.25,0.53,0.24,0.13,0.13,0.62,0.32,0.49,0.18,0.68,0.38,0.46,0.51,0.25,0.23,FALSE,FALSE,FALSE,FALSE,FALSE,FALSE,FALSE,FALSE,FALSE,FALSE,FALSE,FALSE,FALSE,FALSE,FALSE
1922,0.43,0.82,0.47,0.56,0.28,0.72,0.46,0.57,0.32,0.77,0.62,0.53,0.46,0.35,0.47,FALSE,FALSE,FALSE,FALSE,FALSE,FALSE,FALSE,FALSE,FALSE,FALSE,FALSE,FALSE,FALSE,FALSE,FALSE
1923,0.39,0.74,0.5,0.77,0.26,0.7,0.75,0.84,0.38,1.43,0.86,0.43,0.59,0.34,0.5,FALSE,FALSE,FALSE,FALSE,FALSE,FALSE,FALSE,FALSE,FALSE,FALSE,FALSE,FALSE,FALSE,FALSE,FALSE
1924,0.34,1.91,0.63,0.6,0.26,0.67,1.01,0.88,0.43,1.33,0.88,0.58,0.53,0.34,0.53,FALSE,FALSE,FALSE,FALSE,FALSE,FALSE,FALSE,FALSE,FALSE,FALSE,FALSE,FALSE,FALSE,FALSE,FALSE
1925,0.22,2.61,0.56,0.42,0.35,0.37,1.03,0.67,0.56,1.04,0.74,0.43,0.2,0.38,0.17,FALSE,FALSE,FALSE,FALSE,FALSE,FALSE,FALSE,FALSE,FALSE,FALSE,FALSE,FALSE,FALSE,FALSE,FALSE
1926,0.39,1.61,0.64,0.75,0.26,0.42,1.21,0.75,0.57,0.98,0.64,0.53,0.35,0.4,0.2,FALSE,FALSE,FALSE,FALSE,FALSE,FALSE,FALSE,FALSE,FALSE,FALSE,FALSE,FALSE,FALSE,FALSE,FALSE
1927,0.4,0.58,0.54,0.76,0.26,0.57,0.86,0.8,0.76,1.01,0.46,0.5,0.57,0.43,0.26,FALSE,FALSE,FALSE,FALSE,FALSE,FALSE,FALSE,FALSE,FALSE,FALSE,FALSE,FALSE,FALSE,FALSE,FALSE
1928,0.44,2.81,0.39,0.7,0.22,0.66,1.01,0.72,0.73,1.27,0.59,0.56,0.65,0.36,0.36,FALSE,FALSE,FALSE,FALSE,FALSE,FALSE,FALSE,FALSE,FALSE,FALSE,FALSE,FALSE,FALSE,FALSE,FALSE
1929,0.37,2.8,0.41,0.69,0.13,0.6,1,0.7,0.67,1.13,0.59,0.57,0.48,0.31,0.29,FALSE,FALSE,FALSE,FALSE,FALSE,FALSE,FALSE,FALSE,FALSE,FALSE,FALSE,FALSE,FALSE,FALSE,FALSE
1930,0.45,3.49,0.38,1.21,0.19,0.5,1.31,0.63,1.09,1.13,0.5,0.63,0.61,0.4,0.49,FALSE,TRUE,FALSE,FALSE,FALSE,FALSE,FALSE,FALSE,FALSE,FALSE,FALSE,FALSE,FALSE,FALSE,FALSE
1931,0.41,2.75,0.44,0.97,0.19,0.48,1.19,1.11,0.76,1.1,0.39,0.74,0.58,0.43,0.65,FALSE,FALSE,FALSE,FALSE,FALSE,FALSE,FALSE,FALSE,FALSE,FALSE,FALSE,FALSE,FALSE,FALSE,FALSE
1932,0.41,2.74,0.43,0.87,0.11,0.49,0.92,1.03,0.69,1.06,0.33,0.75,0.57,0.33,0.74,FALSE,FALSE,FALSE,FALSE,FALSE,FALSE,FALSE,FALSE,FALSE,FALSE,FALSE,FALSE,FALSE,FALSE,FALSE
1933,0.48,2.66,0.45,0.97,0.21,0.52,0.71,0.92,0.74,0.96,0.34,0.86,0.54,0.35,0.54,FALSE,FALSE,FALSE,FALSE,FALSE,FALSE,FALSE,FALSE,FALSE,FALSE,FALSE,FALSE,FALSE,FALSE,FALSE
1934,0.42,3.62,0.52,1.05,0.28,0.77,0.94,1.07,0.84,1.78,0.51,1.1,0.62,0.52,0.61,FALSE,TRUE,FALSE,FALSE,FALSE,FALSE,FALSE,FALSE,FALSE,FALSE,FALSE,FALSE,FALSE,FALSE,FALSE
1935,0.44,2.85,0.6,0.93,0.28,0.68,0.56,0.95,0.81,1.57,0.47,0.87,0.68,0.44,0.49,FALSE,FALSE,FALSE,FALSE,FALSE,FALSE,FALSE,FALSE,FALSE,FALSE,FALSE,FALSE,FALSE,FALSE,FALSE
1936,0.43,1.86,0.63,0.74,0.32,0.66,0.78,0.97,0.77,1.44,0.4,0.76,0.72,0.3,0.61,FALSE,FALSE,FALSE,FALSE,FALSE,FALSE,FALSE,FALSE,FALSE,FALSE,FALSE,FALSE,FALSE,FALSE,FALSE
1937,0.41,2.6,0.46,0.72,0.26,0.64,0.82,0.82,0.71,1.32,0.43,0.67,0.75,0.39,0.58,FALSE,FALSE,FALSE,FALSE,FALSE,FALSE,FALSE,FALSE,FALSE,FALSE,FALSE,FALSE,FALSE,FALSE,FALSE
1938,0.43,2.71,0.64,0.8,0.32,0.5,0.88,0.99,0.73,1.21,0.41,0.68,0.69,0.38,0.6,FALSE,FALSE,FALSE,FALSE,FALSE,FALSE,FALSE,FALSE,FALSE,FALSE,FALSE,FALSE,FALSE,FALSE,FALSE
1939,0.53,2.4,0.73,0.85,0.25,0.84,0.83,0.93,1.08,1.37,0.39,0.8,0.76,0.37,0.62,FALSE,FALSE,FALSE,FALSE,FALSE,FALSE,FALSE,FALSE,FALSE,FALSE,FALSE,FALSE,FALSE,FALSE,FALSE
1940,0.5,2.4,0.63,0.94,0.18,0.75,0.75,1.16,0.77,1.18,0.38,0.89,0.57,0.26,0.68,FALSE,FALSE,FALSE,FALSE,FALSE,FALSE,FALSE,FALSE,FALSE,FALSE,FALSE,FALSE,FALSE,FALSE,FALSE
1941,0.52,1.85,0.72,0.72,0.17,0.91,0.96,0.95,0.81,1.2,0.36,0.75,0.44,0.37,0.74,FALSE,FALSE,FALSE,FALSE,FALSE,FALSE,FALSE,FALSE,FALSE,FALSE,FALSE,FALSE,FALSE,FALSE,FALSE
1942,0.52,1.38,0.52,0.6,0.36,0.52,0.75,0.99,0.64,0.95,0.27,0.9,0.49,0.32,0.67,FALSE,FALSE,FALSE,FALSE,FALSE,FALSE,FALSE,FALSE,FALSE,FALSE,FALSE,FALSE,FALSE,FALSE,FALSE
1943,0.42,1.02,0.51,0.6,0.26,0.4,0.42,0.98,0.71,0.8,0.19,0.69,0.44,0.26,0.58,FALSE,FALSE,FALSE,FALSE,FALSE,FALSE,FALSE,FALSE,FALSE,FALSE,FALSE,FALSE,FALSE,FALSE,FALSE
1944,0.53,1.08,0.59,0.56,0.38,0.62,0.69,1.4,0.71,1.18,0.28,0.82,0.46,0.41,0.58,FALSE,FALSE,FALSE,FALSE,FALSE,FALSE,FALSE,FALSE,FALSE,FALSE,FALSE,FALSE,FALSE,FALSE,FALSE
1945,0.36,0.77,0.41,0.53,0.21,0.63,0.5,1.02,0.65,1.16,0.26,0.68,0.47,0.45,0.42,FALSE,FALSE,FALSE,FALSE,FALSE,FALSE,FALSE,FALSE,FALSE,FALSE,FALSE,FALSE,FALSE,FALSE,FALSE
1946,0.37,0.49,0.35,0.56,0.16,0.63,0.46,0.99,0.73,1.33,0.08,0.77,0.56,0.4,0.44,FALSE,FALSE,FALSE,FALSE,FALSE,FALSE,FALSE,FALSE,FALSE,FALSE,FALSE,FALSE,FALSE,FALSE,FALSE
1947,0.39,0.68,0.42,0.49,0.25,0.65,0.6,1.61,0.72,1.46,0.18,1.02,0.54,0.47,0.54,FALSE,FALSE,FALSE,FALSE,FALSE,FALSE,FALSE,FALSE,FALSE,FALSE,FALSE,FALSE,FALSE,FALSE,FALSE
1948,0.43,0.54,0.42,0.54,0.17,0.63,0.56,1.44,0.71,1.32,0.15,1.06,0.46,0.74,0.52,FALSE,FALSE,FALSE,FALSE,FALSE,FALSE,FALSE,FALSE,FALSE,FALSE,FALSE,FALSE,FALSE,FALSE,FALSE
1949,0.44,0.56,0.45,0.49,0.27,0.86,0.68,1.28,0.67,1.25,0.23,0.99,0.43,0.84,0.38,FALSE,FALSE,FALSE,FALSE,FALSE,FALSE,FALSE,FALSE,FALSE,FALSE,FALSE,FALSE,FALSE,FALSE,FALSE
1950,0.38,0.65,0.54,0.56,0.23,0.52,0.71,1.61,0.75,1.22,0.2,0.93,0.33,0.78,0.29,FALSE,FALSE,FALSE,FALSE,FALSE,FALSE,FALSE,FALSE,FALSE,FALSE,FALSE,FALSE,FALSE,FALSE,FALSE
1951,0.41,0.7,0.77,0.59,0.33,0.76,0.83,1.76,0.83,1.46,0.38,0.99,0.41,0.58,0.25,FALSE,FALSE,FALSE,FALSE,FALSE,FALSE,FALSE,FALSE,FALSE,FALSE,FALSE,FALSE,FALSE,FALSE,FALSE
1952,0.4,0.57,0.89,0.61,0.36,0.77,0.79,1.62,0.73,1.39,0.42,0.98,0.48,0.36,0.28,FALSE,FALSE,FALSE,FALSE,FALSE,FALSE,FALSE,FALSE,FALSE,FALSE,FALSE,FALSE,FALSE,FALSE,FALSE
1953,0.39,0.48,0.44,0.67,0.23,0.8,0.83,1.22,0.64,1.32,0.24,0.73,0.51,0.3,0.41,FALSE,FALSE,FALSE,FALSE,FALSE,FALSE,FALSE,FALSE,FALSE,FALSE,FALSE,FALSE,FALSE,FALSE,FALSE
1954,0.22,0.37,0.41,0.57,0.21,0.66,0.63,0.69,0.68,1.07,0.12,0.54,0.53,0.15,0.28,FALSE,FALSE,FALSE,FALSE,FALSE,FALSE,FALSE,FALSE,FALSE,FALSE,FALSE,FALSE,FALSE,FALSE,FALSE
1955,0.39,0.45,0.51,0.61,0.23,0.55,0.88,1.13,0.85,1.23,0.21,0.79,0.49,0.26,0.44,FALSE,FALSE,FALSE,FALSE,FALSE,FALSE,FALSE,FALSE,FALSE,FALSE,FALSE,FALSE,FALSE,FALSE,FALSE
1956,0.35,0.52,0.64,0.43,0.31,0.3,0.44,0.95,0.72,0.83,0.26,0.64,0.31,0.62,0.53,FALSE,FALSE,FALSE,FALSE,FALSE,FALSE,FALSE,FALSE,FALSE,FALSE,FALSE,FALSE,FALSE,FALSE,FALSE
1957,0.36,0.61,0.77,0.53,0.56,1.05,1.04,1.22,0.72,1.4,0.54,0.99,0.42,1.42,0.86,FALSE,FALSE,FALSE,FALSE,FALSE,FALSE,FALSE,FALSE,FALSE,FALSE,FALSE,FALSE,FALSE,FALSE,FALSE
1958,0.43,0.6,0.83,0.74,0.56,1.15,1.08,1.21,0.96,1.18,0.6,0.97,0.69,1.63,1.04,FALSE,FALSE,FALSE,FALSE,FALSE,FALSE,FALSE,FALSE,FALSE,FALSE,FALSE,FALSE,FALSE,TRUE,FALSE
1959,0.41,0.52,0.73,0.61,0.58,0.46,0.87,0.99,0.7,0.97,0.39,0.66,0.51,0.62,0.74,FALSE,FALSE,FALSE,FALSE,FALSE,FALSE,FALSE,FALSE,FALSE,FALSE,FALSE,FALSE,FALSE,FALSE,FALSE
1960,0.52,0.65,0.42,0.64,0.93,1.76,1.05,1.31,0.93,0.87,0.54,0.65,0.9,0.45,1.21,FALSE,FALSE,FALSE,FALSE,FALSE,FALSE,FALSE,FALSE,FALSE,FALSE,FALSE,FALSE,FALSE,FALSE,FALSE
1961,0.44,0.55,0.59,0.56,0.81,1.12,0.95,1.22,0.92,0.97,0.37,0.75,0.84,0.54,0.6,FALSE,FALSE,FALSE,FALSE,FALSE,FALSE,FALSE,FALSE,FALSE,FALSE,FALSE,FALSE,FALSE,FALSE,FALSE
1962,0.45,0.53,0.82,0.52,0.71,1.08,1.02,1.06,0.77,1.06,0.54,0.71,0.76,0.28,0.6,FALSE,FALSE,FALSE,FALSE,FALSE,FALSE,FALSE,FALSE,FALSE,FALSE,FALSE,FALSE,FALSE,FALSE,FALSE
1963,0.34,0.43,0.49,0.55,0.57,0.87,1.37,0.88,0.81,0.95,0.34,0.66,0.53,0.25,0.57,FALSE,FALSE,FALSE,FALSE,FALSE,FALSE,FALSE,FALSE,FALSE,FALSE,FALSE,FALSE,FALSE,FALSE,FALSE
1964,0.45,0.53,0.45,0.6,0.58,0.99,0.99,1,0.84,0.79,0.2,0.77,0.57,0.13,0.63,FALSE,FALSE,FALSE,FALSE,FALSE,FALSE,FALSE,FALSE,FALSE,FALSE,FALSE,FALSE,FALSE,FALSE,FALSE
1965,0.58,0.62,0.59,0.74,0.8,0.92,1.25,1.24,0.81,1.09,0.62,1.01,0.6,0.36,0.7,FALSE,FALSE,FALSE,FALSE,FALSE,FALSE,FALSE,FALSE,FALSE,FALSE,FALSE,FALSE,FALSE,FALSE,FALSE
1966,0.49,0.8,0.77,0.81,0.9,1.06,1.34,1.56,0.87,1.41,0.6,0.93,0.67,0.28,0.61,FALSE,FALSE,FALSE,FALSE,FALSE,FALSE,FALSE,FALSE,FALSE,FALSE,FALSE,FALSE,FALSE,FALSE,FALSE
1967,0.45,0.73,0.61,0.75,0.94,1.04,1.27,1.49,1.17,1.48,0.88,1.08,0.8,0.17,0.73,FALSE,FALSE,FALSE,FALSE,FALSE,FALSE,FALSE,FALSE,FALSE,FALSE,FALSE,FALSE,FALSE,FALSE,FALSE
1968,0.46,0.81,0.77,0.74,1,0.9,1.16,1.61,0.98,1.31,0.74,1.12,0.74,0.19,0.76,FALSE,FALSE,FALSE,FALSE,FALSE,FALSE,FALSE,FALSE,FALSE,FALSE,FALSE,FALSE,FALSE,FALSE,FALSE
1969,0.41,0.69,0.48,0.55,0.91,0.81,1.08,1.09,0.85,1.11,0.68,1.01,0.55,0.14,0.4,FALSE,FALSE,FALSE,FALSE,FALSE,FALSE,FALSE,FALSE,FALSE,FALSE,FALSE,FALSE,FALSE,FALSE,FALSE
1970,0.47,0.8,0.53,0.7,0.86,1.16,0.94,1.12,1.21,1.12,0.79,1.03,0.59,0.17,0.63,FALSE,FALSE,FALSE,FALSE,FALSE,FALSE,FALSE,FALSE,FALSE,FALSE,FALSE,FALSE,FALSE,FALSE,FALSE
1971,0.47,0.78,0.47,0.72,0.78,1.12,0.72,1.04,1.05,1.01,0.58,0.94,0.62,0.16,0.36,FALSE,FALSE,FALSE,FALSE,FALSE,FALSE,FALSE,FALSE,FALSE,FALSE,FALSE,FALSE,FALSE,FALSE,FALSE
1972,0.52,0.73,0.24,0.68,0.86,1.21,0.78,0.92,1.04,1.06,0.62,0.94,0.79,0.12,0.41,FALSE,FALSE,FALSE,FALSE,FALSE,FALSE,FALSE,FALSE,FALSE,FALSE,FALSE,FALSE,FALSE,FALSE,FALSE
1973,0.47,0.7,0.26,0.74,1.17,1.12,1.21,1.4,1.01,1.01,0.84,1.24,0.68,0.27,0.51,FALSE,FALSE,FALSE,FALSE,FALSE,FALSE,FALSE,FALSE,FALSE,FALSE,FALSE,FALSE,FALSE,FALSE,FALSE
1974,0.34,0.36,0.1,0.52,0.34,0.93,0.57,0.76,0.85,0.8,0.26,0.55,0.62,0.2,0.24,FALSE,FALSE,FALSE,FALSE,FALSE,FALSE,FALSE,FALSE,FALSE,FALSE,FALSE,FALSE,FALSE,FALSE,FALSE
1975,0.46,0.65,0.21,0.62,0.74,1.18,0.92,1.02,0.76,0.89,0.55,0.88,0.76,0.25,0.34,FALSE,FALSE,FALSE,FALSE,FALSE,FALSE,FALSE,FALSE,FALSE,FALSE,FALSE,FALSE,FALSE,FALSE,FALSE
1976,0.39,0.76,0.19,0.6,0.69,1.27,1.01,1.03,0.79,0.99,0.54,0.93,0.66,0.22,0.37,FALSE,FALSE,FALSE,FALSE,FALSE,FALSE,FALSE,FALSE,FALSE,FALSE,FALSE,FALSE,FALSE,FALSE,FALSE
1977,0.42,0.7,0.28,0.73,0.91,1.58,1.33,1.48,0.96,1.07,0.84,0.89,0.65,0.26,1,FALSE,FALSE,FALSE,FALSE,FALSE,FALSE,FALSE,FALSE,FALSE,FALSE,FALSE,FALSE,FALSE,FALSE,FALSE
1978,0.6,0.77,0.26,0.73,0.77,1.09,1.39,1.13,1.08,1.36,0.73,0.88,0.64,0.32,0.41,FALSE,FALSE,FALSE,FALSE,FALSE,FALSE,FALSE,FALSE,FALSE,FALSE,FALSE,FALSE,FALSE,FALSE,FALSE
1979,0.55,0.62,0.41,0.74,0.78,1.14,1.03,1.07,0.89,2.27,0.79,0.92,0.6,0.32,0.78,FALSE,FALSE,FALSE,FALSE,FALSE,FALSE,FALSE,FALSE,FALSE,FALSE,FALSE,FALSE,FALSE,FALSE,FALSE
1980,0.51,0.72,0.33,0.85,0.88,1.33,1.07,1.27,0.94,2.64,0.36,1.07,0.74,0.25,0.56,FALSE,FALSE,FALSE,FALSE,FALSE,FALSE,FALSE,FALSE,FALSE,FALSE,FALSE,FALSE,FALSE,FALSE,FALSE
1981,0.58,0.84,0.24,0.74,0.65,1.37,1.05,1.19,0.93,2.98,0.88,1.07,0.78,0.25,0.72,FALSE,FALSE,FALSE,FALSE,FALSE,FALSE,FALSE,FALSE,FALSE,FALSE,FALSE,FALSE,FALSE,FALSE,FALSE
1982,0.5,0.76,0.34,0.53,0.59,1.07,0.91,0.97,0.74,1.65,0.65,0.96,0.78,0.29,0.48,FALSE,FALSE,FALSE,FALSE,FALSE,FALSE,FALSE,FALSE,FALSE,FALSE,FALSE,FALSE,FALSE,FALSE,FALSE
1983,0.5,0.64,0.53,0.61,0.62,1.28,1.33,1.27,0.96,1.98,1,1.16,0.78,0.36,1.19,FALSE,FALSE,FALSE,FALSE,FALSE,FALSE,FALSE,FALSE,FALSE,FALSE,FALSE,FALSE,FALSE,FALSE,FALSE
1984,0.47,0.86,0.49,0.85,0.7,1.03,0.97,1.3,0.87,1.74,0.9,1.09,0.66,0.32,1.15,FALSE,FALSE,FALSE,FALSE,FALSE,FALSE,FALSE,FALSE,FALSE,FALSE,FALSE,FALSE,FALSE,FALSE,FALSE
1985,0.45,0.64,0.42,0.64,0.54,0.95,0.89,1.29,0.79,1.65,0.68,0.9,0.66,0.31,0.63,FALSE,FALSE,FALSE,FALSE,FALSE,FALSE,FALSE,FALSE,FALSE,FALSE,FALSE,FALSE,FALSE,FALSE,FALSE
1986,0.48,0.47,0.47,0.46,0.49,0.8,0.84,1.19,0.82,1.5,0.52,0.79,0.52,0.28,0.53,FALSE,FALSE,FALSE,FALSE,FALSE,FALSE,FALSE,FALSE,FALSE,FALSE,FALSE,FALSE,FALSE,FALSE,FALSE
1987,0.56,0.54,0.71,0.61,0.74,1.2,0.83,1.15,0.84,1.5,0.63,0.88,0.69,0.37,0.45,FALSE,FALSE,FALSE,FALSE,FALSE,FALSE,FALSE,FALSE,FALSE,FALSE,FALSE,FALSE,FALSE,FALSE,FALSE
1988,0.57,0.5,0.76,0.59,0.63,1.28,0.79,1.1,0.77,1.28,0.45,1.03,0.72,0.37,0.33,FALSE,FALSE,FALSE,FALSE,FALSE,FALSE,FALSE,FALSE,FALSE,FALSE,FALSE,FALSE,FALSE,FALSE,FALSE
1989,0.39,0.59,0.75,0.46,0.51,1.31,0.84,0.99,0.79,1.18,0.41,0.79,0.75,0.38,0.52,FALSE,FALSE,FALSE,FALSE,FALSE,FALSE,FALSE,FALSE,FALSE,FALSE,FALSE,FALSE,FALSE,FALSE,FALSE
1990,0.49,0.56,0.55,0.62,0.59,1.36,0.86,0.98,0.68,1.33,0.49,1.14,0.8,0.32,0.43,FALSE,FALSE,FALSE,FALSE,FALSE,FALSE,FALSE,FALSE,FALSE,FALSE,FALSE,FALSE,FALSE,FALSE,FALSE
1991,0.38,0.38,0.26,0.36,0.25,0.95,0.48,0.56,0.67,0.86,0.23,0.89,0.38,0.34,0.32,FALSE,FALSE,FALSE,FALSE,FALSE,FALSE,FALSE,FALSE,FALSE,FALSE,FALSE,FALSE,FALSE,FALSE,FALSE
1992,0.45,0.64,0.44,0.55,0.38,1.06,0.81,0.73,0.76,0.4,0.64,1.15,0.73,0.44,0.52,FALSE,FALSE,FALSE,FALSE,FALSE,FALSE,FALSE,FALSE,FALSE,FALSE,FALSE,FALSE,FALSE,FALSE,FALSE
