Sample_ID,Plot_ID,Spp,Avg_diam,Height (cm),Out_of_plot,Year_origin,Year_origin_est
J01-S01,J01,POTR5,0.38,12,N,2009,
J01-S02,J01,POTR5,2.14,50,N,2001,
J01-S03,J01,POTR5,,160,N,,
J01-S04,J01,POTR5,0.3,25,N,2011,
J01-S05,J01,POTR5,1.88,137,N,1991,
J01-S06,J01,POTR5,1.96,140,N,1999,
J01-S07,J01,POTR5,2.15,180,Y,2006,
J01-S08,J01,POTR5,1.88,155,Y,1985,
J01-S09,J01,POTR5,5.56,300,Y,1987,
J01-S10,J01,POTR5,1.86,120,Y,1999,
J02-S01,J02,POTR5,1.17,71,N,2007,
J02-S02,J02,POTR5,0.34,45,N,2010,
J02-S03,J02,POTR5,0.58,63,N,2009,
J02-S04,J02,POTR5,2.64,215,N,2003,
J02-S05,J02,POTR5,6.21,500,N,1982,
J02-S06,J02,POTR5,0.96,47,N,2003,
J02-S07,J02,POTR5,0.6,135,N,2011,
J02-S08,J02,POTR5,2.18,245,N,2000,
J02-S09,J02,POTR5,1.04,102,N,2002,
J02-S10,J02,POTR5,2.99,300,N,2001,
J02-S11,J02,POTR5,0.54,55,N,2008,
J02-S12,J02,POTR5,3.53,260,N,1990,
J02-S13,J02,POTR5,0.8,50,N,2007,
J02-S14,J02,POTR5,2.45,245,N,2001,
J02-S15,J02,POTR5,1.2,77,N,2005,
J03-S01,J03,POTR5,1.92,170,N,2001,
J03-S02,J03,POTR5,3.8,240,N,1997,
J03-S03,J03,POTR5,3.64,330,N,1992,
J03-S04,J03,POTR5,3.42,170,N,1988,
J03-S05,J03,POTR5,1.29,105,N,2001,
J03-S06,J03,POTR5,2.75,260,N,1997,
J03-S07,J03,POTR5,0.72,84,N,2003,
J03-S08,J03,POTR5,,66,N,,
J03-S09,J03,POTR5,2.16,44,N,2004,
J03-S10,J03,POTR5,5.32,390,N,1993,
J03-S11,J03,POTR5,,310,N,,
J03-S12,J03,POTR5,4.54,320,N,1995,
J03-S13,J03,POTR5,3,280,N,2001,
J03-S14,J03,POTR5,2.41,210,N,1998,
J03-S15,J03,POTR5,1.86,160,N,1989,
J03-S16,J03,POTR5,5.56,300,N,1986,
J03-S17,J03,POTR5,5.57,400,N,1987,
J03-S18,J03,POTR5,,215,N,,
J03-S19,J03,POTR5,,250,N,,
J03-S20,J03,POTR5,,350,N,,
J04-S01,J04,POTR5,0.36,45,N,2010,
J04-S02,J04,POTR5,0.64,60,N,2008,
J04-S03,J04,POTR5,0.92,61,N,2007,
J04-S04,J04,POTR5,2.58,200,N,1992,
J04-S05,J04,POTR5,,17,N,2011,
J04-S06,J04,POTR5,0.43,27,N,2010,
J04-S07,J04,POTR5,0.34,45,N,2011,
J04-S08,J04,POTR5,0.94,71,N,2008,
J04-S09,J04,POTR5,0.38,44,N,2010,
J04-S10,J04,POTR5,1.23,105,N,2007,
J04-S11,J04,POTR5,2.48,240,N,1994,
J04-S12,J04,POTR5,0.92,175,N,1991,
J04-S13,J04,POTR5,1.24,115,N,2007,
J04-S14,J04,POTR5,0.52,50,N,2007,
J04-S15,J04,POTR5,4.58,405,N,1989,
J04-S16,J04,POTR5,2.14,215,N,1999,
J04-S17,J04,POTR5,,37,N,2011,
J04-S18,J04,POTR5,0.6,59,N,2009,
J04-S19,J04,POTR5,0.5,54,N,2008,
J04-S20,J04,POTR5,,41,N,,
J04-S21,J04,POTR5,,56,N,,
J04-S22,J04,POTR5,,46,N,,
J04-S23,J04,POTR5,,71,N,,
J04-S24,J04,POTR5,,25,N,,
J04-S25,J04,POTR5,,195,N,,
J04-S26,J04,POTR5,,86,N,,
J04-S27,J04,POTR5,,220,N,,
J04-S28,J04,POTR5,,135,N,,
J04-S29,J04,POTR5,,70,N,,
J04-S30,J04,POTR5,,65,N,,
J04-S31,J04,POTR5,,74,N,,
J04-S32,J04,POTR5,,95,N,,
J04-S33,J04,POTR5,,98,N,,
J04-S34,J04,POTR5,,100,N,,
J04-S35,J04,POTR5,,320,N,,
J04-S36,J04,POTR5,,91,N,,
J04-S37,J04,POTR5,,62,N,,
J04-S38,J04,POTR5,,60,N,,
J04-S39,J04,POTR5,,85,N,,
J04-S40,J04,POTR5,,75,N,,
J04-S41,J04,POTR5,,71,N,,
J04-S42,J04,POTR5,,72,N,,
J04-S43,J04,POTR5,,46,N,,
J04-S44,J04,POTR5,,74,N,,
J04-S45,J04,POTR5,,75,N,,
J04-S46,J04,POTR5,,330,N,,
J04-S47,J04,POTR5,,75,N,,
J04-S48,J04,POTR5,,55,N,,
J04-S49,J04,POTR5,,66,N,,
J04-S50,J04,POTR5,,67,N,,
J04-S51,J04,POTR5,,26,N,,
J04-S52,J04,POTR5,,190,N,,
J04-S53,J04,POTR5,,80,N,,
J04-S54,J04,POTR5,,132,N,,
J04-S55,J04,POTR5,,136,N,,
J04-S56,J04,POTR5,,105,N,,
J04-S57,J04,POTR5,,152,N,,
J04-S58,J04,POTR5,,71,N,,
J04-S59,J04,POTR5,,155,N,,
J04-S60,J04,POTR5,,170,N,,
J04-S61,J04,POTR5,,84,N,,
J04-S62,J04,POTR5,,62,N,,
J04-S63,J04,POTR5,,105,N,,
J04-S64,J04,POTR5,,95,N,,
J04-S65,J04,POTR5,,350,N,,
J04-S66,J04,POTR5,,120,N,,
J04-S67,J04,POTR5,,85,N,,
J04-S68,J04,POTR5,,96,N,,
J04-S69,J04,POTR5,,400,N,,
J04-S70,J04,POTR5,,96,N,,
J04-S71,J04,POTR5,,115,N,,
J04-S72,J04,POTR5,,420,N,,
J04-S73,J04,POTR5,,140,N,,
J04-S74,J04,POTR5,,350,N,,
J04-S75,J04,POTR5,,90,N,,
J04-S76,J04,POTR5,,125,N,,
J04-S77,J04,POTR5,,110,N,,
J04-S78,J04,POTR5,,75,N,,
J04-S79,J04,POTR5,,76,N,,
J04-S80,J04,POTR5,,37,N,,
J04-S81,J04,POTR5,,68,N,,
J04-S82,J04,POTR5,,55,N,,
J04-S83,J04,POTR5,,37,N,,
J04-S84,J04,POTR5,,44,N,,
J04-S85,J04,POTR5,,99,N,,
J04-S86,J04,POTR5,,60,N,,
J04-S87,J04,POTR5,,55,N,,
J04-S88,J04,POTR5,,64,N,,
J04-S89,J04,POTR5,,86,N,,
J04-S90,J04,POTR5,,82,N,,
J04-S91,J04,POTR5,,64,N,,
J04-S92,J04,POTR5,,500,N,,
J04-S93,J04,POTR5,,450,N,,
J04-S94,J04,POTR5,,59,N,,
J05-S01,J05,POTR5,4.37,335,N,1982,
J05-S02,J05,POTR5,0.46,27,N,2009,
J05-S03,J05,POTR5,0.61,10,N,2009,
J05-S04,J05,POTR5,,23,N,,
J05-S05,J05,POTR5,0.58,3,N,2009,
J05-S06,J05,POTR5,,7,N,2011,
J05-S07,J05,POTR5,0.62,33,N,2009,
J05-S08,J05,POTR5,0.32,25,N,2011,
J05-S09,J05,POTR5,0.54,16,N,2010,
J05-S10,J05,POTR5,1.22,15,N,2008,
J05-S11,J05,POTR5,,25,N,,
J05-S12,J05,POTR5,0.41,13,N,2010,
J05-S13,J05,POTR5,,11,N,2011,
J05-S14,J05,POTR5,,5,N,2011,
J05-S15,J05,POTR5,0.64,10,N,2010,
J05-S16,J05,POTR5,,15,N,,
J05-S17,J05,POTR5,0.35,12,N,2009,
J05-S18,J05,POTR5,,15,N,,
J05-S19,J05,POTR5,1.67,13,N,2002,
J05-S20,J05,POTR5,,5,N,,
J05-S21,J05,POTR5,0.38,11,N,2010,
J05-S22,J05,POTR5,0.36,13,N,2010,
J05-S23,J05,POTR5,1.94,125,N,1997,
J05-S24,J05,POTR5,,70,N,,
J05-S25,J05,POTR5,,8,N,,
J05-S26,J05,POTR5,,10,N,,
J05-S27,J05,POTR5,,16,N,,
J05-S28,J05,POTR5,,3,N,,
J05-S29,J05,POTR5,,9,N,,
J05-S30,J05,POTR5,,13,N,,
J05-S31,J05,POTR5,,110,N,,
J05-S32,J05,POTR5,,20,N,,
J05-S33,J05,POTR5,,58,N,,
J05-S34,J05,POTR5,,56,N,,
J05-S35,J05,POTR5,,80,N,,
J05-S36,J05,POTR5,,420,N,,
J05-S37,J05,POTR5,,65,N,,
J05-S38,J05,POTR5,,400,N,,
J05-S39,J05,POTR5,,70,N,,
J05-S40,J05,POTR5,,30,N,,
J05-S41,J05,POTR5,,7,N,,
J05-S42,J05,POTR5,,15,N,,
J05-S43,J05,POTR5,,20,N,,
J05-S44,J05,POTR5,,5,N,,
J05-S45,J05,POTR5,,65,N,,
J05-S46,J05,POTR5,,80,N,,
J05-S47,J05,POTR5,,27,N,,
J06-S01,J06,POTR5,0.27,36,N,2009,
J06-S02,J06,POTR5,0.38,32,N,2010,
J06-S03,J06,POTR5,,5,N,2010,
J06-S04,J06,POTR5,,4,N,2010,
J06-S05,J06,POTR5,2.72,300,N,1995,
J06-S06,J06,POTR5,1.35,165,N,2007,
J06-S07,J06,POTR5,1.76,170,N,1998,
J06-S08,J06,POTR5,0.86,30,N,2007,
J06-S09,J06,POTR5,,65,N,,
J06-S10,J06,POTR5,0.76,65,N,2008,
J06-S11,J06,POTR5,2.8,210,N,1997,
J06-S12,J06,POTR5,0.64,40,N,2007,
J06-S13,J06,POTR5,,10,N,2010,
J07-S01,J07,POTR5,0.56,74,N,2007,
J07-S02,J07,POTR5,0.95,115,N,2007,
J07-S03,J07,POTR5,1,31,N,2005,
J07-S04,J07,POTR5,0.34,20,N,2009,
J07-S05,J07,POTR5,,39,N,,
J07-S06,J07,POTR5,0.68,24,Y,2007,
J07-S07,J07,POTR5,0.42,43,Y,2010,
J07-S08,J07,POTR5,0.9,36,Y,2009,
J07-S09,J07,POTR5,1.42,95,Y,2003,
J07-S10,J07,POTR5,0.55,34,Y,2010,
J07-S11,J07,POTR5,0.5,53,Y,2009,
J07-S12,J07,POTR5,1.04,55,Y,2008,
J08-S01,J08,POTR5,2.48,175,N,2001,
J08-S02,J08,POTR5,6.7,335,N,1983,
J08-S03,J08,POTR5,5.1,366,N,2002,
J08-S04,J08,POTR5,6.49,275,N,1989,
J08-S05,J08,POTR5,3.08,275,N,2000,
J08-S06,J08,POTR5,3.82,300,N,1996,
J08-S07,J08,POTR5,5.14,274,N,1992,
J08-S08,J08,POTR5,4.43,305,N,1995,
J08-S09,J08,POTR5,4.51,274,N,1996,
J08-S10,J08,POTR5,1.3,60,N,2004,
J08-S11,J08,POTR5,4.02,244,N,1996,
J08-S12,J08,POTR5,2.45,65,N,1998,
J09-S01,J09,POTR5,2.96,220,N,1994,
J09-S02,J09,POTR5,3.92,225,N,1992,
J09-S03,J09,POTR5,4.94,410,N,1989,
J09-S04,J09,POTR5,0.86,90,N,2006,
J09-S05,J09,POTR5,3.43,272,N,1996,
J09-S06,J09,POTR5,0.77,72,N,2007,
J09-S07,J09,POTR5,,140,N,,
J09-S08,J09,POTR5,,110,N,,
J09-S09,J09,POTR5,2.69,205,N,1989,
J09-S10,J09,POTR5,4.26,245,N,1986,
J09-S11,J09,POTR5,3.58,285,N,1991,
J09-S12,J09,POTR5,2.26,175,N,1993,
J09-S13,J09,POTR5,1.67,174,N,1991,
J09-S14,J09,POTR5,3.03,260,N,1992,
J09-S15,J09,POTR5,2.08,170,N,1997,
J09-S16,J09,POTR5,3.24,280,N,1990,
J09-S17,J09,POTR5,4.92,430,N,1991,
J09-S18,J09,POTR5,,100,N,,
J09-S19,J09,POTR5,,185,N,,
J09-S20,J09,POTR5,,135,N,,
J10-S01,J10,POTR5,1.2,90,N,2005,
J10-S02,J10,POTR5,0.88,46,N,2007,
J10-S03,J10,POTR5,5.16,335,N,1979,
J10-S04,J10,POTR5,2.71,250,N,1995,
J10-S05,J10,POTR5,1.62,130,N,1999,
J10-S06,J10,POTR5,0.9,80,N,2005,
J10-S07,J10,POTR5,0.65,50,N,2007,
J10-S08,J10,POTR5,,5,N,2010,
J10-S09,J10,POTR5,0.68,50,N,2003,
J10-S10,J10,POTR5,0.68,60,N,2005,
J10-S11,J10,POTR5,,110,N,,
J10-S12,J10,POTR5,2.2,125,N,1992,
J10-S13,J10,POTR5,6.5,488,N,1975,
J10-S14,J10,POTR5,2.3,80,N,2000,
J10-S15,J10,POTR5,1.9,100,N,1993,
J10-S16,J10,POTR5,2.18,95,N,1991,
J10-S17,J10,POTR5,0.45,40,N,2008,
J10-S18,J10,POTR5,,35,N,,
J10-S19,J10,POTR5,,396,N,,
J10-S20,J10,POTR5,,335,N,,
J10-S21,J10,POTR5,,250,N,,
J10-S22,J10,POTR5,,244,N,,
J10-S23,J10,POTR5,,274,N,,
J10-S24,J10,POTR5,,366,N,,
J10-S25,J10,POTR5,,488,N,,
J10-S26,J10,POTR5,,50,N,,
J10-S27,J10,POTR5,,65,N,,
J10-S28,J10,POTR5,,35,N,,
J10-S29,J10,POTR5,,65,N,,
J10-S30,J10,POTR5,,427,N,,
J10-S31,J10,POTR5,,150,N,,
J10-S32,J10,POTR5,,427,N,,
J10-S33,J10,POTR5,,396,N,,
J10-S34,J10,POTR5,,396,N,,
J10-S35,J10,POTR5,,250,N,,
J10-S36,J10,POTR5,,300,N,,
J10-S37,J10,POTR5,,200,N,,
J10-S38,J10,POTR5,,250,N,,
J10-S39,J10,POTR5,,75,N,,
J10-S40,J10,POTR5,,200,N,,
J10-S41,J10,POTR5,,457,N,,
J10-S42,J10,POTR5,,125,N,,
J10-S43,J10,POTR5,,250,N,,
J10-S44,J10,POTR5,,60,N,,
J10-S45,J10,POTR5,,488,N,,
J10-S46,J10,POTR5,,200,N,,
J11-S01,J11,POTR5,1.17,145,N,2002,
J11-S02,J11,POTR5,2.42,100,N,1995,
J11-S03,J11,POTR5,1.81,80,N,1999,
J11-S04,J11,POTR5,,175,N,,
J11-S05,J11,POTR5,1.19,195,N,2007,
J11-S06,J11,POTR5,2.82,210,N,1998,
J11-S07,J11,POTR5,,205,N,,
J11-S08,J11,POTR5,,95,N,,
J11-S09,J11,POTR5,,145,N,,
J11-S10,J11,POTR5,2.5,220,N,1992,
J11-S11,J11,POTR5,2.66,95,N,1989,
J11-S12,J11,ABLA,0.14,5,N,2010,
J11-S13,J11,POTR5,3.32,210,Y,1988,
J11-S14,J11,POTR5,3.72,285,Y,1989,
J11-S15,J11,ABLA,6,250,Y,1956,
J11-S16,J11,ABLA,3.45,165,Y,1957,
J11-S17,J11,ABLA,3.4,160,Y,1963,
J12-S01,J12,POTR5,4.52,400,N,1993,
J12-S02,J12,POTR5,6.35,350,N,1995,
J12-S03,J12,POTR5,1.8,175,Y,1993,
J12-S04,J12,POTR5,4.71,170,Y,1993,
J12-S05,J12,POTR5,1.96,160,Y,1996,
J12-S06,J12,POTR5,5.16,366,Y,1996,
J12-S07,J12,POTR5,7.11,396,Y,1998,
J12-S08,J12,POTR5,3.3,200,Y,1994,
J12-S09,J12,POTR5,2.37,120,Y,1999,
J12-S10,J12,POTR5,2.3,110,Y,2001,
J12-S11,J12,POTR5,,396,N,,
J12-S12,J12,POTR5,,244,N,,
J13-S01,J13,POTR5,2.48,167,N,2001,
J13-S02,J13,POTR5,1.92,200,N,2000,
J13-S03,J13,POTR5,1.04,87,N,2005,
J13-S04,J13,POTR5,2.87,285,N,1999,
J13-S05,J13,POTR5,1.62,166,N,2001,
J13-S06,J13,POTR5,2.88,225,N,2002,
J13-S07,J13,POTR5,0.48,64,N,2009,
J13-S08,J13,POTR5,1.42,142,N,2002,
J13-S09,J13,POTR5,4.66,385,N,2000,
J13-S10,J13,POTR5,1.82,200,N,1999,
J13-S11,J13,POTR5,2.64,245,N,2000,
J13-S12,J13,POTR5,0.58,65,N,2008,
J13-S13,J13,POTR5,0.5,58,N,2010,
J13-S14,J13,POTR5,0.47,57,N,2009,
J13-S15,J13,POTR5,4.16,365,N,1981,
J13-S16,J13,POTR5,,44,N,,
J13-S17,J13,POTR5,,130,N,,
J13-S18,J13,POTR5,,420,N,,
J13-S19,J13,POTR5,,26,N,,
J14-S01,J14,POTR5,0.63,40,N,2009,
J14-S02,J14,POTR5,0.33,47,N,2010,
J14-S03,J14,POTR5,0.18,19,N,2011,
J14-S04,J14,POTR5,0.5,65,N,2009,
J14-S05,J14,POTR5,0.2,35,N,2010,
J14-S06,J14,POTR5,0.27,30,N,2011,
J14-S07,J14,POTR5,2.16,140,N,2000,
J14-S08,J14,POTR5,0.53,71,N,2007,
J14-S09,J14,POTR5,2.64,200,N,1989,
J14-S10,J14,POTR5,0.7,95,N,2009,
J14-S11,J14,POTR5,4.29,500,N,1988,
J14-S12,J14,POTR5,2.5,270,N,1999,
J14-S13,J14,POTR5,,195,N,,
J14-S14,J14,POTR5,0.7,65,N,2009,
J14-S15,J14,POTR5,1.04,110,N,2001,
J14-S16,J14,POTR5,,470,N,,
J14-S17,J14,POTR5,,195,N,,
J14-S18,J14,POTR5,,40,N,,
J14-S19,J14,POTR5,,77,N,,
J14-S20,J14,POTR5,,30,N,,
J15-S01,J15,POTR5,1.84,220,N,2006,
J15-S02,J15,POTR5,1.44,200,N,2006,
J15-S03,J15,POTR5,0.75,98,N,2009,
J15-S04,J15,POTR5,0.8,115,N,2008,
J15-S05,J15,POTR5,0.54,68,N,2008,
J15-S06,J15,POTR5,0.54,94,N,2010,
J15-S07,J15,POTR5,0.5,83,N,2009,
J15-S08,J15,POTR5,1.68,110,N,2007,
J15-S09,J15,POTR5,0.96,138,N,2007,
J15-S10,J15,POTR5,0.3,45,N,2010,
J15-S11,J15,POTR5,0.71,80,N,2009,
J15-S12,J15,POTR5,0.78,120,N,2006,
J15-S13,J15,POTR5,2.31,290,N,2007,
J15-S14,J15,POTR5,0.71,80,N,2008,
J15-S15,J15,POTR5,1.46,240,N,2006,
J15-S16,J15,POTR5,,125,N,,
J15-S17,J15,POTR5,,45,N,,
J15-S18,J15,POTR5,,105,N,,
J15-S19,J15,POTR5,,95,N,,
J15-S20,J15,POTR5,,105,N,,
J15-S21,J15,POTR5,,110,N,,
J15-S22,J15,POTR5,,120,N,,
J15-S23,J15,POTR5,,245,N,,
J15-S24,J15,POTR5,,160,N,,
J15-S25,J15,POTR5,,145,N,,
J15-S26,J15,POTR5,,170,N,,
J15-S27,J15,POTR5,,160,N,,
J15-S28,J15,POTR5,,140,N,,
J15-S29,J15,POTR5,,125,N,,
J15-S30,J15,POTR5,,80,N,,
J15-S31,J15,POTR5,,200,N,,
J15-S32,J15,POTR5,,200,N,,
J15-S33,J15,POTR5,,200,N,,
J15-S34,J15,POTR5,,115,N,,
J15-S35,J15,POTR5,,125,N,,
J15-S36,J15,POTR5,,17,N,,
J15-S37,J15,POTR5,,27,N,,
J15-S38,J15,POTR5,,36,N,,
J15-S39,J15,POTR5,,45,N,,
J15-S40,J15,POTR5,,420,N,,
J15-S41,J15,POTR5,,194,N,,
J15-S42,J15,POTR5,,54,N,,
J15-S43,J15,POTR5,,40,N,,
J15-S44,J15,POTR5,,150,N,,
J15-S45,J15,POTR5,,145,N,,
J15-S46,J15,POTR5,,85,N,,
J15-S47,J15,POTR5,,176,N,,
J15-S48,J15,POTR5,,165,N,,
J15-S49,J15,POTR5,,125,N,,
J15-S50,J15,POTR5,,146,N,,
J15-S51,J15,POTR5,,70,N,,
J15-S52,J15,POTR5,,96,N,,
J15-S53,J15,POTR5,,248,N,,
J15-S54,J15,POTR5,,110,N,,
J15-S55,J15,POTR5,,175,N,,
J15-S56,J15,POTR5,,147,N,,
J16-S01,J16,POTR5,2.93,205,N,1985,
J16-S02,J16,POTR5,2.65,205,N,1980,
J16-S03,J16,POTR5,1,84,N,2003,
J16-S04,J16,POTR5,3.98,210,N,1988,
J16-S05,J16,POTR5,1.27,93,N,1994,
J16-S06,J16,POTR5,3.66,367,N,1987,
J16-S07,J16,POTR5,0.72,91,N,2005,
J16-S08,J16,POTR5,2.12,90,N,2001,
J16-S09,J16,POTR5,2.38,115,N,1999,
J16-S10,J16,POTR5,2.72,215,N,1990,
J16-S11,J16,POTR5,5.25,475,N,1976,
J16-S12,J16,POTR5,1.4,120,N,2002,
J16-S13,J16,POTR5,4.54,335,N,1975,
J17-S01,J17,POTR5,,16,N,,
J17-S02,J17,POTR5,0.86,85,N,2008,
J17-S03,J17,POTR5,,150,N,,
J17-S04,J17,ABLA,3.24,200,N,1992,
J17-S05,J17,POTR5,,30,N,2010,
J17-S06,J17,POTR5,1.27,105,N,1994,
J17-S07,J17,POTR5,3.38,220,N,1991,
J17-S08,J17,POTR5,,25,N,2010,
J17-S09,J17,POTR5,,30,N,2010,
J17-S10,J17,POTR5,,30,N,2010,
J17-S11,J17,POTR5,2.08,250,N,2000,
J17-S12,J17,POTR5,0.8,120,N,2001,
J17-S13,J17,POTR5,2.13,300,N,1996,
J17-S14,J17,POTR5,5.28,200,Y,,
J17-S15,J17,POTR5,1.3,150,Y,2000,
J18-S01,J18,POTR5,7.62,518,N,1989,
J18-S02,J18,POTR5,7.57,488,N,1987,
J18-S03,J18,POTR5,,105,N,,
J18-S04,J18,POTR5,2.43,185,N,1999,
J18-S05,J18,POTR5,1.57,105,N,2000,
J18-S06,J18,POTR5,2.2,120,N,1998,
J18-S07,J18,POTR5,2.53,115,Y,1995,
J18-S08,J18,POTR5,2.5,125,Y,1998,
J18-S09,J18,POTR5,3.39,275,Y,1994,
J18-S10,J18,POTR5,3.92,250,Y,1993,
J19-S01,J19,POTR5,2.09,170,Y,2001,
J19-S02,J19,POTR5,1.25,90,Y,2004,
J19-S03,J19,POTR5,1.86,135,Y,2003,
J19-S04,J19,POTR5,2.46,175,Y,2000,
J19-S05,J19,POTR5,2.84,200,Y,2000,
J19-S06,J19,POTR5,3.08,230,Y,1999,
J19-S07,J19,POTR5,2.24,190,Y,2004,
J19-S08,J19,POTR5,2.94,230,Y,2001,
J19-S09,J19,POTR5,3.24,290,Y,2003,
J19-S10,J19,POTR5,2.42,210,Y,2003,
J20-S01,J20,POTR5,5.59,280,N,1986,
J20-S02,J20,ABLA,5.22,200,Y,1984,
J20-S03,J20,ABLA,3.72,200,Y,1989,
J20-S04,J20,POTR5,4.72,300,Y,1993,
J20-S05,J20,POTR5,3.82,200,Y,1993,
J20-S06,J20,POTR5,2.08,80,Y,1997,
J20-S07,J20,POTR5,1.97,165,Y,1999,
J20-S08,J20,ABLA,6.16,280,Y,1984,
J20-S09,J20,POTR5,3.99,240,Y,1988,
J20-S10,J20,POTR5,1.84,170,Y,2000,
J21-S01,J21,ABLA,,47,N,,
J21-S02,J21,POTR5,1.64,143,N,1999,
J21-S03,J21,POTR5,2.71,80,N,1999,
J21-S04,J21,POTR5,1.04,66,N,2003,
J21-S05,J21,POTR5,1.74,144,N,2004,
J21-S06,J21,POTR5,,63,Y,,
J21-S07,J21,POTR5,4.62,175,Y,1993,
J21-S08,J21,POTR5,1.8,145,Y,2000,
J21-S09,J21,POTR5,2.1,129,Y,1991,
J21-S10,J21,ABLA,4.38,181,Y,1983,
J22-S01,J22,ABLA,5.06,200,N,1974,
J22-S02,J22,POTR5,1.61,100,Y,2000,
J22-S03,J22,POTR5,1.24,120,Y,2000,
J22-S04,J22,POTR5,2.78,200,Y,1999,
J22-S05,J22,POTR5,2.44,300,Y,1999,
J22-S06,J22,POTR5,2.7,220,Y,2002,
J22-S07,J22,POTR5,3.53,400,Y,1991,
J22-S08,J22,POTR5,3.72,300,Y,1986,
J22-S09,J22,POTR5,1.7,125,Y,1988,
J22-S10,J22,POTR5,2.06,150,Y,1990,
J23-S01,J23,POTR5,0.37,85,N,2010,
J23-S02,J23,POTR5,0.34,76,N,2009,
J23-S03,J23,POTR5,0.34,37,N,2010,
J23-S04,J23,POTR5,0.86,77,N,2010,
J23-S05,J23,POTR5,0.42,67,N,2008,
J23-S06,J23,POTR5,3.18,285,N,1990,
J23-S07,J23,POTR5,0.28,31,N,2010,
J23-S08,J23,POTR5,0.26,18,N,2010,
J23-S09,J23,POTR5,,67,N,,
J23-S10,J23,POTR5,2.08,180,N,1989,
J23-S11,J23,POTR5,1.39,140,N,1995,
J23-S12,J23,POTR5,0.44,60,N,2008,
J23-S13,J23,POTR5,2.16,266,N,1989,
J23-S14,J23,POTR5,0.68,80,N,2009,
J23-S15,J23,POTR5,0.54,77,N,2010,
J23-S16,J23,POTR5,1.49,155,N,2000,
J23-S17,J23,POTR5,0.38,61,N,2010,
J23-S18,J23,POTR5,,41,N,,
J23-S19,J23,POTR5,,9,N,2011,
J23-S20,J23,POTR5,,325,N,,
J23-S21,J23,POTR5,,325,N,,
J24-S01,J24,POTR5,0.44,55,N,2009,
J24-S02,J24,POTR5,0.36,50,N,2009,
J24-S03,J24,POTR5,0.8,110,N,2008,
J24-S04,J24,POTR5,4.08,275,N,1989,
J24-S05,J24,POTR5,2.22,175,N,1998,
J24-S06,J24,POTR5,2.2,175,N,1991,
J24-S07,J24,POTR5,2.51,240,N,1998,
J24-S08,J24,POTR5,1.28,145,N,1992,
J24-S09,J24,POTR5,0.54,95,N,2009,
J24-S10,J24,POTR5,0.42,77,N,2009,
J24-S11,J24,POTR5,0.4,55,N,2010,
J24-S12,J24,POTR5,0.44,80,N,2009,
J24-S13,J24,POTR5,1.65,195,N,2001,
J24-S14,J24,POTR5,1.31,145,N,2001,
J24-S15,J24,POTR5,1.52,130,N,2000,
J24-S16,J24,POTR5,,100,N,,
J24-S17,J24,POTR5,,65,N,,
J24-S18,J24,POTR5,,90,N,,
J24-S19,J24,POTR5,,120,N,,
J24-S20,J24,POTR5,6.3,350,N,1966,
J24-S21,J24,POTR5,,75,N,,
J24-S22,J24,POTR5,,145,N,,
J24-S23,J24,POTR5,,120,N,,
J24-S24,J24,POTR5,,45,N,,
J24-S25,J24,POTR5,,45,N,,
J25-S01,J25,POTR5,,75,N,,
J25-S02,J25,POTR5,,145,N,,
J25-S03,J25,POTR5,,60,Y,,
J25-S04,J25,POTR5,,115,Y,,
J25-S05,J25,POTR5,,250,N,,1999
J25-S06,J25,POTR5,,75,Y,,
J25-S07,J25,POTR5,,235,Y,,
J25-S08,J25,POTR5,,145,Y,,
J25-S09,J25,POTR5,0.83,45,Y,2008,
J25-S10,J25,POTR5,0.7,40,Y,2007,
J25-S11,J25,POTR5,0.63,60,Y,2007,
J26-S01,J26,POTR5,7.6,350,N,1986,
J26-S02,J26,POTR5,4.1,310,N,1993,
J26-S03,J26,POTR5,1.65,120,N,2001,
J26-S04,J26,POTR5,5.95,400,N,1987,
J26-S05,J26,POTR5,2.84,160,N,1992,
J26-S06,J26,POTR5,1.13,80,N,2003,
J26-S07,J26,POTR5,0.98,65,N,2003,
J26-S08,J26,POTR5,0.42,24,N,2008,
J26-S09,J26,POTR5,1.34,75,N,2008,
J26-S10,J26,POTR5,0.38,20,N,2011,
J26-S11,J26,POTR5,,125,N,,
J26-S12,J26,POTR5,0.5,50,N,2004,
J26-S13,J26,POTR5,4.64,420,N,1996,
J26-S14,J26,POTR5,,155,N,,
J26-S15,J26,POTR5,3.24,165,N,1987,
J26-S16,J26,POTR5,4.9,310,N,1982,
J26-S17,J26,POTR5,1.94,145,N,1990,
J26-S18,J26,POTR5,,290,N,,
J26-S19,J26,POTR5,,450,N,,
J27-S01,J27,POTR5,5.85,310,N,1984,
J27-S02,J27,POTR5,1.64,160,N,2000,
J27-S03,J27,POTR5,1.74,145,N,2000,
J27-S04,J27,POTR5,5.84,325,N,1986,
J27-S05,J27,POTR5,4.63,265,N,1994,
J27-S06,J27,POTR5,0.64,45,N,2009,
J27-S07,J27,POTR5,,300,N,,
J27-S08,J27,POTR5,0.9,60,N,2002,
J27-S09,J27,POTR5,5.26,270,N,1993,
J27-S10,J27,POTR5,3.64,230,N,1995,
J27-S11,J27,POTR5,1.4,75,N,2001,
J27-S12,J27,POTR5,1.08,89,N,2003,
J27-S13,J27,POTR5,1.28,110,N,2007,
J27-S14,J27,POTR5,0.7,87,N,2008,
J27-S15,J27,POTR5,10.36,280,N,1976,
J28-S01,J28,POTR5,4.91,450,N,1987,
J28-S02,J28,POTR5,3.32,375,N,1990,
J28-S03,J28,POTR5,4.92,430,N,1987,
J28-S04,J28,POTR5,4.51,400,N,1987,
J28-S05,J28,POTR5,3.65,375,N,1986,
J28-S06,J28,POTR5,6.68,625,N,1987,
J28-S07,J28,POTR5,2.98,145,N,1991,
J28-S08,J28,POTR5,5.32,550,N,1986,
J28-S09,J28,POTR5,7.38,700,N,1987,
J28-S10,J28,POTR5,3.56,260,N,1987,
J28-S11,J28,POTR5,2.32,145,N,2001,
J28-S12,J28,POTR5,5.58,450,N,1990,
J28-S13,J28,POTR5,1.24,82,N,2009,
J28-S14,J28,POTR5,,95,N,,
J28-S15,J28,POTR5,,75,N,,
J28-S16,J28,POTR5,8.26,575,N,1988,
J28-S17,J28,POTR5,,300,N,,
J28-S18,J28,POTR5,,215,N,,
J29-S01,J29,POTR5,1.13,75,N,2001,
J29-S02,J29,POTR5,3.04,175,N,1989,
J29-S03,J29,POTR5,2.74,175,Y,2000,
J29-S04,J29,POTR5,2.7,150,Y,1999,
J29-S05,J29,POTR5,2.24,130,Y,1998,
J29-S06,J29,POTR5,0.8,75,Y,2003,
J29-S07,J29,POTR5,2.08,120,Y,2002,
J29-S08,J29,POTR5,3.56,230,Y,2000,
J29-S09,J29,POTR5,4.83,230,Y,1985,
J29-S10,J29,POTR5,4.06,155,Y,1987,
J30-S01,J30,POTR5,3.6,230,N,1999,
J30-S02,J30,POTR5,5.56,275,N,2000,
J30-S03,J30,POTR5,2.02,126,N,2006,
J30-S04,J30,POTR5,0.15,38,Y,2010,
J30-S05,J30,POTR5,0.88,70,Y,2007,
J30-S06,J30,POTR5,2.6,200,Y,2000,
J30-S07,J30,ABLA,5.42,210,Y,1954,
J30-S08,J30,ABLA,6.38,470,Y,1965,
J30-S09,J30,POTR5,0.73,32,Y,2009,
J30-S10,J30,POTR5,3.9,310,Y,1998,
J31-S01,J31,POTR5,1.44,100,N,2003,
J31-S02,J31,POTR5,1.54,135,N,2004,
J31-S03,J31,POTR5,1.64,130,N,2005,
J31-S04,J31,POTR5,5.34,300,N,1985,
J31-S05,J31,POTR5,9.14,180,N,1964,
J31-S06,J31,POTR5,3.46,160,N,1992,
J31-S07,J31,POTR5,5.36,275,Y,1979,
J31-S08,J31,POTR5,4.17,200,Y,1987,
J31-S09,J31,POTR5,4.57,195,Y,1985,
J31-S10,J31,POTR5,3,180,Y,2000,
J32-S01,J32,POTR5,0.92,120,N,2008,
J32-S02,J32,POTR5,1.49,110,N,1994,
J32-S03,J32,POTR5,0.43,45,N,2009,
J32-S04,J32,POTR5,0.32,75,N,2010,
J32-S05,J32,POTR5,0.32,60,N,2011,
J32-S06,J32,POTR5,0.57,65,N,2010,
J32-S07,J32,POTR5,0.42,105,N,2010,
J32-S08,J32,POTR5,0.16,35,N,2011,
J32-S09,J32,POTR5,0.82,80,N,2007,
J32-S10,J32,POTR5,0.28,60,N,2011,
J32-S11,J32,POTR5,0.84,110,N,2003,
J32-S12,J32,POTR5,,30,N,2011,
J32-S13,J32,POTR5,0.26,35,N,2010,
J32-S14,J32,POTR5,0.8,110,N,2008,
J32-S15,J32,POTR5,0.48,75,N,2010,
J32-S16,J32,POTR5,8.36,500,N,1980,
J32-S17,J32,POTR5,,65,N,,
J32-S18,J32,POTR5,,80,N,,
J32-S19,J32,POTR5,,95,N,,
J32-S20,J32,POTR5,,145,N,,
J32-S21,J32,POTR5,,150,N,,
J32-S22,J32,POTR5,,60,N,,
J32-S23,J32,POTR5,,65,N,,
J32-S24,J32,POTR5,,30,N,,
J32-S25,J32,POTR5,,105,N,,
J32-S26,J32,POTR5,,105,N,,
J32-S27,J32,POTR5,,110,N,,
J32-S28,J32,POTR5,,150,N,,
J32-S29,J32,POTR5,,60,N,,
J32-S30,J32,POTR5,,39,N,,
J32-S31,J32,POTR5,,40,N,,
J32-S32,J32,POTR5,,25,N,,
J32-S33,J32,POTR5,,175,N,,
J32-S34,J32,POTR5,,500,N,,
J32-S35,J32,POTR5,,100,N,,
J32-S36,J32,POTR5,,45,N,,
J32-S37,J32,POTR5,,230,N,,
J33-S01,J33,POTR5,7.45,366,N,1974,
J33-S02,J33,POTR5,7.24,488,N,1957,
J33-S03,J33,POTR5,6.08,366,N,1975,
J33-S04,J33,POTR5,4.25,488,N,1987,
J33-S05,J33,POTR5,3.71,305,N,1990,
J33-S06,J33,POTR5,4.09,366,N,1989,
J33-S07,J33,POTR5,2.86,274,N,1991,
J33-S08,J33,POTR5,4.68,457,N,1990,
J34-S01,J34,POTR5,2.6,200,N,1987,
J34-S02,J34,POTR5,2.52,250,N,1992,
J34-S03,J34,POTR5,1.76,150,N,1998,
J34-S04,J34,POTR5,3.3,175,N,1981,
J34-S05,J34,POTR5,1.41,150,N,2001,
J34-S06,J34,POTR5,1.54,75,N,2000,
J34-S07,J34,POTR5,3.93,300,N,1976,
J34-S08,J34,POTR5,4.36,400,N,1988,
J34-S09,J34,POTR5,4.32,300,N,1994,
J34-S10,J34,POTR5,0.28,20,N,2010,
J35-S01,J35,POTR5,0.8,45,N,2007,
J35-S02,J35,POTR5,0.7,35,N,2008,
J35-S03,J35,POTR5,,12,N,,
J35-S04,J35,POTR5,,37,N,,
J35-S05,J35,POTR5,0.96,60,N,2008,
J35-S06,J35,POTR5,,32,N,,
J35-S07,J35,POTR5,0.66,25,N,2009,
J35-S08,J35,POTR5,1.52,120,N,2008,
J35-S09,J35,POTR5,0.76,65,N,2008,
J35-S10,J35,POTR5,0.9,70,N,2008,
J35-S11,J35,POTR5,0.62,80,N,2008,
J35-S12,J35,POTR5,1.3,43,N,2009,
J35-S13,J35,POTR5,0.54,44,N,2008,
J35-S14,J35,POTR5,0.7,47,N,2009,
J35-S15,J35,POTR5,0.82,38,N,2009,
J35-S16,J35,POTR5,,15,N,,
J35-S17,J35,POTR5,,15,N,,
J35-S18,J35,POTR5,,14,N,,
J35-S19,J35,POTR5,,90,N,,
J35-S20,J35,POTR5,,45,N,,
J35-S21,J35,POTR5,,60,N,,
J35-S22,J35,POTR5,,105,N,,
J35-S23,J35,POTR5,,30,N,,
J35-S24,J35,POTR5,,50,N,,
J36-S01,J36,POTR5,3.06,260,N,1988,
J36-S02,J36,POTR5,4.56,310,N,1992,
J36-S03,J36,POTR5,5.14,285,N,1989,
J36-S04,J36,POTR5,2.32,163,N,1989,
J36-S05,J36,POTR5,4.67,210,N,1987,
J36-S06,J36,POTR5,2.89,205,N,2002,
J36-S07,J36,POTR5,0.6,71,Y,2009,
J36-S08,J36,POTR5,,26,Y,2011,
J36-S09,J36,POTR5,2.72,115,Y,1995,
J36-S10,J36,POTR5,1.96,97,Y,1999,
J36-S11,J36,POTR5,1.56,104,Y,2005,
J37-S01,J37,POTR5,4.65,320,N,1989,
J37-S02,J37,POTR5,,150,N,,
J37-S03,J37,POTR5,4.85,350,N,1990,
J37-S04,J37,POTR5,2.58,145,N,1990,
J37-S05,J37,POTR5,5.86,300,N,1988,
J37-S06,J37,POTR5,3.9,210,N,1987,
J37-S07,J37,POTR5,7.32,450,N,1988,
J37-S08,J37,POTR5,3.05,200,N,1998,
J37-S09,J37,POTR5,2.8,200,N,1992,
J37-S10,J37,POTR5,2,120,N,2001,
J37-S11,J37,POTR5,4.22,300,N,1993,
J37-S12,J37,POTR5,2.72,200,N,1996,
J37-S13,J37,POTR5,2.77,220,N,1989,
J37-S14,J37,POTR5,1.52,115,N,2000,
J37-S15,J37,POTR5,3.56,270,N,1999,
J37-S16,J37,POTR5,4.38,280,N,1986,
J37-S17,J37,POTR5,2.56,220,N,1999,
J37-S18,J37,POTR5,3.76,185,N,1984,
J37-S19,J37,POTR5,,120,N,,
J37-S20,J37,POTR5,,170,N,,
J37-S21,J37,POTR5,,180,N,,
J37-S22,J37,POTR5,,140,N,,
J37-S23,J37,POTR5,,90,N,,
J37-S24,J37,POTR5,,70,N,,
J37-S25,J37,POTR5,,175,N,,
J37-S26,J37,POTR5,,150,N,,
J37-S27,J37,POTR5,,100,N,,
J38-S01,J38,POTR5,1.3,90,N,2000,
J38-S02,J38,POTR5,1.34,100,N,2003,
J38-S03,J38,POTR5,1.96,130,N,1994,
J38-S04,J38,POTR5,1.95,165,N,2002,
J38-S05,J38,POTR5,3.74,400,N,1996,
J38-S06,J38,POTR5,2.52,185,N,1998,
J38-S07,J38,POTR5,2.98,200,N,1988,
J38-S08,J38,POTR5,2.5,195,N,1999,
J38-S09,J38,POTR5,2.54,170,N,1999,
J38-S10,J38,POTR5,3.8,315,N,1998,
J39-S01,J39,POTR5,0.7,32,N,2009,
J39-S02,J39,POTR5,0.48,46,N,2006,
J39-S03,J39,POTR5,0.4,45,N,2009,
J39-S04,J39,POTR5,3.85,100,N,1989,
J39-S05,J39,POTR5,3.38,250,N,1989,
J39-S06,J39,POTR5,1.64,150,N,1996,
J39-S07,J39,POTR5,5.08,350,N,1986,
J39-S08,J39,POTR5,7.04,425,N,1989,
J39-S09,J39,POTR5,7.14,390,N,1978,
J39-S10,J39,POTR5,3.96,140,N,1984,
J40-S01,J40,POTR5,0.75,120,N,2006,
J40-S02,J40,POTR5,,5,N,,
J40-S03,J40,POTR5,,42,N,,
J40-S04,J40,POTR5,0.43,57,N,2008,
J40-S05,J40,POTR5,,45,N,2010,
J40-S06,J40,POTR5,,40,N,2010,
J40-S07,J40,POTR5,1.5,150,N,2001,
J40-S08,J40,POTR5,1.08,150,N,2005,
J40-S09,J40,POTR5,0.46,48,N,2008,
J40-S10,J40,POTR5,0.98,85,N,2005,
J40-S11,J40,POTR5,2.74,300,N,1991,
J40-S12,J40,POTR5,3.77,435,N,1999,
J40-S13,J40,POTR5,3.77,435,N,1998,
J40-S14,J40,POTR5,0.7,100,N,2004,
R01-S01,R01,POTR5,0.72,35,N,2007,
R01-S02,R01,POTR5,2.94,104,N,1994,
R01-S03,R01,POTR5,1.64,180,N,2007,
R01-S04,R01,POTR5,6.02,290,N,1978,
R01-S05,R01,POTR5,0.34,28,N,2010,
R01-S06,R01,POTR5,,235,N,,
R01-S07,R01,POTR5,1.91,175,N,1993,
R01-S08,R01,POTR5,0.65,50,N,2007,
R01-S09,R01,POTR5,,395,N,,
R01-S10,R01,POTR5,7.42,380,N,1986,
R01-S11,R01,POTR5,0.23,25,N,2011,
R01-S12,R01,POTR5,0.38,40,N,2009,
R01-S13,R01,POTR5,2.04,74,N,2002,
R01-S14,R01,POTR5,0.12,14,N,2011,
R01-S15,R01,POTR5,1.15,95,N,2004,
R01-S16,R01,POTR5,,320,N,,
R01-S17,R01,POTR5,,75,N,,
R01-S18,R01,POTR5,,46,N,,
R01-S19,R01,POTR5,,260,N,,
R01-S20,R01,POTR5,,288,N,,
R01-S21,R01,POTR5,,300,N,,
R01-S22,R01,POTR5,,230,N,,
R01-S23,R01,POTR5,,310,N,,
R01-S24,R01,POTR5,,270,N,,
R01-S25,R01,POTR5,,270,N,,
R01-S26,R01,POTR5,,255,N,,
R01-S27,R01,POTR5,,290,N,,
R01-S28,R01,POTR5,,280,N,,
R01-S29,R01,POTR5,,265,N,,
R01-S30,R01,POTR5,,240,N,,
R02-S01,R02,POTR5,5.78,420,N,1993,
R02-S02,R02,POTR5,2.68,400,N,2003,
R02-S03,R02,POTR5,1.58,140,N,2000,
R02-S04,R02,POTR5,3.72,340,N,2001,
R02-S05,R02,POTR5,2.86,250,N,1996,
R02-S06,R02,POTR5,0.6,70,N,2008,
R02-S07,R02,POTR5,1.68,160,N,1999,
R02-S08,R02,POTR5,1,45,N,2005,
R02-S09,R02,POTR5,5.78,600,N,1997,
R02-S10,R02,POTR5,4.61,600,N,1998,
R02-S11,R02,POTR5,0.8,65,N,2008,
R02-S12,R02,POTR5,3.15,300,N,1997,
R02-S13,R02,POTR5,5.23,515,N,1994,
R02-S14,R02,POTR5,3.03,300,N,1998,
R03-S01,R03,POTR5,0.63,100,N,2008,
R03-S02,R03,POTR5,1.94,145,N,2002,
R03-S03,R03,POTR5,4.01,225,N,1992,
R03-S04,R03,POTR5,1.6,155,N,2002,
R03-S05,R03,POTR5,1.72,150,N,2002,
R03-S06,R03,POTR5,1.44,145,N,2002,
R03-S07,R03,POTR5,1.82,165,N,2001,
R03-S08,R03,POTR5,1.18,110,N,1999,
R03-S09,R03,POTR5,0.7,73,N,2003,
R03-S10,R03,POTR5,2.3,220,N,2002,
R03-S11,R03,POTR5,4.42,275,N,1988,
R03-S12,R03,POTR5,0.97,95,N,2003,
R03-S13,R03,POTR5,,195,N,,
R03-S14,R03,POTR5,2.24,230,N,2001,
R03-S15,R03,POTR5,2.84,275,N,1991,
R03-S16,R03,POTR5,,150,N,,
R03-S17,R03,POTR5,,250,N,,
R03-S18,R03,POTR5,3.97,175,N,1988,
R03-S19,R03,POTR5,,320,N,,
R03-S20,R03,POTR5,,110,N,,
R03-S21,R03,POTR5,,225,N,,
R03-S22,R03,POTR5,,200,N,,
R03-S23,R03,POTR5,,230,N,,
R03-S24,R03,POTR5,,250,N,,
R03-S25,R03,POTR5,,85,N,,
R04-S01,R04,POTR5,0.68,55,N,2004,
R04-S02,R04,POTR5,1.4,125,N,2005,
R04-S03,R04,POTR5,1.11,125,N,2003,
R04-S04,R04,POTR5,3.2,200,N,1996,
R04-S05,R04,POTR5,0.93,95,N,2004,
R04-S06,R04,POTR5,0.84,80,N,2006,
R04-S07,R04,POTR5,4.5,300,N,1974,
R04-S08,R04,POTR5,0.77,100,N,2009,
R04-S09,R04,POTR5,1.1,95,N,2000,
R04-S10,R04,POTR5,2.19,110,Y,2001,
R05-S01,R05,POTR5,0.9,55,N,2005,
R05-S02,R05,POTR5,0.98,75,N,2005,
R05-S03,R05,POTR5,1.93,100,N,2003,
R05-S04,R05,POTR5,1.86,75,Y,2003,
R05-S05,R05,POTR5,1.14,105,Y,1999,
R05-S06,R05,POTR5,1.55,60,Y,2000,
R05-S07,R05,POTR5,0.81,100,Y,2007,
R05-S08,R05,POTR5,1.48,100,Y,1999,
R05-S09,R05,POTR5,1.44,140,Y,2004,
R05-S10,R05,POTR5,1.34,105,Y,2008,
R06-S01,R06,POTR5,4.62,330,N,1999,
R06-S02,R06,POTR5,8.14,415,N,1979,
R06-S03,R06,POTR5,2.86,245,N,2000,
R06-S04,R06,POTR5,3.42,180,N,1989,
R06-S05,R06,POTR5,3.37,210,N,1997,
R06-S06,R06,POTR5,1.8,176,N,2004,
R06-S07,R06,POTR5,1.4,110,N,2004,
R06-S08,R06,POTR5,2.36,220,N,1991,
R06-S09,R06,POTR5,0.51,66,N,2009,
R06-S10,R06,POTR5,,15,N,2011,
R06-S11,R06,POTR5,,33,N,2011,
R06-S12,R06,POTR5,0.5,85,N,2010,
R06-S13,R06,POTR5,4.72,280,N,1979,
R06-S14,R06,POTR5,0.78,84,N,2007,
R06-S15,R06,POTR5,0.56,92,N,2009,
R06-S16,R06,POTR5,0.6,36,N,2010,
R06-S17,R06,POTR5,3.21,155,N,1994,
R06-S18,R06,POTR5,,44,N,,
R06-S19,R06,POTR5,,17,N,,
R06-S20,R06,POTR5,,95,N,,
R06-S21,R06,POTR5,,28,N,,
R06-S22,R06,POTR5,,34,N,,
R06-S23,R06,POTR5,,95,N,,
R06-S24,R06,POTR5,,21,N,,
R06-S25,R06,POTR5,,145,N,,
R06-S26,R06,POTR5,,140,N,,
R06-S27,R06,POTR5,2.94,275,N,1992,
R06-S28,R06,POTR5,,135,N,,
R06-S29,R06,POTR5,,77,N,,
R06-S30,R06,POTR5,,190,N,,
R06-S31,R06,POTR5,,145,N,,
R06-S32,R06,POTR5,,50,N,,
R06-S33,R06,POTR5,,215,N,,
R06-S34,R06,POTR5,,210,N,,
R07-S01,R07,POTR5,5.46,457,N,1991,
R07-S02,R07,POTR5,3.43,305,N,,
R07-S03,R07,POTR5,4.04,336,N,1986,
R07-S04,R07,POTR5,0.86,120,N,2007,
R07-S05,R07,POTR5,2.94,175,N,1986,
R07-S06,R07,POTR5,1.76,135,N,1987,
R07-S07,R07,POTR5,3.03,305,N,1990,
R07-S08,R07,POTR5,0.36,70,N,,
R07-S09,R07,POTR5,,200,N,,
R07-S10,R07,POTR5,6.3,518,N,1984,
R07-S11,R07,POTR5,,300,N,,
R07-S12,R07,POTR5,2.08,200,N,1987,
R07-S13,R07,POTR5,,175,N,,
R07-S14,R07,POTR5,3.64,305,N,1990,
R07-S15,R07,POTR5,5.43,518,N,1980,
R08-S01,R08,POTR5,6.36,375,N,1974,
R08-S02,R08,POTR5,0.78,55,N,2010,
R08-S03,R08,POTR5,0.34,45,N,2011,
R08-S04,R08,POTR5,0.3,25,N,2011,
R08-S05,R08,POTR5,0.36,35,N,2010,
R08-S06,R08,POTR5,0.34,45,N,2009,
R08-S07,R08,POTR5,0.2,25,N,2011,
R08-S08,R08,POTR5,,25,N,2011,
R08-S09,R08,POTR5,0.3,15,N,2011,
R08-S10,R08,POTR5,0.34,18,N,2010,
R08-S11,R08,POTR5,2.08,70,N,1997,
R08-S12,R08,POTR5,3.98,170,N,1986,
R08-S13,R08,POTR5,3.71,75,N,1989,
R08-S14,R08,POTR5,4.14,350,N,2002,
R08-S15,R08,POTR5,1.3,100,N,2006,
R08-S16,R08,POTR5,2.33,200,N,2005,
R08-S17,R08,POTR5,,125,N,,
R09-S01,R09,POTR5,1.5,135,N,2001,
R09-S02,R09,POTR5,0.43,38,N,2011,
R09-S03,R09,POTR5,0.38,48,N,2009,
R09-S04,R09,POTR5,1.44,145,N,2003,
R09-S05,R09,POTR5,1.48,120,N,2004,
R09-S06,R09,POTR5,1.02,55,N,2008,
R09-S07,R09,POTR5,0.3,32,N,2010,
R09-S08,R09,POTR5,,70,N,,
R09-S09,R09,POTR5,1.54,160,N,2003,
R09-S10,R09,POTR5,1.2,76,N,2004,
R09-S11,R09,POTR5,1.84,95,N,2003,
R09-S12,R09,POTR5,0.32,40,N,2011,
R09-S13,R09,POTR5,2.91,110,N,1999,
R09-S14,R09,POTR5,,120,N,,
R09-S15,R09,POTR5,4.6,237,N,1985,
R09-S16,R09,POTR5,2.33,210,N,2003,
R09-S17,R09,POTR5,0.32,29,N,2011,
R09-S18,R09,POTR5,,18,N,,
R09-S19,R09,POTR5,,115,N,,
R09-S20,R09,POTR5,,66,N,,
R09-S21,R09,POTR5,,29,N,,
R09-S22,R09,POTR5,,60,N,,
R09-S23,R09,POTR5,,42,N,,
R09-S24,R09,POTR5,,129,N,,
R09-S25,R09,POTR5,,50,N,,
R09-S26,R09,POTR5,,55,N,,
R09-S27,R09,POTR5,,57,N,,
R09-S28,R09,POTR5,,100,N,,
R09-S29,R09,POTR5,,64,N,,
R09-S30,R09,POTR5,,75,N,,
R09-S31,R09,POTR5,,54,N,,
R09-S32,R09,POTR5,,185,N,,
R09-S33,R09,POTR5,,46,N,,
R09-S34,R09,POTR5,,60,N,,
R09-S35,R09,POTR5,,160,N,,
R09-S36,R09,POTR5,,80,N,,
R09-S37,R09,POTR5,,60,N,,
R09-S38,R09,POTR5,,55,N,,
R09-S39,R09,POTR5,,42,N,,
R09-S40,R09,POTR5,,35,N,,
R09-S41,R09,POTR5,,24,N,2011,
R09-S42,R09,POTR5,,52,N,,
R09-S43,R09,POTR5,,55,N,,
R09-S44,R09,POTR5,,22,N,2011,
R10-S01,R10,POTR5,5.24,450,N,1985,
R10-S02,R10,POTR5,1.28,60,N,2006,
R10-S03,R10,POTR5,,45,N,2010,
R10-S04,R10,POTR5,0.98,100,N,2006,
R10-S05,R10,POTR5,1.63,100,N,2000,
R10-S06,R10,POTR5,1.21,90,N,2001,
R10-S07,R10,POTR5,,30,N,2010,
R10-S08,R10,POTR5,2.54,185,N,1997,
R10-S09,R10,POTR5,1.6,80,N,2004,
R10-S10,R10,POTR5,4.75,155,N,2004,
R10-S11,R10,POTR5,4.22,470,N,1994,
R10-S12,R10,POTR5,2.7,150,N,1999,
R10-S13,R10,POTR5,6.1,200,N,1992,
R10-S14,R10,POTR5,,200,N,,
R10-S15,R10,POTR5,1.68,125,N,1994,
R10-S16,R10,POTR5,5.15,115,N,1999,
R10-S17,R10,POTR5,2.3,300,N,1991,
R10-S18,R10,POTR5,,200,N,,
R10-S19,R10,POTR5,,73,N,,
R10-S20,R10,POTR5,,220,N,,
R10-S21,R10,POTR5,,488,N,,
R10-S22,R10,POTR5,,235,N,,
R10-S23,R10,POTR5,,175,N,,
R10-S24,R10,POTR5,,110,N,,
R10-S25,R10,POTR5,,290,N,,
R10-S26,R10,POTR5,,275,N,,
R10-S27,R10,POTR5,,285,N,,
R10-S28,R10,POTR5,,75,N,,
R10-S29,R10,POTR5,,100,N,,
R10-S30,R10,POTR5,,100,N,,
R10-S31,R10,POTR5,,95,N,,
R10-S32,R10,POTR5,,100,N,,
R10-S33,R10,POTR5,,125,N,,
R10-S34,R10,POTR5,,280,N,,
R10-S35,R10,POTR5,,240,N,,
R10-S36,R10,POTR5,,290,N,,
R10-S37,R10,POTR5,,125,N,,
R10-S38,R10,POTR5,,235,N,,
R10-S39,R10,POTR5,,235,N,,
R10-S40,R10,POTR5,,220,N,,
R10-S41,R10,POTR5,,320,N,,
R10-S42,R10,POTR5,,320,N,,
R10-S43,R10,POTR5,,330,N,,
R10-S44,R10,POTR5,,135,N,,
R10-S45,R10,POTR5,,200,N,,
R10-S46,R10,POTR5,,195,N,,
R10-S47,R10,POTR5,,360,N,,
R10-S48,R10,POTR5,,265,N,,
R10-S49,R10,POTR5,,165,N,,
R10-S50,R10,POTR5,,335,N,,
R10-S51,R10,POTR5,,305,N,,
R10-S52,R10,POTR5,,135,N,,
R10-S53,R10,POTR5,,60,N,,
R11-S01,R11,POTR5,1.32,200,N,2003,
R11-S02,R11,POTR5,2.02,200,N,2002,
R11-S03,R11,POTR5,2.02,190,N,2003,
R11-S04,R11,POTR5,1.49,175,N,1999,
R11-S05,R11,POTR5,1.21,170,N,2002,
R11-S06,R11,POTR5,0.62,80,N,2009,
R11-S07,R11,POTR5,0.48,70,N,2009,
R11-S08,R11,POTR5,,30,N,2010,
R11-S09,R11,POTR5,0.76,85,N,2004,
R11-S10,R11,POTR5,0.93,85,N,2004,
R11-S11,R11,POTR5,,32,N,2010,
R11-S12,R11,POTR5,2.54,290,N,2001,
R11-S13,R11,POTR5,2.59,285,N,2001,
R11-S14,R11,POTR5,2.44,180,N,1989,
R11-S15,R11,POTR5,1.52,120,N,2002,
R11-S16,R11,POTR5,3.46,300,N,2000,
R11-S17,R11,POTR5,1.87,150,N,2001,
R11-S18,R11,POTR5,,180,N,,
R11-S19,R11,POTR5,,170,N,,
R11-S20,R11,POTR5,,110,N,,
R11-S21,R11,POTR5,,75,N,,
R11-S22,R11,POTR5,,270,N,,
R11-S23,R11,POTR5,,110,N,,
R11-S24,R11,POTR5,,75,N,,
R12-S01,R12,POTR5,2.34,210,N,1999,
R12-S02,R12,POTR5,1.12,115,N,2002,
R12-S03,R12,POTR5,1.28,150,N,2001,
R12-S04,R12,POTR5,2.35,210,N,1998,
R12-S05,R12,POTR5,1.78,180,N,1990,
R12-S06,R12,POTR5,2.36,200,N,1998,
R12-S07,R12,POTR5,1.24,180,N,2001,
R12-S08,R12,POTR5,1.4,220,N,2000,
R12-S09,R12,POTR5,1.8,130,N,1999,
R12-S10,R12,POTR5,0.59,60,N,2005,
R12-S11,R12,POTR5,1.96,210,N,1987,
R12-S12,R12,POTR5,2.42,160,N,1995,
R12-S13,R12,POTR5,1.62,305,N,2001,
R12-S14,R12,POTR5,3.34,305,N,1999,
R12-S15,R12,POTR5,5.28,170,N,1978,
R12-S16,R12,POTR5,,160,N,,
R12-S17,R12,POTR5,,220,N,,
R12-S18,R12,POTR5,,65,N,,
R12-S19,R12,POTR5,,230,N,,
R12-S20,R12,POTR5,,120,N,,
R12-S21,R12,POTR5,,90,N,,
R12-S22,R12,POTR5,,110,N,,
R12-S23,R12,POTR5,,120,N,,
R12-S24,R12,POTR5,,200,N,,
R13-S01,R13,POTR5,6.52,400,N,1984,
R13-S02,R13,POTR5,1.15,80,N,2004,
R13-S03,R13,POTR5,1.57,110,N,1999,
R13-S04,R13,POTR5,2.38,200,N,1998,
R13-S05,R13,POTR5,5.26,400,N,1986,
R13-S06,R13,POTR5,1.98,185,N,2004,
R13-S07,R13,POTR5,2.77,190,N,1989,
R13-S08,R13,POTR5,3.77,200,N,1990,
R13-S09,R13,POTR5,6.42,500,N,1986,
R13-S10,R13,POTR5,5.25,375,N,1990,
R13-S11,R13,POTR5,2.88,300,N,2000,
R13-S12,R13,POTR5,1.38,200,N,2004,
R13-S13,R13,POTR5,2.04,120,N,1997,
R13-S14,R13,POTR5,2.14,170,N,1998,
R13-S15,R13,POTR5,2.1,180,N,1997,
R13-S16,R13,POTR5,,95,N,,
R13-S17,R13,POTR5,,175,N,,
R13-S18,R13,POTR5,,100,N,,
R13-S19,R13,POTR5,,85,N,,
R13-S20,R13,POTR5,,45,N,,
R13-S21,R13,POTR5,,130,N,,
R14-S01,R14,POTR5,3.64,270,N,1991,
R14-S02,R14,POTR5,3.18,220,N,2000,
R14-S03,R14,POTR5,4.37,350,N,2001,
R14-S04,R14,POTR5,1.26,105,N,2002,
R14-S05,R14,POTR5,0.52,70,N,2008,
R14-S06,R14,POTR5,0.55,45,N,2009,
R14-S07,R14,POTR5,,35,N,2010,
R14-S08,R14,POTR5,1.76,120,N,2002,
R14-S09,R14,POTR5,,40,N,,
R14-S10,R14,POTR5,0.88,90,N,2006,
R14-S11,R14,POTR5,,45,N,2010,
R14-S12,R14,POTR5,1.2,80,N,2003,
R14-S13,R14,POTR5,2.13,130,N,2001,
R14-S14,R14,POTR5,2,115,N,2002,
R14-S15,R14,POTR5,1.6,150,N,2006,
R14-S16,R14,POTR5,1.24,75,N,2005,
R14-S17,R14,POTR5,,95,N,,
R14-S18,R14,POTR5,,60,N,,
R14-S19,R14,POTR5,,145,N,,
R14-S20,R14,POTR5,1.55,80,N,2000,
R14-S21,R14,POTR5,,90,N,,
R14-S22,R14,POTR5,,200,N,,
R14-S23,R14,POTR5,,95,N,,
R14-S24,R14,POTR5,,100,N,,
R14-S25,R14,POTR5,,90,N,,
R14-S26,R14,POTR5,,65,N,,
R14-S27,R14,POTR5,,60,N,,
R14-S28,R14,POTR5,,75,N,,
R14-S29,R14,POTR5,,65,N,,
R15-S01,R15,POTR5,3.74,155,N,1990,
R15-S02,R15,POTR5,6.32,400,N,1987,
R15-S03,R15,POTR5,,5,N,2011,
R15-S04,R15,POTR5,,130,N,,
R15-S05,R15,POTR5,6.44,400,N,1986,
R15-S06,R15,POTR5,1.41,70,N,2003,
R15-S07,R15,POTR5,3.15,128,N,1994,
R15-S08,R15,POTR5,2.52,145,N,1991,
R15-S09,R15,POTR5,0.5,25,N,2008,
R15-S10,R15,POTR5,7.62,370,N,1982,
R15-S11,R15,POTR5,1.12,35,N,2003,
R15-S12,R15,POTR5,7.87,410,N,1988,
R15-S13,R15,POTR5,8.78,385,N,1975,
R15-S14,R15,POTR5,5.03,157,N,1994,
R15-S15,R15,POTR5,,75,N,,
R15-S16,R15,POTR5,4.88,315,N,1989,
R15-S17,R15,POTR5,5.6,300,N,1995,
R15-S18,R15,POTR5,2.01,110,N,2001,
R15-S19,R15,POTR5,,135,N,,
R15-S20,R15,POTR5,,260,N,,
R15-S21,R15,POTR5,,270,N,,
R15-S22,R15,POTR5,,57,N,,
R15-S23,R15,POTR5,,35,N,,
R15-S24,R15,POTR5,,100,N,,
R15-S25,R15,POTR5,,60,N,,
R15-S26,R15,POTR5,,27,N,,
R15-S27,R15,POTR5,,60,N,,
R15-S28,R15,POTR5,,35,N,,
R15-S29,R15,POTR5,,13,N,,
R15-S30,R15,POTR5,,28,N,,
R15-S31,R15,POTR5,,17,N,,
R15-S32,R15,POTR5,,15,N,,
R15-S33,R15,POTR5,,265,N,,
R15-S34,R15,POTR5,,300,N,,
R15-S35,R15,POTR5,,75,N,,
R15-S36,R15,POTR5,,100,N,,
R15-S37,R15,POTR5,,35,N,,
R16-S01,R16,POTR5,0.6,45,N,2009,
R16-S02,R16,POTR5,,54,N,2010,
R16-S03,R16,POTR5,,50,N,2010,
R16-S04,R16,POTR5,,48,N,2010,
R16-S05,R16,POTR5,0.86,110,N,2007,
R16-S06,R16,POTR5,0.84,80,N,2007,
R16-S07,R16,POTR5,0.89,85,N,2008,
R16-S08,R16,POTR5,0.42,55,N,2009,
R16-S09,R16,POTR5,0.87,95,N,2007,
R16-S10,R16,POTR5,3.92,105,N,1990,
R16-S11,R16,POTR5,0.68,70,N,2007,
R16-S12,R16,POTR5,,85,N,,
R16-S13,R16,POTR5,,100,N,,
R16-S14,R16,POTR5,1.07,100,N,2007,
R16-S15,R16,POTR5,,55,N,,
R16-S16,R16,POTR5,,90,N,2008,
R16-S17,R16,POTR5,0.76,85,N,2008,
R16-S18,R16,POTR5,0.49,60,N,2008,
R16-S19,R16,POTR5,,140,N,,
R16-S20,R16,POTR5,,130,N,,
R16-S21,R16,POTR5,,400,N,,
R16-S22,R16,POTR5,,550,N,,
R16-S23,R16,POTR5,,75,N,,
R16-S24,R16,POTR5,,55,N,,
R16-S25,R16,POTR5,,55,N,,
R16-S26,R16,POTR5,,30,N,,
R17-S01,R17,POTR5,0.81,77,N,2009,
R17-S02,R17,POTR5,0.34,55,N,2010,
R17-S03,R17,POTR5,2.09,155,N,2005,
R17-S04,R17,POTR5,3.34,287,N,2003,
R17-S05,R17,POTR5,0.68,75,N,2010,
R17-S06,R17,POTR5,0.22,30,N,2011,
R17-S07,R17,POTR5,0.23,26,N,2011,
R17-S08,R17,POTR5,0.24,30,N,2011,
R17-S09,R17,POTR5,0.24,33,N,2011,
R17-S10,R17,POTR5,0.12,19,N,2011,
R17-S11,R17,POTR5,0.32,32,N,2010,
R17-S12,R17,POTR5,0.5,36,N,2009,
R17-S13,R17,POTR5,0.18,33,N,2011,
R17-S14,R17,POTR5,,15,N,2011,
R17-S15,R17,POTR5,0.17,25,N,2011,
R17-S16,R17,POTR5,,11,N,2011,
R18-S01,R18,POTR5,0.66,35,N,2008,
R18-S02,R18,POTR5,0.27,20,N,2010,
R18-S03,R18,POTR5,1.5,35,N,2002,
R18-S04,R18,POTR5,2.19,230,N,2000,
R18-S05,R18,POTR5,0.6,36,N,2008,
R18-S06,R18,POTR5,7.18,480,N,1976,
R18-S07,R18,POTR5,0.56,34,N,2009,
R18-S08,R18,POTR5,0.4,40,N,2010,
R18-S09,R18,POTR5,0.47,30,N,2009,
R18-S10,R18,POTR5,0.7,35,N,2009,
R18-S11,R18,POTR5,0.44,30,N,2010,
R18-S12,R18,POTR5,0.3,20,N,2009,
R18-S13,R18,POTR5,0.46,30,N,2011,
R18-S14,R18,POTR5,1.81,185,N,2000,
R18-S15,R18,POTR5,1.56,210,N,2001,
R18-S16,R18,POTR5,,22,N,,
R18-S17,R18,POTR5,,20,N,,
R18-S18,R18,POTR5,,25,N,,
R18-S19,R18,POTR5,,30,N,,
R18-S20,R18,POTR5,,25,N,,
R18-S21,R18,POTR5,,26,N,,
R18-S22,R18,POTR5,,35,N,,
R18-S23,R18,POTR5,,40,N,,
R18-S24,R18,POTR5,,20,N,,
R18-S25,R18,POTR5,,20,N,,
R18-S26,R18,POTR5,,24,N,,
R18-S27,R18,POTR5,,20,N,,
R18-S28,R18,POTR5,,130,N,,
R18-S29,R18,POTR5,,75,N,,
R18-S30,R18,POTR5,,110,N,,
R18-S31,R18,POTR5,,70,N,,
R18-S32,R18,POTR5,,35,N,,
R18-S33,R18,POTR5,,40,N,,
R18-S34,R18,POTR5,,130,N,,
R18-S35,R18,POTR5,,50,N,,
R18-S36,R18,POTR5,,35,N,,
R18-S37,R18,POTR5,,45,N,,
R18-S38,R18,POTR5,,35,N,,
R18-S39,R18,POTR5,,35,N,,
R18-S40,R18,POTR5,,30,N,,
R18-S41,R18,POTR5,,50,N,,
R18-S42,R18,POTR5,,34,N,,
R18-S43,R18,POTR5,,26,N,,
R18-S44,R18,POTR5,,10,N,,
R18-S45,R18,POTR5,,11,N,,
R18-S46,R18,POTR5,,12,N,,
R18-S47,R18,POTR5,,18,N,,
R18-S48,R18,POTR5,,41,N,,
R18-S49,R18,POTR5,,22,N,,
R18-S50,R18,POTR5,,21,N,,
R18-S51,R18,POTR5,,44,N,,
R18-S52,R18,POTR5,,30,N,,
R18-S53,R18,POTR5,,32,N,,
R18-S54,R18,POTR5,,25,N,,
R18-S55,R18,POTR5,,22,N,,
R18-S56,R18,POTR5,,25,N,,
R18-S57,R18,POTR5,,44,N,,
R18-S58,R18,POTR5,,42,N,,
R18-S59,R18,POTR5,,30,N,,
R18-S60,R18,POTR5,,20,N,,
R18-S61,R18,POTR5,,20,N,,
R18-S62,R18,POTR5,,20,N,,
R18-S63,R18,POTR5,,30,N,,
R18-S64,R18,POTR5,,15,N,,
R18-S65,R18,POTR5,,50,N,,
R18-S66,R18,POTR5,,30,N,,
R18-S67,R18,POTR5,,40,N,,
R18-S68,R18,POTR5,,35,N,,
R18-S69,R18,POTR5,,35,N,,
R18-S70,R18,POTR5,,42,N,,
R18-S71,R18,POTR5,,44,N,,
R18-S72,R18,POTR5,,38,N,,
R18-S73,R18,POTR5,,39,N,,
R18-S74,R18,POTR5,,22,N,,
R18-S75,R18,POTR5,,24,N,,
R18-S76,R18,POTR5,,36,N,,
R18-S77,R18,POTR5,,47,N,,
R18-S78,R18,POTR5,,25,N,,
R18-S79,R18,POTR5,,39,N,,
R18-S80,R18,POTR5,,25,N,,
R19-S01,R19,POTR5,7.66,500,N,1996,
R19-S02,R19,POTR5,4.84,500,N,2000,
R19-S03,R19,POTR5,2.84,200,N,1999,
R19-S04,R19,POTR5,1.18,80,N,2009,
R19-S05,R19,POTR5,3.1,195,N,1998,
R19-S06,R19,POTR5,6.46,380,N,1996,
R19-S07,R19,POTR5,7.39,390,N,1995,
R19-S08,R19,POTR5,6.98,450,N,1998,
R19-S09,R19,POTR5,6.02,420,N,1997,
R19-S10,R19,POTR5,2.74,175,N,2000,
R20-S01,R20,POTR5,1.54,150,N,2002,
R20-S02,R20,POTR5,1.08,97,N,2002,
R20-S03,R20,POTR5,1.38,160,N,2002,
R20-S04,R20,POTR5,2.98,220,N,2002,
R20-S05,R20,POTR5,3.87,335,N,1999,
R20-S06,R20,POTR5,1.93,210,N,2001,
R20-S07,R20,POTR5,,160,N,,
R20-S08,R20,POTR5,2.3,210,N,1999,
R20-S09,R20,POTR5,2.11,190,N,1998,
R20-S10,R20,POTR5,0.54,35,N,2006,
R20-S11,R20,POTR5,,190,N,,
R20-S12,R20,POTR5,0.88,80,N,2007,
R20-S13,R20,POTR5,0.88,120,N,2006,
R21-S01,R21,POTR5,1.24,65,N,2001,
R21-S02,R21,POTR5,0.74,45,N,2005,
R21-S03,R21,POTR5,0.56,40,N,2008,
R21-S04,R21,POTR5,0.93,60,N,2000,
R21-S05,R21,POTR5,1.08,62,N,2001,
R21-S06,R21,POTR5,0.9,65,N,2001,
R21-S07,R21,POTR5,0.94,60,N,2002,
R21-S08,R21,POTR5,1.02,75,N,2000,
R21-S09,R21,POTR5,1.02,50,N,2003,
R21-S10,R21,POTR5,,25,N,2010,
R21-S11,R21,POTR5,1.66,68,N,2000,
R21-S12,R21,POTR5,1.3,80,N,1998,
R21-S13,R21,POTR5,1.5,70,N,1994,
R21-S14,R21,POTR5,,45,N,,
R21-S15,R21,POTR5,,55,N,,
R21-S16,R21,POTR5,,35,N,,
R21-S17,R21,POTR5,,45,N,,
R21-S18,R21,POTR5,,45,N,,
R21-S19,R21,POTR5,,60,N,,
R21-S20,R21,POTR5,,40,N,,
R21-S21,R21,POTR5,,60,N,,
R21-S22,R21,POTR5,1.15,75,N,1999,
R21-S23,R21,POTR5,,60,N,,
R21-S24,R21,POTR5,,70,N,,
R21-S25,R21,POTR5,,40,N,,
R21-S26,R21,POTR5,,97,N,,1991
R21-S27,R21,POTR5,,24,N,,
R21-S28,R21,POTR5,,22,N,,
R21-S29,R21,POTR5,,60,N,,
R21-S30,R21,POTR5,,46,N,,
R21-S31,R21,POTR5,,65,N,,
R21-S32,R21,POTR5,,67,N,,
R21-S33,R21,POTR5,,47,N,,
R21-S34,R21,POTR5,,40,N,,
R21-S35,R21,POTR5,,33,N,,
R21-S36,R21,POTR5,,51,N,,
R22-S01,R22,POTR5,0.67,75,N,2008,
R22-S02,R22,POTR5,2.08,170,N,1986,
R22-S03,R22,POTR5,3.88,420,N,1968,
R22-S04,R22,POTR5,5,530,N,1986,
R22-S05,R22,POTR5,1.78,205,N,2002,
R22-S06,R22,POTR5,1.38,170,N,1999,
R22-S07,R22,POTR5,1.81,280,N,2002,
R22-S08,R22,POTR5,0.47,85,N,2008,
R22-S09,R22,POTR5,0.72,105,N,2007,
R22-S10,R22,POTR5,3.8,290,N,1988,
R22-S11,R22,POTR5,2.32,200,N,1970,
R22-S12,R22,POTR5,1.25,130,N,2000,
R22-S13,R22,POTR5,1.06,135,N,2002,
R22-S14,R22,POTR5,,270,N,,
R22-S15,R22,POTR5,3.76,315,N,1989,
R22-S16,R22,POTR5,,260,N,,
R22-S17,R22,POTR5,,210,N,,
R22-S18,R22,POTR5,,180,N,,
R22-S19,R22,POTR5,,230,N,,
R22-S20,R22,POTR5,,150,N,,
R22-S21,R22,POTR5,,280,N,,
R23-S01,R23,POTR5,2.23,135,N,2003,
R23-S02,R23,POTR5,1.24,135,N,2007,
R23-S03,R23,POTR5,6.64,400,N,1981,
R23-S04,R23,POTR5,1.12,90,N,2004,
R23-S05,R23,POTR5,0.97,130,N,2009,
R23-S06,R23,POTR5,0.77,55,N,2008,
R23-S07,R23,POTR5,3.36,300,N,1994,
R23-S08,R23,POTR5,0.44,60,N,2010,
R23-S09,R23,POTR5,7.21,600,N,1982,
R23-S10,R23,POTR5,3.18,205,N,1993,
R23-S11,R23,POTR5,0.57,45,N,2009,
R23-S12,R23,POTR5,0.26,45,N,2010,
R23-S13,R23,POTR5,,50,N,,
R23-S14,R23,POTR5,0.58,55,N,2007,
R23-S15,R23,POTR5,0.75,115,N,2010,
R23-S16,R23,POTR5,,110,N,,
R23-S17,R23,POTR5,,550,N,,
R23-S18,R23,POTR5,,600,N,,
R23-S19,R23,POTR5,,600,N,,
R23-S20,R23,POTR5,,575,N,,
R23-S21,R23,POTR5,,300,N,,
R24-S01,R24,POTR5,1.36,120,N,2007,
R24-S02,R24,POTR5,1.66,190,N,2003,
R24-S03,R24,POTR5,1.76,180,N,2002,
R24-S04,R24,POTR5,1.74,200,N,2003,
R24-S05,R24,POTR5,2.61,240,N,2005,
R24-S06,R24,POTR5,1.64,200,N,2006,
R24-S07,R24,POTR5,2.46,135,N,2002,
R24-S08,R24,POTR5,,50,N,,
R24-S09,R24,POTR5,1.14,130,N,2008,
R24-S10,R24,POTR5,1.08,120,N,2006,
R24-S11,R24,POTR5,0.92,120,N,2008,
R24-S12,R24,POTR5,2.12,185,N,2005,
R24-S13,R24,POTR5,0.92,115,N,2009,
R24-S14,R24,POTR5,,20,N,2011,
R24-S15,R24,POTR5,,70,N,,
R24-S16,R24,POTR5,0.52,70,N,2009,
R24-S17,R24,POTR5,0.6,50,N,2008,
R24-S18,R24,POTR5,0.48,50,N,2010,
R24-S19,R24,POTR5,,75,N,,
R24-S20,R24,POTR5,,35,N,,
R24-S21,R24,POTR5,,10,N,,
R24-S22,R24,POTR5,,90,N,,
R24-S23,R24,POTR5,,35,N,,
R24-S24,R24,POTR5,,35,N,,
R24-S25,R24,POTR5,,40,N,,
R24-S26,R24,POTR5,,50,N,,
R24-S27,R24,POTR5,,105,N,,
R24-S28,R24,POTR5,,180,N,,
R24-S29,R24,POTR5,,165,N,,
R24-S30,R24,POTR5,,125,N,,
R24-S31,R24,POTR5,,95,N,,
R24-S32,R24,POTR5,,195,N,,
R24-S33,R24,POTR5,,185,N,,
R24-S34,R24,POTR5,,155,N,,
R25-S01,R25,POTR5,2.72,200,N,2001,
R25-S02,R25,POTR5,1.74,180,N,2008,
R25-S04,R25,POTR5,2.26,150,Y,2002,
R25-S05,R25,POTR5,1.01,95,Y,2004,
R25-S06,R25,POTR5,1.54,135,Y,2008,
R25-S07,R25,POTR5,1.28,145,Y,2008,
R25-S08,R25,POTR5,1.54,130,Y,2007,
R25-S09,R25,POTR5,4.4,230,Y,1998,
R25-S10,R25,POTR5,2.76,210,Y,2006,
R25-S11,R25,POTR5,1.1,100,N,2003,
R26-S01,R26,POTR5,6.55,274,N,2002,
R26-S02,R26,POTR5,0.8,100,N,2008,
R26-S03,R26,POTR5,3.88,274,N,2006,
R26-S04,R26,POTR5,2.36,150,Y,2005,
R26-S05,R26,POTR5,0.86,100,Y,2007,
R26-S06,R26,POTR5,1.59,110,Y,2007,
R26-S07,R26,POTR5,2.74,274,Y,2004,
R26-S08,R26,POTR5,3.63,305,Y,2002,
R26-S09,R26,POTR5,3.71,305,Y,2002,
R26-S10,R26,POTR5,3.15,244,Y,2001,
R27-S01,R27,POTR5,0.6,85,N,2010,
R27-S02,R27,POTR5,0.38,60,N,2011,
R27-S03,R27,POTR5,0.42,560,N,2011,
R27-S04,R27,POTR5,8.33,65,N,1990,
R27-S05,R27,POTR5,6.74,430,N,1995,
R27-S06,R27,POTR5,5.06,400,N,1993,
R27-S07,R27,POTR5,1.32,105,N,2008,
R27-S08,R27,POTR5,0.66,45,Y,2010,
R27-S09,R27,POTR5,4.05,250,Y,2001,
R27-S10,R27,POTR5,0.78,75,Y,2009,
R28-S01,R28,POTR5,0.8,70,N,2003,
R28-S02,R28,POTR5,7.29,400,N,1978,
R28-S03,R28,POTR5,1.14,55,N,2001,
R28-S04,R28,POTR5,4.66,350,N,1982,
R28-S05,R28,POTR5,1.32,120,N,2006,
R28-S06,R28,POTR5,2.22,135,Y,2002,
R28-S07,R28,POTR5,0.42,55,Y,2009,
R28-S08,R28,POTR5,,65,Y,,
R28-S09,R28,POTR5,0.22,40,Y,2010,
R28-S10,R28,POTR5,1.43,100,Y,2005,
R29-S01,R29,POTR5,4.79,300,N,1989,
R29-S02,R29,POTR5,5.05,280,N,1987,
R29-S03,R29,POTR5,2.64,120,N,1990,
R29-S04,R29,POTR5,2.82,135,N,1988,
R29-S05,R29,POTR5,3.98,240,N,1986,
R29-S06,R29,POTR5,4.82,220,N,1985,
R29-S07,R29,POTR5,,140,N,,
R29-S08,R29,POTR5,3.66,200,N,1989,
R29-S09,R29,POTR5,,250,N,,
R29-S10,R29,POTR5,2.7,180,N,1986,
R29-S11,R29,POTR5,3.8,200,N,1989,
R29-S12,R29,POTR5,1.62,98,N,1995,
R29-S13,R29,POTR5,3.92,180,N,1985,
R29-S14,R29,POTR5,3.23,130,N,1987,
R29-S15,R29,POTR5,1.68,85,N,1987,
R29-S16,R29,POTR5,3.08,155,N,1987,
R29-S17,R29,POTR5,3.54,210,N,1991,
R29-S18,R29,POTR5,,400,N,,
R29-S19,R29,POTR5,,190,N,,
R29-S20,R29,POTR5,,220,N,,
R29-S21,R29,POTR5,,140,N,,
R29-S22,R29,POTR5,,190,N,,
R29-S23,R29,POTR5,,240,N,,
R29-S24,R29,POTR5,,100,N,,
R30-S01,R30,POTR5,4.42,245,N,1998,
R30-S02,R30,POTR5,0.66,36,N,2009,
R30-S03,R30,POTR5,2.28,210,N,2005,
R30-S04,R30,POTR5,2.66,200,N,1996,
R30-S05,R30,POTR5,1.4,200,N,2007,
R30-S06,R30,POTR5,2.16,300,N,2005,
R30-S07,R30,POTR5,0.34,45,N,2010,
R30-S08,R30,POTR5,6.81,500,N,1999,
R30-S09,R30,POTR5,0.6,90,Y,2010,
R30-S10,R30,POTR5,5.34,450,Y,1997,
S01-S01,S01,POTR5,1.22,115,N,2008,
S01-S02,S01,POTR5,2.32,190,N,2006,
S01-S03,S01,POTR5,3.16,230,Y,1994,
S01-S04,S01,POTR5,1.24,125,Y,2007,
S01-S05,S01,POTR5,1.18,135,Y,2005,
S01-S06,S01,POTR5,1.17,110,Y,2005,
S01-S07,S01,POTR5,1.26,85,Y,2004,
S01-S08,S01,POTR5,3.8,230,Y,1999,
S01-S09,S01,POTR5,2.22,105,Y,1997,
S01-S10,S01,POTR5,0.84,110,Y,2007,
S02-S01,S02,POTR5,1.72,165,N,2004,
S02-S02,S02,POTR5,3.46,275,N,2002,
S02-S03,S02,POTR5,2.52,155,N,1999,
S02-S04,S02,POTR5,0.92,85,N,2004,
S02-S05,S02,POTR5,,105,N,,
S02-S06,S02,POTR5,5.02,210,N,1987,
S02-S07,S02,POTR5,6.84,274,N,1985,
S02-S08,S02,POTR5,7.28,270,N,1983,
S02-S09,S02,POTR5,5.86,335,N,1986,
S02-S10,S02,POTR5,6.04,220,N,1987,
S02-S11,S02,POTR5,4.65,210,N,1983,
S03-S01,S03,POTR5,1.08,104,N,2006,
S03-S02,S03,POTR5,0.49,60,N,2007,
S03-S03,S03,POTR5,1.92,165,N,2002,
S03-S04,S03,POTR5,2.04,145,N,2000,
S03-S05,S03,POTR5,1.36,70,N,2001,
S03-S06,S03,POTR5,0.42,27,N,2009,
S03-S07,S03,POTR5,1.32,145,N,2002,
S03-S08,S03,POTR5,1.86,155,N,2001,
S03-S09,S03,POTR5,1.78,100,N,1996,
S03-S10,S03,POTR5,0.68,85,N,2006,
S03-S11,S03,POTR5,1.62,110,N,1997,
S03-S12,S03,POTR5,0.97,50,N,2002,
S03-S13,S03,POTR5,1.36,120,N,2002,
S03-S14,S03,POTR5,1.33,105,N,2001,
S03-S15,S03,POTR5,0.56,60,N,2008,
S03-S16,S03,POTR5,0.36,40,N,2008,
S03-S17,S03,POTR5,1.23,30,N,2001,
S03-S18,S03,POTR5,0.84,65,N,2002,
S03-S19,S03,POTR5,0.84,85,N,2003,
S03-S20,S03,POTR5,1.74,170,N,2002,
S03-S21,S03,POTR5,3.03,275,N,2000,
S03-S22,S03,POTR5,1.4,145,N,2000,
S03-S23,S03,POTR5,1.86,200,N,2001,
S03-S24,S03,POTR5,0.78,70,N,2007,
S04-S01,S04,POTR5,3.5,200,N,1999,
S04-S02,S04,POTR5,2.48,105,N,1996,
S04-S03,S04,POTR5,1.91,245,N,1991,
S04-S04,S04,POTR5,,40,N,,
S04-S05,S04,POTR5,1.7,125,N,2004,
S04-S06,S04,POTR5,,25,N,2011,
S04-S07,S04,POTR5,3.8,280,N,1976,
S04-S08,S04,POTR5,7.46,350,N,1972,
S04-S09,S04,POTR5,3.88,190,N,1994,
S04-S10,S04,POTR5,1.48,75,N,2004,
S04-S11,S04,POTR5,0.73,35,N,2007,
S04-S12,S04,POTR5,,8,N,2011,
S04-S13,S04,POTR5,,4,N,2011,
S04-S14,S04,POTR5,,110,N,,
S04-S15,S04,POTR5,3.92,310,N,1984,
S04-S16,S04,POTR5,3.09,90,N,1992,
S04-S17,S04,POTR5,4.05,280,N,1988,
S04-S18,S04,POTR5,0.71,51,N,2008,
S04-S19,S04,POTR5,0.78,35,N,2005,
S04-S20,S04,POTR5,3.09,230,N,2002,
S04-S21,S04,POTR5,,370,N,,
S04-S22,S04,POTR5,,270,N,,
S04-S23,S04,POTR5,,105,N,,
S04-S24,S04,POTR5,,110,N,,
S04-S25,S04,POTR5,,240,N,,
S04-S26,S04,POTR5,,163,N,,
S04-S27,S04,POTR5,,210,N,,
S04-S28,S04,POTR5,,45,N,,
S04-S29,S04,POTR5,,205,N,,
S04-S30,S04,POTR5,,270,N,,
S04-S31,S04,POTR5,,120,N,,
S04-S32,S04,POTR5,,76,N,,
S04-S33,S04,POTR5,,29,N,,
S04-S34,S04,POTR5,,75,N,,
S04-S35,S04,POTR5,,31,N,,
S05-S01,S05,POTR5,0.52,53,N,2005,
S05-S02,S05,POTR5,1.1,105,N,2008,
S05-S03,S05,POTR5,1.3,60,N,2003,
S05-S04,S05,POTR5,2.32,165,N,2001,
S05-S05,S05,POTR5,0.64,75,N,2010,
S05-S06,S05,POTR5,2.28,220,N,1999,
S05-S07,S05,POTR5,2.94,270,N,1993,
S05-S08,S05,POTR5,2.19,225,N,2001,
S05-S09,S05,POTR5,0.84,85,N,2004,
S05-S10,S05,POTR5,0.68,90,N,2008,
S05-S11,S05,POTR5,5.95,330,N,1982,
S05-S12,S05,POTR5,1.44,135,N,2000,
S05-S13,S05,POTR5,3.98,245,N,1999,
S05-S14,S05,POTR5,2.1,220,N,2003,
S05-S15,S05,POTR5,1.62,160,N,2001,
S06-S01,S06,POTR5,1.86,170,N,1999,
S06-S02,S06,POTR5,0.91,85,N,2003,
S06-S03,S06,POTR5,2.6,285,N,2003,
S06-S04,S06,POTR5,2.35,270,N,2003,
S06-S05,S06,POTR5,0.8,85,N,2003,
S06-S06,S06,POTR5,1.61,125,N,1998,
S06-S07,S06,POTR5,1.52,160,N,1999,
S06-S08,S06,POTR5,1.2,125,N,2003,
S06-S09,S06,POTR5,1.4,135,N,2002,
S06-S10,S06,POTR5,2.24,120,N,2000,
S06-S11,S06,POTR5,1.98,175,N,2000,
S06-S12,S06,POTR5,1.58,130,N,2003,
S06-S13,S06,POTR5,1.06,125,N,2004,
S06-S14,S06,POTR5,3.14,366,N,1998,
S07-S01,S07,POTR5,2.5,125,N,2006,
S07-S02,S07,POTR5,0.92,25,N,2007,
S07-S03,S07,POTR5,1.02,40,N,2007,
S07-S04,S07,POTR5,0.85,45,N,2007,
S07-S05,S07,POTR5,0.92,38,N,2007,
S07-S06,S07,POTR5,2.79,130,N,2001,
S07-S07,S07,POTR5,1.46,65,N,2006,
S07-S08,S07,POTR5,1.71,102,N,2005,
S07-S09,S07,POTR5,0.94,55,N,2005,
S07-S10,S07,POTR5,2.62,180,N,2002,
S07-S11,S07,POTR5,1.51,120,N,2003,
S07-S12,S07,POTR5,2.06,200,N,2002,
S07-S13,S07,POTR5,2.5,310,N,2003,
S07-S14,S07,POTR5,1.66,330,N,1999,
S07-S15,S07,POTR5,1.28,125,N,2004,
S07-S16,S07,POTR5,,125,N,,
S07-S17,S07,POTR5,,275,N,,
S07-S18,S07,POTR5,,200,N,,
S07-S19,S07,POTR5,,175,N,,
S07-S20,S07,POTR5,,549,N,,
S07-S21,S07,POTR5,,671,N,,
S08-S01,S08,POTR5,1.74,140,N,2002,
S08-S02,S08,POTR5,4.68,295,N,1991,
S08-S03,S08,POTR5,,98,N,,
S08-S04,S08,POTR5,3.3,310,N,1999,
S08-S05,S08,POTR5,2.27,187,N,2000,
S08-S06,S08,POTR5,4.72,130,N,1991,
S08-S07,S08,POTR5,6.46,375,N,1975,
S08-S08,S08,POTR5,0.72,65,N,2005,
S08-S09,S08,POTR5,0.34,25,N,2010,
S08-S10,S08,POTR5,0.26,15,N,2011,
S08-S11,S08,POTR5,0.28,23,N,2011,
S08-S12,S08,POTR5,0.17,25,N,2011,
S08-S13,S08,POTR5,1.58,185,N,2000,
S08-S14,S08,POTR5,2.2,230,N,2001,
S08-S15,S08,POTR5,1.37,154,N,2004,
S08-S16,S08,POTR5,0.57,61,N,2008,
S08-S17,S08,POTR5,,33,N,,
S08-S18,S08,POTR5,,108,N,,
S08-S19,S08,POTR5,,245,N,,
S08-S20,S08,POTR5,,330,N,,
S08-S21,S08,POTR5,,85,N,,
S08-S22,S08,POTR5,,40,N,,
S08-S23,S08,POTR5,,51,N,,
S08-S24,S08,POTR5,,82,N,,
S09-S01,S09,POTR5,3.36,230,N,2000,
S09-S02,S09,POTR5,0.9,85,N,2006,
S09-S03,S09,POTR5,1.81,145,N,2001,
S09-S04,S09,POTR5,1.24,115,N,2001,
S09-S05,S09,POTR5,3.82,220,N,2001,
S09-S06,S09,POTR5,3,200,N,2002,
S09-S07,S09,POTR5,1.08,80,N,2002,
S09-S08,S09,POTR5,1.17,95,N,2001,
S09-S09,S09,POTR5,0.72,55,N,2003,
S09-S10,S09,POTR5,0.84,70,N,2007,
S09-S11,S09,POTR5,,55,N,,
S09-S12,S09,POTR5,0.55,53,N,2008,
S09-S13,S09,POTR5,0.82,58,N,2007,
S09-S14,S09,POTR5,0.85,75,N,2006,
S09-S15,S09,POTR5,0.56,55,N,2007,
S09-S16,S09,POTR5,,55,N,,
S09-S17,S09,POTR5,0.69,150,N,2007,
S09-S18,S09,POTR5,2.7,200,N,2000,
S09-S19,S09,POTR5,1.35,120,N,2001,
S10-S01,S10,POTR5,1.34,138,N,1999,
S10-S02,S10,POTR5,1.24,128,N,2006,
S10-S03,S10,POTR5,1.33,131,N,2004,
S10-S04,S10,POTR5,2.1,157,N,1999,
S10-S05,S10,POTR5,0.98,100,N,2003,
S10-S06,S10,POTR5,1.72,96,N,2001,
S10-S07,S10,POTR5,1.18,52,N,2005,
S10-S08,S10,POTR5,3.57,220,N,1994,
S10-S09,S10,POTR5,1.36,110,Y,2004,
S10-S10,S10,POTR5,3.11,205,Y,2001,
S11-S01,S11,POTR5,1.24,ND,N,2003,
S11-S02,S11,POTR5,1.42,ND,N,,
S11-S03,S11,POTR5,0.96,ND,N,2001,
S11-S04,S11,POTR5,1.79,ND,N,1996,
S11-S05,S11,POTR5,0.53,ND,N,,
S11-S06,S11,POTR5,1.9,ND,N,2001,
S11-S07,S11,POTR5,1.24,ND,N,2002,
S11-S08,S11,POTR5,,ND,N,,
S11-S09,S11,POTR5,2.96,ND,N,,
S11-S10,S11,POTR5,1.22,ND,N,2000,
S11-S11,S11,POTR5,1.58,ND,N,2006,
S11-S12,S11,POTR5,1.68,ND,N,1989,
S11-S13,S11,POTR5,,ND,N,,
S11-S14,S11,POTR5,0.72,ND,N,2006,
S11-S15,S11,POTR5,,ND,N,,
S11-S16,S11,POTR5,3.32,ND,N,1981,
S11-S17,S11,POTR5,,ND,N,,
S11-S18,S11,POTR5,,ND,N,,
S11-S19,S11,POTR5,,ND,N,,
S11-S20,S11,POTR5,,ND,N,,
S11-S21,S11,POTR5,,ND,N,,
S11-S22,S11,POTR5,,ND,N,,
S11-S23,S11,POTR5,,ND,N,,
S11-S24,S11,POTR5,,ND,N,,
S11-S25,S11,POTR5,,ND,N,,
S11-S26,S11,POTR5,,ND,N,,
S11-S27,S11,POTR5,,ND,N,,
S11-S28,S11,POTR5,,ND,N,,
S11-S29,S11,POTR5,,ND,N,,
S11-S30,S11,POTR5,,ND,N,,
S11-S31,S11,POTR5,,ND,N,,
S11-S32,S11,POTR5,,ND,N,,
S11-S33,S11,POTR5,,ND,N,,
S11-S34,S11,POTR5,,ND,N,,
S11-S35,S11,POTR5,,ND,N,,
S11-S36,S11,POTR5,,ND,N,,
S11-S37,S11,POTR5,,ND,N,,
S12-S01,S12,POTR5,1.52,140,N,2004,
S12-S02,S12,POTR5,0.98,85,N,2006,
S12-S03,S12,POTR5,0.98,130,N,2005,
S12-S04,S12,POTR5,1.08,105,N,2005,
S12-S05,S12,POTR5,0.39,30,N,2008,
S12-S06,S12,POTR5,0.74,47,N,2006,
S12-S07,S12,POTR5,,110,N,,
S12-S08,S12,POTR5,1.48,165,N,2004,
S12-S09,S12,POTR5,0.82,75,N,2007,
S12-S10,S12,POTR5,1.65,185,N,2005,
S12-S11,S12,POTR5,1.54,155,N,2005,
S12-S12,S12,POTR5,0.46,45,N,2007,
S12-S13,S12,POTR5,1.74,185,N,1998,
S12-S14,S12,POTR5,3.56,330,N,1997,
S12-S15,S12,POTR5,5.28,190,N,1986,
S12-S16,S12,POTR5,,42,N,,
S12-S17,S12,POTR5,,37,N,,
S12-S18,S12,POTR5,,170,N,,
S12-S19,S12,POTR5,,103,N,,
S12-S20,S12,POTR5,,82,N,,
S12-S21,S12,POTR5,,420,N,,
S12-S22,S12,POTR5,,185,N,,
S12-S23,S12,POTR5,,35,N,,
S12-S24,S12,POTR5,,215,N,,
S13-S01,S13,POTR5,1.68,150,N,2004,
S13-S02,S13,POTR5,2.82,260,N,2001,
S13-S03,S13,POTR5,2.9,320,N,2002,
S13-S04,S13,POTR5,,130,N,,
S13-S05,S13,POTR5,2.48,170,N,2002,
S13-S06,S13,POTR5,3.34,350,N,2002,
S13-S07,S13,POTR5,4.46,366,N,2002,
S13-S08,S13,POTR5,1.67,110,N,2002,
S13-S09,S13,POTR5,1.37,80,N,2006,
S13-S10,S13,POTR5,0.48,80,N,2003,
S13-S11,S13,POTR5,2.34,190,N,2003,
S13-S12,S13,POTR5,3.48,335,N,2002,
S13-S13,S13,POTR5,2.41,190,N,2002,
S13-S14,S13,POTR5,1.87,190,N,2003,
S13-S15,S13,POTR5,3.18,335,N,2001,
S13-S16,S13,POTR5,,396,N,,
S13-S17,S13,POTR5,,335,N,,
S13-S18,S13,POTR5,,518,N,,
S13-S19,S13,POTR5,,581,N,,
S13-S20,S13,POTR5,,457,N,,
S13-S21,S13,POTR5,,335,N,,
S13-S22,S13,POTR5,,396,N,,
S13-S23,S13,POTR5,,335,N,,
S13-S24,S13,POTR5,,518,N,,
S13-S25,S13,POTR5,,213,N,,
S13-S26,S13,POTR5,,213,N,,
S13-S27,S13,POTR5,,152,N,,
S13-S28,S13,POTR5,,457,N,,
S14-S01,S14,POTR5,3.08,185,N,2002,
S14-S02,S14,POTR5,2.02,170,N,2003,
S14-S03,S14,POTR5,1.74,150,N,2002,
S14-S04,S14,POTR5,1.8,220,N,2001,
S14-S05,S14,POTR5,,20,N,2010,
S14-S06,S14,POTR5,3.48,457,N,2002,
S14-S07,S14,POTR5,3.14,396,N,2002,
S14-S08,S14,POTR5,,80,N,,
S14-S09,S14,POTR5,4.76,518,N,2002,
S14-S10,S14,POTR5,3.79,213,N,2002,
S14-S11,S14,POTR5,3.94,518,N,2002,
S14-S12,S14,POTR5,1.61,275,N,2002,
S14-S13,S14,POTR5,3.71,518,N,2002,
S14-S14,S14,POTR5,,120,N,,
S14-S15,S14,POTR5,,120,N,,
S14-S16,S14,POTR5,1.96,305,N,2002,
S14-S17,S14,POTR5,4.14,518,N,2002,
S14-S18,S14,POTR5,,225,N,,
S14-S19,S14,POTR5,2.14,200,N,2002,
S14-S20,S14,POTR5,1.9,518,N,2002,
S14-S21,S14,POTR5,,300,N,,
S14-S22,S14,POTR5,,350,N,,
S14-S23,S14,POTR5,,427,N,,
S15-S01,S15,POTR5,3.68,210,N,1995,
S15-S02,S15,POTR5,1.93,152,N,2001,
S15-S03,S15,POTR5,7.06,220,N,1981,
S15-S04,S15,POTR5,,19,N,2011,
S15-S05,S15,POTR5,,17,N,2011,
S15-S06,S15,POTR5,,16,N,2011,
S15-S07,S15,POTR5,,10,N,2011,
S15-S08,S15,POTR5,,15,N,2011,
S15-S09,S15,POTR5,0.93,40,N,2005,
S15-S10,S15,POTR5,5.05,380,N,1985,
S15-S11,S15,POTR5,1.82,80,N,2002,
S15-S12,S15,POTR5,5.42,420,N,1986,
S15-S13,S15,POTR5,5.83,360,Y,1989,
S15-S14,S15,POTR5,1.54,110,Y,2006,
S15-S15,S15,POTR5,1.68,115,Y,2002,
S16-S01,S16,POTR5,2.6,190,N,1993,
S16-S02,S16,POTR5,2.55,150,N,1996,
S16-S03,S16,POTR5,4.86,210,N,1983,
S16-S04,S16,POTR5,7.75,350,N,1971,
S16-S05,S16,POTR5,,124,N,,
S16-S06,S16,POTR5,4.33,225,N,1988,
S16-S07,S16,POTR5,0.62,49,N,2005,
S16-S08,S16,POTR5,0.31,22,N,2011,
S16-S09,S16,POTR5,0.5,42,N,2008,
S16-S10,S16,POTR5,0.45,32,N,2010,
S16-S11,S16,POTR5,0.37,45,N,2009,
S16-S12,S16,POTR5,0.6,51,N,2009,
S16-S13,S16,POTR5,1.03,82,N,2006,
S16-S14,S16,POTR5,0.65,35,N,2010,
S16-S15,S16,POTR5,0.46,35,N,2010,
S16-S16,S16,POTR5,4.1,215,N,1987,
S16-S17,S16,POTR5,,120,N,,
S16-S18,S16,POTR5,,255,N,,
S16-S19,S16,POTR5,,330,N,,
S16-S20,S16,POTR5,,25,N,,
S16-S21,S16,POTR5,,49,N,,
S16-S22,S16,POTR5,,46,N,,
S16-S23,S16,POTR5,,245,N,,
S16-S24,S16,POTR5,,154,N,,
S16-S25,S16,POTR5,,63,N,,
S16-S26,S16,POTR5,,350,N,,
S16-S27,S16,POTR5,,97,N,,
S16-S28,S16,POTR5,,270,N,,
S16-S29,S16,POTR5,,225,N,,
S16-S30,S16,POTR5,,86,N,,
S16-S31,S16,POTR5,,295,N,,
S17-S01,S17,POTR5,3.44,150,N,1989,
S17-S02,S17,POTR5,1.94,135,N,1996,
S17-S03,S17,POTR5,4.98,220,N,1981,
S17-S04,S17,POTR5,3.42,230,N,1991,
S17-S05,S17,POTR5,4.02,210,N,2002,
S17-S06,S17,POTR5,4.84,280,N,2000,
S17-S07,S17,POTR5,2.84,220,N,1996,
S17-S08,S17,POTR5,0.83,100,N,2005,
S17-S09,S17,POTR5,4.16,250,Y,1984,
S17-S10,S17,POTR5,2.08,150,Y,1997,
S18-S01,S18,POTR5,1.3,160,N,2007,
S18-S02,S18,POTR5,2,100,N,2003,
S18-S03,S18,POTR5,3.3,275,N,1982,
S18-S04,S18,POTR5,6.35,450,N,1983,
S18-S05,S18,POTR5,5.08,450,N,1976,
S18-S06,S18,POTR5,1.96,110,N,2003,
S18-S07,S18,POTR5,2.58,140,N,2002,
S18-S08,S18,POTR5,1.3,95,N,2005,
S18-S09,S18,POTR5,0.44,55,N,2008,
S18-S10,S18,POTR5,1.24,70,N,2007,
S18-S11,S18,POTR5,0.56,35,N,2009,
S18-S12,S18,POTR5,0.38,35,N,2010,
S18-S13,S18,POTR5,2.38,195,N,1988,
S18-S14,S18,POTR5,0.33,20,N,2010,
S18-S15,S18,POTR5,1.45,85,N,2005,
S18-S16,S18,POTR5,,95,N,,
S18-S17,S18,POTR5,,60,N,,
S19-S01,S19,POTR5,5.06,375,N,1997,
S19-S02,S19,POTR5,1.08,120,N,2004,
S19-S03,S19,POTR5,2.26,200,N,2002,
S19-S04,S19,POTR5,1.52,135,N,2000,
S19-S05,S19,POTR5,1.2,80,N,2002,
S19-S06,S19,POTR5,1.7,115,N,2004,
S19-S07,S19,POTR5,3.52,275,N,2001,
S19-S08,S19,POTR5,4.9,335,N,2002,
S19-S09,S19,POTR5,,75,N,,
S19-S10,S19,POTR5,3.34,180,N,1993,
S19-S11,S19,POTR5,2.28,130,N,1992,
S19-S12,S19,POTR5,0.71,75,N,2002,
S19-S13,S19,POTR5,1.3,85,N,2000,
S19-S14,S19,POTR5,3.19,140,N,1995,
S19-S15,S19,POTR5,1.33,130,N,2002,
S19-S16,S19,POTR5,,95,N,,
S19-S17,S19,POTR5,,110,N,,
S19-S18,S19,POTR5,,45,N,,
S19-S19,S19,POTR5,,60,N,,
S19-S20,S19,POTR5,,60,N,,
S20-S01,S20,POTR5,2.42,200,N,2004,
S20-S02,S20,POTR5,2.6,200,N,2004,
S20-S03,S20,POTR5,5.78,270,N,1990,
S20-S04,S20,POTR5,3.16,70,N,2003,
S20-S05,S20,POTR5,0.6,55,N,2010,
S20-S06,S20,POTR5,0.29,20,N,2011,
S20-S07,S20,POTR5,0.82,75,N,2009,
S20-S08,S20,POTR5,0.44,20,N,2010,
S20-S09,S20,POTR5,1.78,170,N,2007,
S20-S10,S20,POTR5,0.68,115,N,2010,
S20-S11,S20,POTR5,3.92,340,N,1993,
S20-S12,S20,POTR5,5.6,280,N,1978,
S20-S13,S20,POTR5,2.72,150,N,1991,
S20-S14,S20,POTR5,1.56,100,N,2001,
S20-S15,S20,POTR5,0.4,25,N,2009,
S20-S16,S20,POTR5,,60,N,,
S20-S17,S20,POTR5,,85,N,,
S20-S18,S20,POTR5,,60,N,,
S20-S19,S20,POTR5,,30,N,,
S20-S20,S20,POTR5,,140,N,,
S20-S21,S20,POTR5,,200,N,,
S20-S22,S20,POTR5,,200,N,,
S20-S23,S20,POTR5,,30,N,,
S20-S24,S20,POTR5,,30,N,,
S20-S25,S20,POTR5,,85,N,,
S20-S26,S20,POTR5,,20,N,,
S20-S27,S20,POTR5,,55,N,,
S20-S28,S20,POTR5,,120,N,,
S20-S29,S20,POTR5,,130,N,,
S20-S30,S20,POTR5,,70,N,,
S20-S31,S20,POTR5,,100,N,,
S20-S32,S20,POTR5,,40,N,,
S21-S01,S21,POTR5,0.7,ND,N,2009,
S21-S02,S21,POTR5,3.51,ND,N,2003,
S21-S03,S21,POTR5,0.89,ND,N,2003,
S21-S04,S21,POTR5,0.91,ND,N,2004,
S21-S05,S21,POTR5,0.56,ND,N,2007,
S21-S06,S21,POTR5,0.68,ND,N,2006,
S21-S07,S21,POTR5,0.96,ND,N,2003,
S21-S08,S21,POTR5,5.85,ND,N,1959,
S21-S09,S21,POTR5,2.95,ND,N,1982,
S21-S10,S21,POTR5,2.99,ND,N,2001,
S21-S11,S21,POTR5,1.26,ND,N,2004,
S21-S12,S21,POTR5,0.68,ND,N,2003,
S21-S13,S21,POTR5,0.67,ND,N,2003,
S22-S01,S22,POTR5,0.36,13,N,2011,
S22-S02,S22,POTR5,7.5,320,N,1987,
S22-S03,S22,POTR5,3.82,155,N,1990,
S22-S04,S22,POTR5,2.24,85,N,2008,
S22-S05,S22,POTR5,1.52,74,N,2007,
S22-S06,S22,POTR5,,56,N,,
S22-S07,S22,POTR5,5.38,220,N,1985,
S22-S08,S22,POTR5,4.8,125,N,1994,
S22-S09,S22,POTR5,5.44,270,N,1985,
S22-S10,S22,POTR5,3.63,200,Y,1989,
S22-S11,S22,POTR5,2.75,145,Y,1993,
S23-S01,S23,POTR5,2.38,235,N,1996,
S23-S02,S23,POTR5,1.36,155,N,2004,
S23-S03,S23,POTR5,5.13,300,N,1993,
S23-S04,S23,POTR5,5.46,175,N,1987,
S23-S05,S23,POTR5,2.75,210,N,2003,
S23-S06,S23,POTR5,5.82,400,N,1983,
S23-S07,S23,POTR5,1.53,180,N,2004,
S23-S08,S23,POTR5,2.4,150,N,1997,
S23-S09,S23,POTR5,1.73,200,N,2002,
S23-S10,S23,POTR5,3.05,300,N,2004,
S24-S01,S24,POTR5,5.72,280,N,1983,
S24-S02,S24,POTR5,4.56,260,N,1988,
S24-S03,S24,POTR5,4.72,180,N,1990,
S24-S04,S24,POTR5,2.43,190,N,1992,
S24-S05,S24,POTR5,3.2,200,N,1989,
S24-S06,S24,POTR5,1.84,170,N,1996,
S24-S07,S24,POTR5,,110,N,,
S24-S08,S24,POTR5,1.72,120,N,1995,
S24-S09,S24,POTR5,3.54,230,N,1989,
S24-S10,S24,POTR5,,60,N,,
S24-S11,S24,POTR5,,200,N,,
S24-S12,S24,POTR5,,30,N,2011,
S24-S13,S24,POTR5,3.52,40,N,1992,
S24-S14,S24,POTR5,0.44,35,N,2010,
S24-S15,S24,POTR5,5.97,600,N,1987,
S24-S16,S24,POTR5,7.24,600,N,1984,
S24-S17,S24,POTR5,0.89,95,N,2004,
S24-S18,S24,POTR5,0.6,75,N,2007,
S24-S19,S24,POTR5,,500,N,,
S24-S20,S24,POTR5,,70,N,,
S24-S21,S24,POTR5,,60,N,,
S24-S22,S24,POTR5,,90,N,,
S24-S23,S24,POTR5,,70,N,,
S24-S24,S24,POTR5,,260,N,,
S24-S25,S24,POTR5,,305,N,,
S25-S01,S25,POTR5,1.5,175,N,2002,
S25-S02,S25,POTR5,2.12,175,N,2003,
S25-S03,S25,POTR5,2.42,200,N,2002,
S25-S04,S25,POTR5,1.62,100,N,2002,
S25-S05,S25,POTR5,1.96,150,N,2002,
S25-S06,S25,POTR5,4.38,400,N,2002,
S25-S07,S25,POTR5,2.03,130,N,2003,
S25-S08,S25,POTR5,3.68,200,N,1994,
S25-S09,S25,POTR5,2.93,230,N,2000,
S25-S10,S25,POTR5,1.42,200,N,2004,
S25-S11,S25,POTR5,3.06,250,N,2001,
S25-S12,S25,POTR5,1.43,75,N,2001,
S25-S13,S25,POTR5,3.78,250,N,2000,
S25-S14,S25,POTR5,3.95,325,N,2001,
S25-S15,S25,POTR5,2.14,150,N,2000,
S26-S01,S26,POTR5,3.29,300,N,2002,
S26-S02,S26,POTR5,1.11,150,N,2002,
S26-S03,S26,POTR5,0.78,75,N,2003,
S26-S04,S26,POTR5,1.56,150,N,2003,
S26-S05,S26,POTR5,1.05,100,N,2004,
S26-S06,S26,POTR5,,75,N,,
S26-S07,S26,POTR5,2.11,200,N,2002,
S26-S08,S26,POTR5,2.64,300,N,2001,
S26-S09,S26,POTR5,2.15,250,N,2002,
S26-S10,S26,POTR5,4.48,400,N,2001,
S26-S11,S26,POTR5,3.21,150,N,,
S26-S12,S26,POTR5,3.25,150,N,,
S26-S13,S26,POTR5,0.7,60,N,2007,
S26-S14,S26,POTR5,3.5,300,N,1986,
S26-S15,S26,POTR5,2.79,250,N,2003,
S26-S16,S26,POTR5,,150,N,,
S26-S17,S26,POTR5,,250,N,,
S27-S01,S27,POTR5,2.06,170,N,2002,
S27-S02,S27,POTR5,0.72,81,N,2004,
S27-S03,S27,POTR5,0.7,67,N,2008,
S27-S04,S27,POTR5,1.23,131,N,2008,
S27-S05,S27,POTR5,2.01,155,N,2002,
S27-S06,S27,POTR5,1.34,105,N,1994,
S27-S07,S27,POTR5,0.96,95,N,2008,
S27-S08,S27,POTR5,0.68,55,N,2008,
S27-S09,S27,POTR5,0.97,86,N,2008,
S27-S10,S27,POTR5,0.82,60,N,2007,
S27-S11,S27,POTR5,1.28,97,N,2005,
S27-S12,S27,POTR5,0.68,66,N,2007,
S27-S13,S27,POTR5,1.84,165,N,2004,
S27-S14,S27,POTR5,0.86,71,N,2007,
S27-S15,S27,POTR5,0.74,74,N,2008,
S27-S16,S27,POTR5,,68,N,,
S27-S17,S27,POTR5,,190,N,,
S27-S18,S27,POTR5,,100,N,,
S27-S19,S27,POTR5,,100,N,,
S27-S20,S27,POTR5,,300,N,,1990
S27-S21,S27,POTR5,,100,N,,
S27-S22,S27,POTR5,,60,N,,
S27-S23,S27,POTR5,,115,N,,
S27-S24,S27,POTR5,,80,N,,
S27-S25,S27,POTR5,,200,N,,1990
S27-S26,S27,POTR5,,250,N,,1990
S27-S27,S27,POTR5,,250,N,,1990
S27-S28,S27,POTR5,,185,N,,
S27-S29,S27,POTR5,,115,N,,
S27-S30,S27,POTR5,,195,N,,
S27-S31,S27,POTR5,,125,N,,
S27-S32,S27,POTR5,,190,N,,
S27-S33,S27,POTR5,,195,N,,1990
S27-S34,S27,POTR5,,67,N,,
S27-S35,S27,POTR5,,90,N,,
S27-S36,S27,POTR5,,125,N,,
S27-S37,S27,POTR5,,50,N,,
S27-S38,S27,POTR5,,130,N,,
S27-S39,S27,POTR5,,230,N,,1990
S27-S40,S27,POTR5,,90,N,,
S27-S41,S27,POTR5,,110,N,,
S27-S42,S27,POTR5,,150,N,,
S27-S43,S27,POTR5,,95,N,,
S27-S44,S27,POTR5,,190,N,,
S27-S45,S27,POTR5,,95,N,,
S27-S46,S27,POTR5,,79,N,,
S27-S47,S27,POTR5,,75,N,,
S27-S48,S27,POTR5,,65,N,,
S27-S49,S27,POTR5,,115,N,,
S27-S50,S27,POTR5,,135,N,,
S27-S51,S27,POTR5,,130,N,,
S27-S52,S27,POTR5,,120,N,,
S27-S53,S27,POTR5,,240,N,,1990
S27-S54,S27,POTR5,,190,N,,1990
S27-S55,S27,POTR5,,110,N,,
S27-S56,S27,POTR5,,140,N,,1990
S27-S57,S27,POTR5,,160,N,,1990
S27-S58,S27,POTR5,,140,N,,
S27-S59,S27,POTR5,,95,N,,
S27-S60,S27,POTR5,,90,N,,
S27-S61,S27,POTR5,,90,N,,
S27-S62,S27,POTR5,,115,N,,
S27-S63,S27,POTR5,,190,N,,
S28-S01,S28,POTR5,5.71,330,N,1987,
S28-S02,S28,POTR5,1.52,125,N,2004,
S28-S03,S28,POTR5,4.57,185,N,1984,
S28-S04,S28,POTR5,5.34,310,N,1981,
S28-S05,S28,POTR5,1.34,90,N,2003,
S28-S06,S28,POTR5,5.58,400,N,1983,
S28-S07,S28,POTR5,,125,N,,
S28-S08,S28,POTR5,1.47,105,N,2004,
S28-S09,S28,POTR5,4.04,325,N,1991,
S28-S10,S28,POTR5,0.94,75,N,2007,
S28-S11,S28,POTR5,5.32,400,N,1992,
S28-S12,S28,POTR5,3.04,210,N,1979,
S28-S13,S28,POTR5,1.14,60,N,2006,
S28-S14,S28,POTR5,0.48,40,N,2009,
S28-S15,S28,POTR5,6.92,350,N,1980,
S28-S16,S28,POTR5,1.26,100,N,2002,
S28-S17,S28,POTR5,,85,N,,
S28-S18,S28,POTR5,,55,N,,
S28-S19,S28,POTR5,,120,N,,
S28-S20,S28,POTR5,,120,N,,
S28-S21,S28,POTR5,,100,N,,
S28-S22,S28,POTR5,,140,N,,
S28-S23,S28,POTR5,,70,N,,
S28-S24,S28,POTR5,,22,N,,
S28-S25,S28,POTR5,,180,N,,
S29-S01,S29,POTR5,0.74,55,N,2010,
S29-S02,S29,POTR5,2.39,200,N,2000,
S29-S03,S29,POTR5,1.32,73,N,2005,
S29-S04,S29,POTR5,0.41,31,N,2009,
S29-S05,S29,POTR5,0.4,24,N,2010,
S29-S06,S29,POTR5,1.52,136,N,2006,
S29-S07,S29,POTR5,0.9,55,N,2007,
S29-S08,S29,POTR5,1.55,122,N,1999,
S29-S09,S29,POTR5,1.38,124,N,2006,
S29-S10,S29,POTR5,1.92,180,N,2004,
S29-S11,S29,POTR5,0.68,40,N,2008,
S29-S12,S29,POTR5,0.24,21,N,2011,
S29-S13,S29,POTR5,0.56,36,N,2010,
S29-S14,S29,POTR5,1.82,164,N,2006,
S29-S15,S29,POTR5,1.51,135,N,2005,
S29-S16,S29,POTR5,,57,N,,
S29-S17,S29,POTR5,,21,N,,
S29-S18,S29,POTR5,,33,N,,
S29-S19,S29,POTR5,,120,N,,
S29-S20,S29,POTR5,,150,N,,
S29-S21,S29,POTR5,,48,N,,
S29-S22,S29,POTR5,,205,N,,
S29-S23,S29,POTR5,,126,N,,
S29-S24,S29,POTR5,,134,N,,
S29-S25,S29,POTR5,,161,N,,
S29-S26,S29,POTR5,,106,N,,
S29-S27,S29,POTR5,,122,N,,
S29-S28,S29,POTR5,,115,N,,
S29-S29,S29,POTR5,,190,N,,
S29-S30,S29,POTR5,,105,N,,
S29-S31,S29,POTR5,,55,N,,
S29-S32,S29,POTR5,,450,N,,
S29-S33,S29,POTR5,,200,N,,
S29-S34,S29,POTR5,,20,N,,
S29-S35,S29,POTR5,,310,N,,
S29-S36,S29,POTR5,,35,N,,
S29-S37,S29,POTR5,,80,N,,
S29-S38,S29,POTR5,,45,N,,
S29-S39,S29,POTR5,,60,N,,
S30-S01,S30,POTR5,4.84,330,N,1977,
S30-S02,S30,POTR5,1.98,215,N,2002,
S30-S03,S30,POTR5,3.36,250,N,1987,
S30-S04,S30,POTR5,0.38,51,N,2007,
S30-S05,S30,POTR5,0.42,60,N,2009,
S30-S06,S30,POTR5,2.44,225,N,2002,
S30-S07,S30,POTR5,4.41,345,N,1992,
S30-S08,S30,POTR5,1.54,118,N,2004,
S30-S09,S30,POTR5,0.38,36,N,2010,
S30-S10,S30,POTR5,0.85,98,N,2006,
S30-S11,S30,POTR5,0.96,65,N,2006,
S30-S12,S30,POTR5,2.06,291,N,2001,
S30-S13,S30,POTR5,1.93,224,N,2001,
S30-S14,S30,POTR5,3.67,345,N,1998,
S30-S15,S30,POTR5,2.78,290,N,2000,
S30-S16,S30,POTR5,,15,N,,
S30-S17,S30,POTR5,,200,N,,
S30-S18,S30,POTR5,,35,N,,
S30-S19,S30,POTR5,,280,N,,
S30-S20,S30,POTR5,,155,N,,
S30-S21,S30,POTR5,,230,N,,
S30-S22,S30,POTR5,,360,N,,
S30-S23,S30,POTR5,,180,N,,
S30-S24,S30,POTR5,,220,N,,
S30-S25,S30,POTR5,,350,N,,
S30-S26,S30,POTR5,,85,N,,
S30-S27,S30,POTR5,,260,N,,
S30-S28,S30,POTR5,,125,N,,
S30-S29,S30,POTR5,,270,N,,
S30-S30,S30,POTR5,,268,N,,
S30-S31,S30,POTR5,,240,N,,
S31-S01,S31,POTR5,0.68,35,N,2008,
S31-S02,S31,POTR5,0.99,38,N,2006,
S31-S03,S31,POTR5,0.34,13,N,2011,
S31-S04,S31,POTR5,0.44,17,N,2010,
S31-S05,S31,POTR5,2.64,50,N,2006,
S31-S06,S31,POTR5,0.19,11,N,2011,
S31-S07,S31,POTR5,1.18,37,N,2006,
S31-S08,S31,POTR5,0.86,30,N,2004,
S31-S09,S31,POTR5,0.84,20,N,2008,
S31-S10,S31,POTR5,1.28,28,N,2009,
S31-S11,S31,POTR5,0.93,83,N,2005,
S31-S12,S31,POTR5,0.66,55,N,2004,
S31-S13,S31,POTR5,1.16,35,N,2004,
S31-S14,S31,POTR5,,20,N,2011,
S31-S15,S31,POTR5,0.68,55,N,2005,
S31-S16,S31,POTR5,0.48,35,N,2010,
S31-S17,S31,POTR5,,55,N,,
S31-S18,S31,POTR5,,23,N,,
S31-S19,S31,POTR5,,21,N,,
S31-S20,S31,POTR5,,50,N,,
S31-S21,S31,POTR5,,21,N,,
S31-S22,S31,POTR5,,60,N,,
S31-S23,S31,POTR5,,35,N,,
S31-S24,S31,POTR5,,37,N,,
S31-S25,S31,POTR5,,23,N,,
S31-S26,S31,POTR5,,50,N,,
S31-S27,S31,POTR5,,45,N,,
S31-S28,S31,POTR5,,47,N,,
S31-S29,S31,POTR5,,27,N,,
S31-S30,S31,POTR5,,36,N,,
S31-S31,S31,POTR5,,25,N,,
S31-S32,S31,POTR5,,93,N,,
S31-S33,S31,POTR5,,400,N,,
S31-S34,S31,POTR5,,26,N,,
S31-S35,S31,POTR5,,39,N,,
S31-S36,S31,POTR5,,100,N,,
S31-S37,S31,POTR5,,110,N,,
S31-S38,S31,POTR5,,230,N,,
S31-S39,S31,POTR5,,250,N,,
S31-S40,S31,POTR5,,220,N,,
S31-S41,S31,POTR5,,210,N,,
S31-S42,S31,POTR5,,145,N,,
S31-S43,S31,POTR5,,51,N,,
S31-S44,S31,POTR5,,100,N,,
