Year,Mountain Range,Tave01,Tave02,Tave03,Tave04,Tave05,Tave06,Tave07,Tave08,Tave09,Tave10,Tave11,Tave12,PPT01,PPT02,PPT03,PPT04,PPT05,PPT06,PPT07,PPT08,PPT09,PPT10,PPT11,PPT12,CMI01,CMI02,CMI03,CMI04,CMI05,CMI06,CMI07,CMI08,CMI09,CMI10,CMI11,CMI12
1910,Jarbidge,-8.350,-6.875,2.725,5.588,8.288,12.325,17.450,14.963,10.775,5.925,1.488,-2.013,54.250,85.375,18.500,60.250,34.000,3.500,17.250,2.875,30.250,48.000,46.500,102.250,5.426,8.540,-0.656,0.904,-4.435,-11.906,-14.196,-15.134,-6.916,-0.823,2.806,9.640
1911,Jarbidge,-3.913,-8.263,0.275,0.600,4.600,11.350,15.513,13.863,9.475,3.213,-2.925,-6.938,182.375,41.875,40.125,88.375,39.625,52.375,12.500,4.000,6.250,40.250,77.000,38.625,18.013,4.200,2.520,7.050,-0.011,-4.261,-12.960,-14.015,-8.504,0.700,7.260,3.874
1912,Jarbidge,-3.925,-1.988,-2.563,0.563,4.925,11.450,13.925,14.325,7.850,2.975,0.763,-5.100,66.375,154.125,61.500,108.000,46.750,27.875,19.375,15.875,25.375,147.875,81.500,46.000,6.435,14.739,5.666,9.279,0.580,-7.699,-9.785,-11.023,-4.946,12.306,6.620,4.530
1913,Jarbidge,-7.913,-6.250,-3.300,2.313,7.400,10.513,14.188,16.163,10.975,4.288,0.500,-7.375,50.750,19.250,42.875,36.500,17.750,120.875,66.250,10.750,21.750,34.000,94.250,77.250,5.091,1.910,3.910,0.963,-4.858,3.510,-4.816,-12.619,-7.926,-0.144,8.151,7.721
1914,Jarbidge,-2.763,-4.413,-0.025,2.588,8.400,9.725,16.375,16.300,10.513,6.100,0.713,-9.463,77.750,71.500,22.125,78.375,50.500,65.375,26.000,4.750,35.000,75.375,5.375,25.500,7.409,6.989,0.781,5.370,-2.268,-1.741,-11.241,-14.794,-6.713,3.118,-1.545,2.543
1915,Jarbidge,-6.238,-2.175,-0.013,4.950,4.500,9.375,14.075,17.438,8.875,6.550,-1.413,-4.238,38.125,115.500,8.750,78.875,110.125,12.250,15.625,2.125,41.000,1.875,58.750,53.375,3.828,10.983,-0.670,3.849,7.849,-7.360,-11.109,-16.910,-3.283,-5.666,5.016,5.188
1916,Jarbidge,-9.150,-2.900,0.463,3.163,3.963,9.500,14.488,14.263,10.613,3.075,-3.425,-7.000,143.875,129.000,63.375,9.125,45.375,9.000,22.125,14.375,2.875,64.375,32.500,102.875,14.405,12.480,4.830,-2.319,0.974,-8.171,-11.359,-11.990,-10.304,3.578,2.873,10.289
1917,Jarbidge,-10.625,-6.388,-7.113,-0.750,3.663,9.675,17.325,15.525,11.575,6.625,2.325,0.238,37.375,89.125,57.625,93.625,120.125,26.500,21.250,28.625,19.000,3.750,63.375,40.125,3.720,8.895,5.760,8.328,9.279,-6.841,-14.225,-10.940,-8.643,-5.618,3.940,2.746
1918,Jarbidge,-3.813,-5.838,-0.450,1.138,4.975,15.125,15.650,13.063,12.125,6.513,-2.275,-6.450,74.750,72.125,66.500,70.250,82.125,60.000,28.750,36.500,55.250,84.875,44.750,42.500,7.270,7.195,5.465,4.773,3.516,-8.120,-11.390,-8.146,-4.609,3.985,3.883,4.253
1919,Jarbidge,-4.538,-5.000,-2.775,3.525,8.563,12.750,17.813,16.763,11.388,0.588,-1.600,-6.425,13.375,143.750,59.625,60.625,37.250,1.375,15.000,3.750,41.250,107.375,55.625,111.375,1.230,14.294,5.531,2.898,-4.531,-12.254,-15.341,-14.928,-5.178,9.310,4.818,11.136
1920,Jarbidge,-2.750,-3.175,-2.650,-0.450,5.775,9.900,16.875,15.813,10.750,3.163,-1.563,-4.100,42.000,69.500,74.500,124.375,83.000,55.750,20.125,43.500,35.625,129.000,99.250,151.750,3.640,6.500,6.984,11.226,3.243,-3.728,-13.045,-9.990,-6.109,10.386,9.344,15.024
1921,Jarbidge,-4.125,-3.350,0.338,0.475,6.263,12.088,15.950,16.463,8.475,7.150,1.500,-3.150,115.125,85.625,39.750,67.500,98.750,25.250,6.250,10.250,8.375,11.000,42.000,91.500,11.339,8.189,2.600,5.203,5.101,-7.589,-14.141,-13.334,-7.763,-5.801,2.010,8.759
1922,Jarbidge,-12.438,-8.350,-5.263,-1.288,5.900,13.300,16.163,16.825,12.675,5.900,-3.025,-4.925,172.125,122.875,81.125,115.875,61.625,45.500,23.625,38.375,0.125,20.125,52.375,109.500,17.220,12.285,8.068,10.638,1.215,-7.664,-12.361,-9.741,-12.415,-3.108,4.850,10.896
1923,Jarbidge,-3.850,-7.288,-3.325,0.713,6.325,8.788,17.200,15.313,11.625,3.650,0.850,-6.625,63.000,21.000,20.250,100.625,86.750,81.375,19.875,33.125,44.500,70.000,16.500,80.750,6.086,2.109,1.655,8.374,3.510,0.876,-13.043,-10.398,-5.324,4.131,-0.100,8.078
1924,Jarbidge,-7.675,0.225,-4.513,1.688,9.475,11.738,15.875,15.413,11.475,5.275,-1.050,-9.275,28.500,77.125,51.750,26.000,2.375,12.625,9.375,6.375,15.625,93.875,58.625,144.375,2.838,6.309,5.055,0.266,-9.575,-10.753,-13.695,-14.686,-10.220,5.515,4.898,14.456
1925,Jarbidge,-4.725,-1.213,-0.375,2.800,8.700,10.725,17.563,14.525,10.013,4.313,-0.925,-2.175,75.250,92.000,56.125,163.875,54.625,58.500,47.500,34.875,37.875,60.875,79.750,111.125,7.441,8.359,4.401,13.754,-2.116,-3.123,-9.824,-8.789,-4.823,2.329,7.019,10.516
1926,Jarbidge,-4.938,-1.188,-0.200,4.813,7.650,13.875,16.538,16.450,8.263,5.700,1.550,-6.013,54.375,78.375,35.500,69.500,30.250,19.750,37.750,12.000,2.875,7.125,122.375,51.375,5.383,6.954,2.061,2.916,-3.679,-10.929,-10.803,-12.753,-7.436,-4.329,10.474,5.116
1927,Jarbidge,-4.313,-3.250,-2.025,0.950,4.950,11.788,16.275,14.338,9.000,5.638,2.063,-7.063,55.875,157.750,56.750,64.875,100.125,32.000,10.375,16.125,22.500,64.375,103.375,52.875,5.449,15.454,5.014,4.609,6.129,-7.609,-14.299,-10.555,-4.875,1.841,8.541,5.280
1928,Jarbidge,-4.325,-3.813,0.188,0.625,9.163,10.050,16.263,15.075,12.063,5.200,-0.850,-7.538,33.750,32.625,117.000,39.125,12.375,26.000,9.625,4.250,4.125,35.125,50.125,25.875,3.219,2.991,10.393,2.216,-6.901,-6.164,-13.829,-13.389,-12.046,-0.946,4.090,2.583
1929,Jarbidge,-8.513,-7.575,-2.163,-0.075,6.175,10.400,16.775,18.038,8.625,5.088,-1.488,-1.000,129.250,35.250,79.000,77.125,16.000,50.500,5.875,24.875,18.375,21.875,23.125,43.750,12.919,3.531,7.216,6.329,-4.043,-4.479,-14.658,-12.935,-6.443,-2.855,1.156,3.336
1930,Jarbidge,-11.213,-1.038,-1.413,4.825,4.638,11.100,16.850,16.388,10.150,3.825,-3.063,-8.013,101.875,68.250,43.625,93.500,143.625,17.375,8.000,49.750,32.125,47.250,139.500,69.000,10.199,5.916,3.509,5.256,10.875,-9.116,-15.100,-7.561,-5.989,1.455,13.433,6.898
1931,Jarbidge,-5.838,-2.738,-1.313,3.175,8.113,13.063,18.400,17.038,10.513,6.163,-4.688,-7.563,23.000,16.375,64.875,36.750,18.250,18.000,8.125,12.375,19.125,33.375,60.750,69.625,2.275,1.173,5.533,0.434,-5.961,-9.738,-15.925,-14.106,-7.183,-1.705,5.976,6.979
1932,Jarbidge,-9.463,-7.538,-2.750,2.025,6.613,10.975,15.188,14.763,11.875,3.838,1.200,-10.338,70.250,80.125,79.375,65.250,113.500,79.625,38.125,10.875,4.875,14.625,34.875,74.125,7.030,8.025,7.578,4.383,6.383,-1.238,-10.056,-12.515,-11.530,-1.998,1.576,7.409
1933,Jarbidge,-8.388,-11.488,-2.050,0.600,3.063,13.338,17.675,15.800,10.863,7.588,0.375,-1.875,91.625,38.375,27.000,56.625,72.875,5.125,12.750,1.875,14.500,22.125,16.750,42.625,9.158,3.831,2.049,3.938,4.570,-11.909,-15.514,-14.980,-9.273,-5.178,-0.171,3.433
1934,Jarbidge,-1.375,0.463,2.725,5.788,10.075,10.413,16.975,17.763,10.338,6.575,1.150,-3.950,34.750,100.750,52.000,48.750,28.000,43.375,4.375,5.500,5.875,24.625,138.500,56.125,2.644,8.510,2.258,-0.563,-6.538,-5.596,-15.924,-16.506,-9.586,-3.335,12.198,5.421
1935,Jarbidge,-4.650,-3.875,-3.700,1.350,5.313,11.413,15.763,16.175,12.838,4.238,-3.250,-4.800,43.250,54.250,58.000,156.500,113.000,8.625,5.625,1.125,2.000,42.000,32.125,66.125,4.268,5.203,5.500,13.710,6.839,-9.788,-14.278,-15.271,-12.241,0.266,2.848,6.524
1936,Jarbidge,-4.825,-5.325,-2.175,3.850,8.550,12.750,17.825,16.463,9.638,6.013,-1.363,-4.238,123.875,93.500,60.250,28.875,44.375,77.125,33.750,25.125,17.375,33.750,11.125,64.000,12.319,9.300,5.341,-0.649,-3.630,-3.169,-12.466,-12.051,-7.980,-2.098,-0.064,6.233
1937,Jarbidge,-15.075,-6.563,-1.675,1.063,8.250,10.700,16.863,16.125,12.400,6.400,1.263,-2.513,60.750,109.125,48.875,39.625,34.375,45.375,34.750,2.375,4.500,30.750,109.750,101.875,6.071,10.899,4.105,2.114,-4.386,-5.310,-11.566,-16.105,-11.368,-2.624,9.380,9.686
1938,Jarbidge,-3.113,-2.888,-3.138,2.288,5.313,11.375,15.700,15.513,13.600,5.275,-3.925,-3.050,53.875,46.125,120.125,75.000,75.250,35.000,49.250,14.125,3.000,107.625,55.625,42.500,5.026,4.169,11.655,5.058,3.379,-6.456,-8.564,-12.798,-12.115,7.025,5.336,3.830
1939,Jarbidge,-4.213,-7.700,-1.013,4.300,8.213,9.763,16.563,16.913,11.375,5.475,1.563,0.013,42.875,57.125,59.375,53.500,40.250,11.875,29.250,4.125,20.625,75.625,26.375,32.750,4.120,5.720,4.864,1.339,-3.329,-8.214,-12.425,-16.123,-8.535,3.370,0.065,1.939
1940,Jarbidge,-3.513,-2.138,0.313,2.613,9.025,13.688,16.325,17.425,10.938,6.463,-2.663,-2.550,132.000,72.250,68.000,119.625,12.375,25.875,5.375,6.750,56.625,51.750,59.500,78.750,12.895,6.673,5.231,9.391,-7.483,-10.759,-15.823,-16.930,-2.584,0.126,5.440,7.324
1941,Jarbidge,-4.013,-1.463,-0.650,1.138,7.300,9.713,16.713,14.863,7.150,3.838,0.213,-2.800,61.875,74.000,16.125,103.875,103.375,68.875,14.250,56.000,33.250,61.875,72.500,72.750,5.989,6.611,0.381,8.644,4.719,-1.256,-13.213,-6.551,-2.756,3.074,5.805,6.855
1942,Jarbidge,-6.125,-7.713,-3.638,2.638,4.113,8.888,16.813,15.925,10.913,5.775,-0.688,-2.325,94.375,89.625,25.125,99.375,81.500,19.250,9.750,4.000,1.750,31.500,155.625,137.375,9.438,8.966,2.181,7.264,4.771,-6.128,-15.999,-15.031,-11.059,-1.896,14.553,13.269
1943,Jarbidge,-4.138,-2.438,-1.713,5.650,5.225,8.413,15.575,15.413,12.750,6.325,-0.250,-3.888,138.375,61.125,54.125,91.625,44.125,79.000,12.125,2.625,0.250,62.875,32.125,45.375,13.656,5.485,4.654,4.456,-0.054,0.799,-13.456,-14.608,-13.389,1.489,1.895,4.289
1944,Jarbidge,-8.163,-5.438,-4.200,0.525,6.613,8.025,14.988,14.525,10.700,7.738,-3.438,-5.500,67.625,102.125,66.125,129.000,34.125,100.750,9.750,2.125,12.125,11.875,83.875,48.875,6.756,10.174,6.380,11.330,-2.596,3.359,-13.313,-15.055,-9.405,-5.870,8.133,4.864
1945,Jarbidge,-5.000,-3.500,-3.638,-0.063,6.213,8.200,16.400,16.350,9.625,6.763,-1.825,-5.188,51.000,98.750,126.125,79.125,111.875,78.375,21.750,13.125,18.750,32.000,112.375,108.500,5.055,9.589,12.326,6.391,6.430,1.018,-13.228,-13.841,-7.414,-2.469,10.701,10.833
1946,Jarbidge,-6.038,-4.700,-0.950,4.600,5.600,11.075,16.563,16.250,9.838,1.450,-2.163,-1.538,67.625,43.125,127.125,38.875,67.875,13.625,25.500,24.375,27.750,133.875,123.000,70.125,6.748,4.190,11.698,-0.325,1.968,-9.589,-12.831,-13.151,-6.876,11.824,11.761,6.288
1947,Jarbidge,-7.638,-0.850,-0.150,1.900,8.738,9.025,16.538,15.325,11.625,6.625,-3.088,-4.550,51.000,38.375,65.750,77.625,86.750,46.375,2.875,8.625,6.500,54.125,163.250,32.375,5.111,2.768,5.203,5.388,0.808,-2.888,-15.553,-13.645,-10.686,0.298,16.003,3.128
1948,Jarbidge,-2.725,-5.425,-4.725,0.938,6.463,11.175,15.038,15.063,10.925,5.975,-3.075,-7.900,44.625,87.250,65.875,92.375,27.000,62.875,6.875,2.125,33.625,30.875,66.625,132.000,3.914,8.704,6.485,7.450,-2.994,-3.534,-13.304,-14.538,-7.143,-2.153,6.310,13.214
1949,Jarbidge,-15.600,-8.688,-2.713,4.513,7.500,10.638,15.713,15.950,11.988,2.475,3.413,-5.625,80.000,110.375,47.625,17.000,101.500,15.000,7.000,5.375,4.500,58.500,33.500,37.250,8.013,11.051,4.291,-2.799,4.245,-8.310,-14.401,-14.565,-11.261,3.366,-0.099,3.709
1950,Jarbidge,-7.725,-2.388,-2.688,1.425,4.563,9.450,15.388,15.188,10.288,7.563,1.275,0.288,129.500,26.125,98.125,62.750,44.625,23.375,16.250,7.250,24.500,39.750,93.000,115.625,12.959,1.998,9.309,4.101,0.250,-6.859,-11.741,-13.733,-6.306,-2.423,7.653,10.355
1951,Jarbidge,-6.138,-3.250,-3.663,3.313,6.425,9.400,17.013,15.113,11.450,3.300,-1.725,-7.650,100.875,91.875,55.750,46.250,48.250,4.500,13.375,27.375,0.875,69.250,62.375,140.000,10.080,8.823,5.268,1.406,-0.359,-8.775,-14.368,-10.401,-11.639,4.169,5.495,14.006
1952,Jarbidge,-7.925,-6.800,-5.938,3.588,7.300,10.225,14.988,15.838,12.313,8.713,-4.038,-2.775,122.625,66.625,124.625,33.125,50.500,50.625,28.500,6.625,7.875,2.250,17.750,52.875,12.255,6.650,12.426,0.111,-1.061,-4.220,-10.125,-13.859,-11.311,-9.328,1.508,4.891
1953,Jarbidge,0.588,-2.838,-0.800,0.713,2.738,9.300,16.900,14.925,12.675,6.188,1.913,-4.625,73.250,45.375,32.250,97.750,123.500,32.125,2.875,9.250,7.500,29.375,41.750,73.875,6.073,4.006,2.046,7.966,9.724,-5.591,-16.101,-13.430,-11.858,-2.073,2.220,7.274
1954,Jarbidge,-3.388,0.500,-3.238,3.575,8.938,10.013,16.963,14.100,10.563,4.925,1.975,-5.375,37.500,35.000,83.875,50.875,0.500,68.000,13.125,5.250,2.375,15.125,16.250,57.375,3.430,1.764,7.985,1.490,-9.056,-2.280,-14.374,-12.863,-10.803,-3.359,-0.844,5.711
1955,Jarbidge,-9.600,-7.863,-4.000,-0.150,4.913,10.875,14.938,17.200,10.600,6.275,-2.613,-3.325,70.000,62.375,42.500,77.875,71.500,32.875,30.875,7.250,25.500,23.500,45.625,180.750,6.995,6.228,4.018,6.395,2.888,-6.788,-10.036,-15.814,-7.666,-3.296,4.041,17.818
1956,Jarbidge,-2.638,-7.938,-1.713,2.450,7.363,11.250,16.238,14.300,11.813,4.225,-1.913,-3.413,156.375,37.125,28.750,59.375,106.625,25.250,12.000,2.500,8.750,99.000,16.250,86.375,15.219,3.720,2.061,3.315,4.931,-8.519,-13.985,-13.239,-11.408,6.444,0.785,8.294
1957,Jarbidge,-9.088,-1.575,-1.250,0.950,5.863,11.475,15.563,15.213,11.338,4.050,-3.863,-2.163,53.500,62.750,127.875,72.125,155.750,43.125,3.500,6.875,11.250,35.250,87.375,61.500,5.348,5.443,11.943,5.396,11.456,-5.654,-14.588,-14.356,-10.593,0.415,8.514,5.533
1958,Jarbidge,-4.238,-0.725,-4.038,0.638,10.188,11.238,14.938,17.850,11.300,6.700,-0.275,0.200,73.000,99.125,59.750,54.625,19.625,55.125,11.500,28.625,6.500,7.000,93.250,56.375,7.113,8.929,5.779,3.843,-7.838,-3.804,-12.556,-12.804,-9.933,-5.906,8.005,4.261
1959,Jarbidge,-2.650,-4.338,-1.438,3.675,4.100,13.088,17.163,14.838,8.638,5.438,0.213,-4.750,74.250,54.875,35.125,26.000,97.125,49.125,5.250,6.250,83.000,16.000,3.875,40.750,6.974,5.363,2.565,-1.134,6.261,-7.143,-15.951,-13.421,1.454,-2.641,-1.523,3.971
1960,Jarbidge,-7.550,-6.425,-0.263,2.525,5.850,12.950,17.963,14.513,12.363,5.013,-0.563,-3.888,66.125,122.750,86.500,49.875,43.125,8.875,23.000,18.625,5.000,28.500,90.750,38.875,6.604,12.275,7.355,2.194,-0.876,-11.656,-14.824,-12.123,-11.174,-1.355,8.135,3.636
1961,Jarbidge,-2.875,-1.425,-1.750,1.488,6.725,14.463,17.413,17.500,7.913,4.575,-2.063,-5.600,9.750,77.375,91.125,17.625,49.875,30.875,13.250,57.500,30.125,56.875,26.625,67.750,0.390,6.970,8.400,-0.581,-0.890,-10.006,-14.889,-8.078,-3.508,2.085,1.988,6.766
1962,Jarbidge,-7.363,-3.525,-4.400,4.375,5.113,10.788,14.513,14.563,11.688,6.488,0.513,-1.638,41.250,147.375,75.625,64.000,141.625,33.500,13.500,10.375,8.875,14.750,70.750,13.750,4.133,14.465,7.380,2.234,10.400,-6.511,-12.183,-12.545,-10.978,-4.619,5.471,0.470
1963,Jarbidge,-6.675,1.263,-2.338,-0.638,7.463,8.300,14.513,15.663,13.325,7.763,-0.550,-3.988,86.000,77.000,51.875,151.000,123.125,140.375,1.750,15.375,42.875,51.375,99.625,56.250,8.589,5.879,4.535,13.990,6.260,7.764,-13.884,-12.880,-6.889,-0.958,8.979,5.393
1964,Jarbidge,-7.375,-7.450,-5.363,0.163,5.650,8.888,16.100,14.400,9.438,7.263,-2.838,-4.263,86.125,25.625,43.875,74.500,83.750,85.375,9.250,2.375,9.625,33.250,82.625,225.125,8.600,2.533,4.314,5.885,3.534,1.611,-14.286,-13.263,-8.176,-3.759,7.796,22.364
1965,Jarbidge,-3.300,-2.950,-3.375,2.263,3.800,9.238,14.788,14.013,7.188,7.325,0.975,-5.738,85.375,29.500,27.625,129.750,93.625,57.500,22.625,69.875,17.875,7.500,88.875,72.250,8.249,2.459,2.349,10.804,5.981,-2.110,-10.208,-4.131,-4.509,-6.428,7.254,7.201
1966,Jarbidge,-6.363,-6.763,-1.513,1.738,8.588,10.500,15.950,15.963,12.363,4.750,0.338,-5.075,39.875,53.625,40.250,22.625,19.875,23.750,10.875,5.875,18.000,9.875,74.375,103.500,3.981,5.364,3.069,-0.410,-6.763,-7.819,-14.501,-13.885,-9.225,-3.578,6.133,10.285
1967,Jarbidge,-3.363,-2.488,-1.550,-1.613,6.013,9.563,16.538,17.763,13.125,5.988,0.425,-6.950,98.750,18.375,76.500,129.125,62.875,71.875,20.625,10.625,11.625,25.375,46.500,54.500,9.595,1.235,6.856,12.160,0.921,-0.186,-13.291,-15.629,-10.151,-2.985,3.134,5.431
1968,Jarbidge,-4.925,0.025,-0.200,-0.263,5.688,11.288,16.813,12.338,9.975,5.338,-1.250,-5.263,48.750,93.625,38.625,38.250,64.875,79.125,8.375,95.625,8.875,30.625,119.625,126.250,4.811,8.074,2.414,2.344,1.448,-2.258,-14.960,0.208,-8.255,-1.616,11.299,12.610
1969,Jarbidge,-3.563,-6.100,-4.338,2.813,8.675,10.375,15.763,17.188,11.950,1.888,-0.750,-3.825,81.125,94.125,42.375,39.000,19.125,99.125,22.500,3.375,14.000,67.250,22.000,116.125,7.860,9.414,4.055,0.925,-6.330,2.188,-11.889,-16.210,-9.870,4.709,1.026,11.394
1970,Jarbidge,-3.563,-0.375,-2.625,-1.900,6.213,11.275,16.088,16.838,7.950,2.375,0.050,-5.525,160.125,53.000,54.625,68.375,67.125,114.875,35.250,17.875,26.750,53.375,144.500,81.000,15.764,4.065,4.888,6.073,1.501,2.058,-10.414,-14.205,-4.835,2.686,13.478,8.079
1971,Jarbidge,-3.025,-2.925,-3.088,0.938,5.538,9.963,15.913,17.500,7.575,2.975,-2.013,-7.888,97.500,62.500,77.500,99.875,108.500,61.750,6.750,13.625,26.250,47.125,104.125,102.625,9.415,5.805,7.318,8.190,6.706,-2.311,-13.221,-14.261,-4.406,2.054,9.806,10.266
1972,Jarbidge,-6.613,-2.788,1.388,0.838,7.325,12.325,15.463,15.925,8.100,4.225,-2.563,-7.775,75.000,70.125,55.625,40.250,30.375,48.875,2.125,10.375,34.625,109.875,62.375,86.625,7.496,6.548,3.548,2.169,-3.815,-5.266,-14.078,-12.870,-3.090,7.929,5.835,8.660
1973,Jarbidge,-6.675,-3.475,-2.900,0.388,7.875,11.600,16.100,15.913,9.538,5.100,-1.175,-2.775,72.625,27.875,45.125,41.875,49.625,42.875,33.000,19.000,35.375,23.125,123.875,103.875,7.256,2.454,4.091,2.650,-2.204,-6.301,-11.028,-11.993,-5.358,-2.115,11.700,10.008
1974,Jarbidge,-6.113,-3.750,-0.913,1.275,5.763,13.763,15.475,14.913,11.763,5.875,-0.050,-4.750,83.250,41.125,100.250,48.625,2.625,3.250,16.750,10.000,2.500,65.625,30.500,94.750,8.306,3.850,9.068,2.838,-4.990,-13.325,-12.325,-13.043,-11.696,1.993,1.851,9.376
1975,Jarbidge,-6.200,-4.775,-2.850,-2.325,4.113,9.638,17.125,13.788,11.350,4.963,-2.175,-1.638,69.375,72.750,93.750,109.250,41.625,48.875,29.750,10.500,16.750,122.500,62.000,35.625,6.944,7.200,8.981,10.409,0.474,-3.449,-11.373,-10.811,-9.204,8.759,5.639,2.849
1976,Jarbidge,-4.050,-2.863,-4.063,0.975,8.238,9.850,16.288,13.063,11.325,4.950,1.150,-3.025,42.625,81.000,43.375,53.250,39.500,22.875,29.875,45.125,61.375,34.875,14.625,6.125,4.061,7.626,4.068,3.449,-3.459,-7.113,-11.254,-6.214,-2.920,-0.784,-0.698,0.049
1977,Jarbidge,-6.213,-2.488,-3.888,3.938,3.425,13.550,15.713,16.163,10.675,6.738,-0.475,-1.475,26.000,47.625,52.625,24.000,80.875,40.250,36.750,34.250,18.375,4.375,83.375,112.875,2.599,4.058,5.011,-1.743,5.339,-7.148,-9.961,-9.281,-7.623,-5.428,7.206,10.614
1978,Jarbidge,-2.875,-2.813,1.688,1.563,4.513,10.463,15.563,14.663,9.063,6.688,-2.288,-7.363,74.750,88.750,58.625,139.500,35.750,6.250,26.750,6.000,84.875,4.250,53.375,45.500,7.098,8.451,3.893,12.024,-0.140,-9.344,-11.371,-12.879,1.138,-5.908,4.728,4.539
1979,Jarbidge,-9.388,-3.638,-1.313,1.363,7.163,11.813,16.138,15.075,13.313,7.025,-3.350,-2.538,95.125,86.375,67.500,58.250,65.625,23.750,25.875,29.000,9.500,90.000,76.125,19.750,9.531,8.390,5.858,3.794,0.441,-8.779,-11.793,-9.481,-11.804,3.584,7.253,1.411
1980,Jarbidge,-4.950,-0.663,-3.013,3.175,5.775,9.963,16.125,14.075,11.100,5.650,-0.238,-0.775,143.000,77.125,53.750,50.875,140.875,45.625,10.750,9.875,44.500,29.875,49.875,49.625,14.229,6.713,4.964,1.986,10.128,-4.191,-12.975,-12.139,-5.129,-1.868,3.689,3.824
1981,Jarbidge,-1.338,-2.288,-1.075,3.288,5.525,11.975,15.875,17.500,12.175,3.238,1.175,-1.650,43.375,33.625,74.250,84.000,97.000,14.000,5.375,5.000,16.375,50.250,119.875,182.750,3.431,2.630,6.405,5.268,5.456,-9.366,-14.856,-16.060,-9.285,2.304,10.438,17.626
1982,Jarbidge,-6.600,-5.275,-2.200,-0.463,5.113,10.238,14.525,16.525,9.838,3.375,-3.163,-5.000,85.250,76.250,119.375,68.500,69.125,47.000,48.750,13.250,81.250,79.000,85.500,63.125,8.513,7.550,11.374,5.524,2.928,-4.223,-6.724,-12.921,1.075,5.338,8.210,6.263
1983,Jarbidge,-2.350,-2.725,-0.850,-1.113,5.450,9.688,13.975,16.388,10.938,6.175,-0.875,-6.050,69.125,101.250,120.875,77.000,62.000,41.875,11.375,56.625,39.000,48.375,152.000,239.375,6.410,9.663,11.259,6.811,1.985,-3.948,-11.181,-6.064,-4.953,0.173,14.468,23.920
1984,Jarbidge,-7.538,-6.575,-2.325,-0.138,6.775,9.313,16.388,16.713,10.425,3.000,-1.688,-8.000,40.375,77.000,88.625,103.750,58.625,105.000,56.625,35.375,11.375,77.000,128.250,49.375,4.036,7.716,8.315,9.144,0.704,3.053,-7.694,-9.431,-8.345,5.168,12.201,4.925
1985,Jarbidge,-7.588,-6.825,-4.213,3.950,7.350,12.163,17.738,14.463,7.188,3.913,-5.500,-6.950,27.125,59.375,72.000,37.250,62.875,11.500,28.375,5.500,55.625,46.250,123.000,63.375,2.704,5.961,6.994,0.091,0.024,-9.750,-12.396,-12.576,0.061,1.443,12.274,6.338
1986,Jarbidge,-1.800,-1.175,2.350,1.863,6.475,13.900,14.188,17.588,7.063,5.250,-0.975,-4.000,52.000,213.875,69.125,92.125,56.875,28.125,15.500,9.375,47.500,19.750,40.500,11.125,4.554,20.598,4.645,7.138,0.255,-9.674,-10.144,-13.759,-0.480,-1.981,3.125,0.899
1987,Jarbidge,-6.688,-3.400,-1.588,5.875,8.013,12.700,14.138,15.138,12.675,8.063,-0.575,-5.838,60.375,63.875,78.000,22.750,118.750,24.625,26.625,10.500,2.875,23.375,83.750,78.125,6.036,6.064,7.071,-3.001,5.945,-8.115,-9.029,-12.556,-11.479,-4.389,7.464,7.815
1988,Jarbidge,-6.200,-2.488,-1.588,3.750,6.225,13.700,17.525,16.025,10.075,9.238,-2.188,-5.100,75.375,28.125,66.875,57.250,77.500,17.125,8.000,4.500,9.875,3.000,192.250,80.125,7.543,2.230,5.856,2.341,2.716,-9.724,-14.363,-13.921,-8.340,-8.056,18.851,7.969
1989,Jarbidge,-7.413,-6.113,-0.525,4.263,6.013,11.088,17.650,14.500,10.713,4.413,-0.738,-3.188,69.750,74.875,169.125,38.875,29.875,11.500,9.125,17.250,31.000,54.750,60.250,16.375,6.969,7.489,16.111,0.425,-1.778,-8.566,-14.823,-10.315,-6.336,2.180,5.016,1.271
1990,Jarbidge,-4.813,-6.175,-0.413,4.763,4.750,11.488,16.238,15.188,13.825,4.950,-1.200,-10.350,108.250,66.250,51.875,84.625,102.125,38.625,7.500,31.750,5.750,19.375,48.250,58.500,10.768,6.608,4.036,4.615,6.534,-5.906,-12.961,-9.046,-10.945,-2.236,3.969,5.844
1991,Jarbidge,-5.750,0.438,-2.375,0.050,3.613,9.288,16.738,16.975,11.688,5.738,-1.775,-3.600,54.750,37.000,76.875,116.500,93.875,24.625,11.500,14.875,35.125,52.375,98.875,24.250,5.471,2.221,7.140,10.351,6.583,-5.791,-13.305,-12.488,-6.144,0.726,9.299,2.145
1992,Jarbidge,-3.725,-0.475,1.700,5.063,10.275,11.988,14.713,16.575,11.200,6.800,-3.775,-7.675,16.500,51.125,35.500,54.000,9.875,52.125,7.375,23.000,15.625,29.625,102.500,129.875,1.395,4.039,1.525,1.154,-8.300,-4.585,-11.934,-11.691,-8.175,-2.255,10.035,13.000
1993,Jarbidge,-7.388,-6.200,0.288,1.150,8.738,8.738,11.288,13.438,11.138,5.400,-3.863,-4.588,76.875,68.500,114.125,92.375,64.625,72.000,28.000,16.750,11.375,41.375,24.500,28.000,7.676,6.836,10.115,7.534,-0.550,0.258,-6.849,-9.669,-8.616,0.308,2.174,2.678
1994,Jarbidge,-2.925,-5.425,0.925,3.025,7.900,12.463,17.588,17.625,12.375,3.888,-6.088,-4.500,43.000,99.500,18.875,116.125,89.000,9.375,10.750,9.625,28.375,41.125,109.375,57.000,3.870,9.901,0.041,8.954,2.870,-10.433,-14.555,-14.571,-7.831,1.183,10.924,5.595
1995,Jarbidge,-3.238,0.663,-1.513,0.675,4.863,8.625,14.575,15.738,11.763,4.625,2.200,-2.775,115.250,33.500,87.500,94.375,142.625,75.250,21.500,6.875,18.250,18.375,73.375,119.750,11.253,1.771,7.959,7.898,10.921,0.930,-10.346,-13.578,-8.136,-2.141,5.294,11.544
1996,Jarbidge,-4.013,-3.300,-0.663,2.238,5.763,12.300,17.325,16.400,9.750,4.575,-0.275,-4.150,154.625,81.875,99.375,65.875,93.125,14.250,19.000,6.250,16.000,56.000,84.000,208.250,15.296,7.835,8.828,4.234,5.139,-9.469,-13.191,-14.273,-6.996,2.035,7.310,20.680
1997,Jarbidge,-5.350,-5.250,-0.163,0.438,8.588,10.763,14.413,16.513,12.088,4.313,-0.075,-5.600,145.000,26.500,52.125,105.625,41.875,91.125,29.750,11.625,20.750,44.875,41.125,37.125,14.460,2.609,3.881,9.106,-3.180,0.840,-8.740,-13.068,-7.659,1.133,2.961,3.701
1998,Jarbidge,-2.500,-4.350,-1.413,1.288,4.688,8.588,17.813,17.663,12.475,3.638,-0.838,-5.588,111.000,88.250,91.000,74.375,159.875,63.375,17.375,3.250,56.750,32.125,84.500,36.375,10.655,8.674,8.274,5.531,12.631,-0.395,-13.206,-15.155,-3.358,0.359,7.625,3.626
1999,Jarbidge,-3.350,-4.088,-1.500,-0.113,4.950,10.863,15.763,16.050,11.175,6.888,2.725,-3.950,101.875,84.625,45.875,79.500,98.250,45.000,2.125,9.250,4.000,18.250,34.875,47.375,9.873,8.273,3.750,6.665,5.886,-4.830,-14.440,-12.873,-9.714,-4.519,1.014,4.535
2000,Jarbidge,-3.713,-1.175,-1.700,4.775,7.663,12.938,17.163,17.613,10.950,4.675,-4.538,-3.200,117.375,108.625,69.625,55.750,58.000,3.750,6.000,12.125,22.625,81.000,36.250,54.500,11.519,10.073,6.148,1.578,-0.274,-11.089,-14.914,-14.145,-7.255,4.679,3.528,5.088
2001,Jarbidge,-5.313,-5.225,0.325,1.400,9.325,12.138,16.150,18.663,13.350,6.675,0.488,-5.588,57.375,37.625,77.500,93.625,20.250,33.000,30.625,5.000,18.750,21.750,104.375,124.000,5.713,3.720,6.323,7.384,-6.504,-7.965,-10.429,-16.571,-9.675,-3.198,8.980,12.384
2002,Jarbidge,-5.950,-4.375,-3.000,2.975,6.613,12.750,18.875,15.013,11.438,3.763,0.413,-2.638,69.750,35.625,55.625,81.625,47.625,31.875,6.375,5.250,30.000,15.500,62.375,84.750,6.970,3.365,5.105,5.464,-0.695,-7.663,-16.025,-12.565,-6.380,-1.656,4.885,8.053
2003,Jarbidge,0.813,-4.525,0.213,1.038,7.438,12.813,19.350,17.488,12.038,8.425,-3.038,-2.713,40.250,36.375,78.250,152.750,65.750,7.125,18.875,43.875,13.750,10.250,81.875,131.375,2.618,3.524,6.510,13.661,0.554,-10.605,-15.471,-9.700,-8.761,-5.769,7.854,12.781
2004,Jarbidge,-4.775,-5.100,2.575,3.775,6.625,12.250,16.950,15.188,10.600,4.863,-1.138,-2.088,72.000,86.000,27.250,86.000,83.250,17.125,34.500,37.000,32.000,73.375,59.250,77.875,7.118,8.524,0.216,5.560,3.304,-8.923,-10.420,-7.934,-5.536,4.145,5.111,7.253
2005,Jarbidge,-2.900,-3.150,-0.475,2.125,7.238,9.388,17.650,16.425,10.175,5.813,0.538,-2.988,81.250,38.625,86.375,145.125,155.750,45.750,15.500,12.625,21.625,32.875,86.250,177.625,7.739,3.459,7.559,12.386,10.504,-2.923,-13.586,-12.339,-6.935,-1.075,7.218,17.415
2006,Jarbidge,-3.100,-4.163,-2.838,3.050,8.363,13.563,19.000,15.750,10.950,4.900,-0.125,-3.800,136.125,66.000,92.500,128.250,65.125,30.750,19.500,2.500,20.000,48.125,100.375,93.875,13.271,6.385,8.798,10.355,-0.385,-8.284,-13.785,-13.175,-7.150,1.105,8.908,9.161
2007,Jarbidge,-6.325,-1.638,2.388,3.400,8.675,13.163,19.513,17.250,10.788,4.613,0.738,-5.688,23.250,86.000,56.625,84.500,25.000,23.500,19.000,3.875,28.250,81.000,32.250,88.875,2.314,7.931,3.308,5.514,-4.996,-9.215,-14.309,-14.026,-6.174,4.888,1.646,8.898
2008,Jarbidge,-6.825,-3.400,-2.475,-0.063,6.288,11.350,17.088,16.800,11.963,6.138,2.913,-4.450,93.750,87.000,63.750,62.375,63.375,25.875,15.250,6.375,5.125,35.625,107.625,127.250,9.370,8.408,5.853,4.859,1.710,-6.906,-13.361,-13.431,-9.795,-1.128,8.671,12.614
2009,Jarbidge,-2.538,-3.188,-1.713,1.975,8.688,10.700,16.725,15.338,14.100,2.938,0.425,-6.863,78.125,55.875,72.625,81.500,48.625,134.000,15.125,27.125,14.250,82.125,21.875,76.250,7.313,5.234,6.558,6.070,-2.219,5.933,-11.974,-9.243,-9.753,5.960,0.801,7.621
2010,Jarbidge,-2.363,-2.788,-1.150,1.138,3.075,10.788,16.088,15.050,12.225,7.100,-1.975,-2.438,74.375,43.875,71.875,110.750,93.875,27.375,10.875,7.375,33.125,92.125,121.125,149.125,6.974,3.959,6.319,9.360,6.939,-5.461,-12.484,-12.053,-7.286,4.536,11.543,14.511
1910,Ruby,-6.871,-5.514,4.143,6.843,10.214,14.471,18.757,16.829,12.457,7.586,3.243,-1.114,68.429,51.714,14.000,29.429,28.857,3.143,16.714,10.000,30.000,48.571,20.714,82.000,6.846,5.169,-2.020,-3.157,-6.599,-12.871,-14.070,-15.904,-7.790,-2.053,-0.757,7.306
1911,Ruby,-1.971,-6.129,2.029,2.700,6.814,13.314,17.371,16.400,11.514,5.114,-1.186,-6.229,137.429,88.714,50.857,61.429,65.571,60.000,11.571,2.000,42.857,47.571,59.286,57.429,13.124,8.877,2.849,3.201,0.856,-4.333,-13.804,-16.099,-6.210,0.489,4.943,5.749
1912,Ruby,-2.129,-0.400,-0.114,2.243,7.229,13.414,16.357,16.486,9.400,5.100,2.071,-3.357,60.286,33.714,95.571,110.571,21.714,40.714,42.286,32.857,25.429,121.429,73.286,44.000,5.384,2.253,8.390,8.966,-3.267,-6.787,-8.500,-10.371,-6.137,8.559,5.293,4.060
1913,Ruby,-6.129,-4.000,-1.100,4.371,9.471,12.014,16.114,17.586,12.543,6.100,2.157,-5.500,55.429,33.000,38.857,57.286,55.143,116.571,45.286,35.000,27.714,36.429,103.429,100.571,5.534,3.103,2.901,1.866,-2.879,2.664,-7.564,-10.289,-7.457,-1.256,8.366,10.059
1914,Ruby,-1.557,-2.800,1.957,4.486,10.157,11.686,17.686,17.857,12.186,7.943,2.571,-7.214,128.000,71.571,38.714,83.857,47.143,78.143,19.000,6.286,21.714,47.857,2.714,11.286,12.136,6.723,1.539,4.977,-3.896,-1.079,-11.603,-15.249,-8.781,-0.926,-2.747,1.131
1915,Ruby,-4.443,-0.757,1.514,6.629,7.157,11.843,17.000,18.771,11.229,8.243,0.871,-2.200,35.714,77.857,25.714,94.000,62.429,11.286,5.286,4.429,35.000,1.857,41.429,68.000,3.463,6.909,0.464,4.286,1.286,-8.490,-13.434,-16.541,-6.283,-7.261,2.453,6.261
1916,Ruby,-6.900,-1.686,2.243,5.214,6.200,12.157,17.157,16.257,12.400,5.286,-1.043,-5.100,175.429,91.857,73.429,19.286,34.000,4.286,20.143,17.714,8.143,70.000,30.857,105.714,17.549,8.523,5.103,-2.466,-1.611,-10.459,-13.306,-12.276,-10.900,2.983,2.020,10.556
1917,Ruby,-9.114,-4.157,-4.443,1.929,5.600,12.614,19.443,17.357,12.786,9.243,3.629,2.100,17.571,121.714,48.143,89.571,138.857,25.857,38.429,17.857,30.429,1.571,67.714,22.714,1.753,11.997,4.681,6.821,10.184,-8.849,-13.454,-13.424,-8.356,-8.890,3.617,-0.167
1918,Ruby,-2.114,-4.443,1.700,3.243,7.257,17.171,18.029,15.843,13.786,8.914,-0.486,-5.114,108.143,92.714,85.714,65.286,87.429,65.429,25.286,22.714,57.143,77.000,63.000,61.714,10.166,9.156,6.491,3.137,2.489,-8.071,-12.181,-11.500,-5.947,1.241,5.181,6.169
1919,Ruby,-3.243,-3.114,-0.800,5.700,11.114,15.300,19.800,18.629,13.129,3.557,1.014,-4.771,5.143,111.143,109.000,32.143,33.714,3.000,9.571,9.000,40.143,48.857,111.857,128.429,0.104,10.784,9.907,-1.477,-6.774,-13.721,-17.110,-16.430,-6.637,2.133,9.231,12.804
1920,Ruby,-1.357,-1.114,-0.971,1.729,7.829,12.014,18.400,17.457,12.043,4.814,0.100,-3.386,77.571,84.429,118.000,119.571,30.286,78.286,15.143,32.000,48.714,83.143,60.571,152.429,6.859,7.441,10.883,9.994,-3.343,-2.347,-13.751,-11.083,-5.864,4.960,5.001,14.950
1921,Ruby,-2.871,-1.771,2.243,2.829,8.357,14.186,17.971,17.986,10.829,8.800,3.543,-1.157,137.571,77.857,49.286,97.714,117.714,20.286,14.714,24.143,13.429,21.286,15.571,148.000,13.359,7.056,2.807,7.303,5.703,-8.739,-13.739,-11.950,-9.126,-6.233,-1.789,13.867
1922,Ruby,-10.400,-7.057,-3.429,0.671,8.129,14.686,18.343,18.100,14.414,7.043,-1.271,-2.486,139.286,156.286,75.286,73.429,103.143,62.143,34.857,38.857,3.000,32.429,100.714,116.429,13.917,15.639,7.219,5.756,3.937,-5.399,-12.093,-9.930,-12.809,-2.341,9.329,11.213
1923,Ruby,-1.743,-6.214,-1.700,2.757,8.429,10.700,19.071,16.829,12.514,5.129,2.214,-5.586,57.857,32.714,23.286,88.000,84.143,66.571,20.714,28.857,57.000,59.429,19.143,65.571,5.154,3.274,1.576,6.319,1.704,-1.753,-13.600,-10.750,-4.214,2.289,-0.389,6.556
1924,Ruby,-6.114,1.629,-2.343,3.771,11.514,14.200,18.214,17.443,13.157,6.943,0.386,-6.414,42.000,49.857,76.714,48.286,12.714,4.571,12.571,5.000,34.857,63.571,61.714,105.286,4.196,3.121,7.086,1.343,-9.361,-12.304,-14.411,-15.604,-8.759,1.174,4.709,10.530
1925,Ruby,-3.986,0.386,1.471,4.729,10.729,12.800,19.286,16.700,11.586,6.771,0.500,-0.800,62.000,65.143,61.714,168.571,100.714,88.714,48.143,35.571,74.714,38.429,65.429,74.143,6.026,5.186,4.189,13.259,1.060,-0.824,-10.254,-10.419,-2.136,-1.297,5.094,6.424
1926,Ruby,-3.114,-0.157,1.900,6.686,10.300,15.800,18.214,18.129,10.171,7.857,2.843,-3.914,55.286,94.571,28.143,61.286,31.000,33.571,31.714,27.571,26.429,13.429,77.000,42.000,5.069,8.214,0.480,1.017,-5.523,-9.964,-11.663,-11.969,-6.166,-5.400,5.206,3.990
1927,Ruby,-3.000,-1.086,0.086,3.314,7.543,14.357,18.700,16.700,11.386,7.671,4.800,-5.171,56.714,115.857,69.000,54.857,53.143,28.714,6.000,27.429,14.000,54.000,59.143,117.286,5.247,10.714,5.639,2.446,-0.206,-9.311,-16.039,-10.819,-8.273,-0.739,2.659,11.706
1928,Ruby,-2.686,-1.871,2.657,3.114,10.986,12.857,18.843,18.014,13.900,7.700,1.329,-5.614,36.429,40.857,98.000,42.429,22.857,57.857,18.000,8.571,7.000,38.000,54.714,55.857,3.123,3.317,7.421,1.286,-7.076,-4.694,-14.379,-14.840,-13.021,-2.636,3.791,5.557
1929,Ruby,-5.429,-5.329,0.271,2.186,8.243,12.757,19.143,19.643,11.929,7.486,0.629,1.200,84.000,27.714,81.286,81.429,15.000,67.571,10.857,32.714,49.286,10.000,5.286,83.714,8.419,2.759,6.671,5.853,-5.799,-3.800,-15.204,-12.321,-5.341,-5.876,-1.599,6.543
1930,Ruby,-7.271,0.457,0.700,6.857,6.743,13.400,19.071,17.671,11.857,5.543,-1.729,-7.414,102.143,65.714,31.429,69.143,130.286,22.286,11.714,60.714,43.143,62.714,96.143,34.714,10.227,5.097,1.433,1.280,8.144,-9.607,-15.589,-6.217,-5.373,2.254,8.726,3.460
1931,Ruby,-4.557,-1.214,0.800,5.286,10.114,15.086,20.786,18.686,12.129,8.571,-2.571,-7.086,25.143,25.429,45.143,28.429,33.286,11.143,5.571,33.857,38.857,25.571,74.000,87.571,2.416,1.740,2.844,-1.783,-6.154,-11.263,-17.896,-12.184,-6.533,-4.311,6.867,8.759
1932,Ruby,-8.729,-5.543,-0.657,3.857,8.429,13.114,17.457,16.971,13.671,6.243,2.914,-8.386,110.000,98.714,44.857,73.857,66.857,62.286,30.714,20.857,6.571,17.000,25.714,82.286,11.001,9.851,3.604,4.307,0.454,-3.454,-11.913,-12.089,-12.087,-3.636,-0.164,8.251
1933,Ruby,-6.700,-9.729,0.029,2.514,5.143,15.343,20.014,18.129,13.471,9.857,1.657,-0.900,91.571,56.571,38.857,65.714,68.143,4.000,11.143,6.714,18.857,9.286,12.857,81.571,9.134,5.640,2.567,4.059,3.180,-12.771,-17.087,-16.053,-10.474,-8.580,-1.140,7.061
1934,Ruby,-0.414,1.386,4.400,7.471,12.257,12.629,19.443,20.043,12.571,8.514,2.600,-2.357,26.857,73.571,45.571,30.857,16.857,42.714,8.429,8.143,30.857,15.857,87.571,62.429,1.570,5.549,0.317,-4.154,-9.013,-6.629,-16.696,-16.960,-8.346,-5.736,6.520,5.673
1935,Ruby,-2.529,-1.257,-1.157,3.957,7.557,14.286,18.214,18.829,14.814,6.014,-1.000,-3.200,51.286,58.286,66.857,106.286,86.857,11.857,4.143,7.857,11.571,30.000,21.286,59.571,4.639,4.961,5.704,7.460,2.971,-11.149,-15.840,-15.811,-12.134,-2.084,1.090,5.556
1936,Ruby,-2.643,-2.929,0.471,6.143,10.714,15.000,19.443,18.257,11.671,7.629,0.814,-2.986,91.429,138.429,49.857,32.857,33.429,60.286,39.857,30.857,18.000,41.429,14.143,121.429,8.706,13.450,3.367,-1.720,-6.601,-5.793,-12.261,-12.151,-8.993,-2.059,-0.520,11.743
1937,Ruby,-13.857,-4.600,0.157,2.957,10.414,13.214,18.686,18.671,13.914,8.386,2.800,-1.214,81.000,79.714,50.714,45.857,57.429,31.286,28.571,6.857,6.143,27.143,56.143,92.143,8.111,7.886,3.737,1.796,-3.794,-7.644,-12.953,-16.797,-11.901,-4.620,3.290,8.334
1938,Ruby,-1.929,-2.029,-1.000,4.329,7.471,13.886,17.500,17.871,14.829,7.100,-2.571,-1.729,44.571,77.714,94.286,71.143,66.000,27.286,43.000,24.571,3.429,99.143,54.286,24.714,3.804,7.187,8.514,3.631,1.034,-8.349,-9.660,-13.213,-12.441,4.994,4.936,1.719
1939,Ruby,-3.600,-7.343,0.729,6.257,10.057,12.500,18.714,18.400,12.800,7.000,2.429,1.014,45.571,68.000,69.143,71.286,40.143,17.571,21.857,6.429,29.143,78.143,13.857,20.857,4.281,6.803,5.233,1.899,-4.704,-9.396,-14.347,-16.539,-8.010,2.513,-1.500,0.377
1940,Ruby,-1.914,-0.886,1.900,4.686,11.157,15.957,18.614,19.429,12.457,8.071,-0.829,-1.400,98.143,75.143,62.714,124.429,15.571,26.571,5.000,4.286,65.571,32.286,30.571,60.000,9.211,6.657,4.079,8.889,-8.581,-11.880,-17.210,-18.427,-2.780,-3.259,2.054,5.174
1941,Ruby,-2.814,-0.471,1.429,2.371,9.400,11.957,18.371,16.471,8.843,5.157,0.743,-1.414,44.857,60.429,43.571,126.429,69.714,73.429,16.714,61.571,34.000,79.571,83.571,106.286,4.066,5.041,2.311,10.604,-0.276,-1.841,-13.524,-6.349,-4.143,4.274,6.694,9.921
1942,Ruby,-4.214,-6.543,-2.186,3.986,6.229,11.729,19.257,17.729,12.086,7.486,0.943,-0.700,59.571,78.143,48.429,73.857,60.857,11.000,10.286,5.714,4.429,54.286,88.714,88.000,5.810,7.824,4.151,4.031,1.460,-9.181,-17.153,-15.647,-11.386,-0.799,7.183,7.839
1943,Ruby,-2.400,-1.586,0.457,7.614,7.557,10.729,17.771,17.429,13.886,7.886,1.129,-2.529,77.571,60.714,35.143,78.286,37.000,81.286,10.714,6.714,4.286,72.143,28.000,43.000,7.220,5.161,2.073,1.736,-2.591,-0.460,-14.869,-15.404,-13.577,1.294,1.001,3.766
1944,Ruby,-7.771,-4.243,-2.071,1.657,8.586,9.957,17.086,16.557,12.643,8.614,-2.557,-4.629,46.286,40.000,40.714,111.429,18.714,80.714,3.143,2.000,4.714,12.714,137.571,35.000,4.639,3.849,3.356,9.291,-5.314,-0.160,-15.177,-16.286,-11.919,-6.314,13.273,3.419
1945,Ruby,-3.943,-2.329,-2.229,1.343,8.243,9.543,17.686,17.557,11.243,8.000,-0.443,-4.314,19.000,77.429,107.714,41.286,97.714,80.143,17.143,35.857,21.714,35.714,64.000,69.000,1.719,7.200,10.121,2.216,3.713,0.704,-13.759,-11.499,-8.704,-2.970,5.450,6.769
1946,Ruby,-4.943,-3.357,0.600,6.300,7.900,13.386,18.300,18.157,11.414,3.571,-0.157,-0.371,39.143,28.429,120.143,37.429,65.714,8.714,36.857,19.286,12.286,115.286,75.000,61.286,3.894,2.459,10.481,-1.544,0.341,-10.970,-12.197,-14.101,-9.916,9.066,6.387,5.077
1947,Ruby,-5.929,1.186,2.229,3.757,10.400,11.186,18.114,17.043,13.186,7.871,-1.943,-3.686,38.571,38.143,29.714,62.286,67.429,39.714,2.571,16.429,29.571,48.714,71.429,43.714,3.879,2.123,0.573,3.107,-2.623,-5.029,-16.249,-13.061,-9.127,-1.170,6.611,4.126
1948,Ruby,-1.471,-4.171,-3.243,3.157,8.214,12.786,17.000,16.886,12.286,7.386,-1.457,-6.114,27.857,47.714,62.143,64.143,8.286,53.143,2.143,3.429,40.000,21.714,41.000,87.571,1.906,4.611,5.839,3.594,-6.291,-5.289,-15.477,-15.506,-7.374,-4.247,3.274,8.743
1949,Ruby,-13.300,-8.943,-1.357,6.171,8.643,12.071,17.357,17.286,13.057,4.543,4.500,-4.386,94.571,74.000,46.286,15.857,95.857,20.429,8.286,7.857,8.714,27.000,33.714,35.571,9.449,7.373,3.840,-4.100,3.073,-8.393,-15.079,-15.196,-11.689,-1.016,-0.923,3.424
1950,Ruby,-6.029,-1.000,-0.629,3.371,6.614,12.171,17.371,16.886,11.486,8.914,2.700,1.414,88.571,17.143,66.429,42.714,41.000,22.571,31.286,5.286,26.143,48.143,114.571,70.857,8.863,0.701,5.531,1.036,-1.424,-9.254,-10.827,-15.439,-7.276,-3.124,9.109,5.524
1951,Ruby,-4.014,-1.757,-1.343,4.857,8.186,12.086,18.543,16.729,12.786,5.714,-0.171,-6.800,65.000,61.714,40.000,68.714,19.714,3.286,16.429,13.857,7.429,29.714,52.857,84.571,6.297,5.411,3.041,2.814,-4.567,-10.973,-14.849,-12.619,-11.844,-1.647,4.080,8.446
1952,Ruby,-7.029,-5.886,-4.386,5.029,9.186,12.229,17.414,17.957,13.500,9.771,-2.486,-2.557,68.000,63.000,82.286,56.429,24.714,16.571,24.857,5.000,5.286,2.000,17.857,49.429,6.786,6.297,8.110,1.761,-5.119,-8.771,-12.706,-15.694,-12.666,-10.677,1.101,4.471
1953,Ruby,1.686,-1.614,1.143,2.614,4.886,11.886,18.900,16.686,13.714,7.029,2.843,-4.343,56.429,26.714,33.286,51.286,57.857,26.429,6.286,13.571,5.286,29.571,33.429,52.286,4.029,1.801,1.397,2.570,1.949,-8.114,-16.999,-14.426,-13.209,-2.713,0.833,5.083
1954,Ruby,-2.786,0.786,-1.586,5.514,10.586,11.800,18.900,15.557,11.857,6.329,2.971,-4.743,37.429,29.143,59.571,53.000,7.000,42.714,7.429,3.857,7.000,12.714,21.000,46.714,3.277,1.199,5.120,0.377,-9.590,-5.854,-16.174,-13.851,-11.173,-4.831,-0.941,4.594
1955,Ruby,-8.643,-7.000,-1.714,1.771,6.871,12.657,16.986,18.443,12.386,7.629,-1.257,-2.143,52.571,40.571,15.714,34.286,66.286,21.429,16.714,29.714,30.429,10.714,53.000,159.000,5.239,4.063,0.776,1.120,0.890,-8.874,-12.801,-13.663,-8.590,-5.766,4.420,15.371
1956,Ruby,-1.214,-7.300,0.386,3.757,8.986,13.514,17.786,16.286,13.343,5.943,-1.271,-2.914,128.143,35.143,19.000,60.714,77.714,22.286,9.857,1.286,5.571,42.429,7.857,49.286,12.084,3.523,0.341,2.839,0.714,-10.136,-15.266,-14.623,-12.591,-0.506,-0.366,4.409
1957,Ruby,-7.357,-0.429,0.443,2.714,7.400,13.400,17.586,17.271,12.157,5.757,-2.743,-1.586,37.286,39.714,105.571,47.143,105.571,33.286,3.286,5.286,15.143,26.429,61.000,34.286,3.721,2.757,9.154,2.183,5.250,-7.614,-15.704,-15.941,-10.633,-1.700,5.613,2.600
1958,Ruby,-3.100,0.571,-2.186,2.414,11.229,13.171,16.486,19.114,12.657,8.071,0.857,0.986,39.429,72.286,72.143,19.429,15.429,21.714,6.714,24.571,12.000,2.571,35.571,32.286,3.507,5.816,6.584,-0.537,-9.004,-8.879,-13.937,-14.653,-10.627,-7.903,1.677,1.376
1959,Ruby,-1.043,-2.757,0.257,5.214,6.100,14.643,18.614,16.043,10.014,7.143,1.243,-4.286,40.143,34.286,33.857,21.429,49.143,46.000,6.429,18.143,71.714,5.714,3.571,24.429,3.137,2.974,1.760,-2.833,0.066,-8.813,-16.549,-13.539,-1.303,-5.411,-2.207,2.276
1960,Ruby,-6.429,-4.643,1.586,4.257,7.586,14.471,18.971,16.343,13.629,6.386,0.814,-3.214,34.714,81.714,74.429,54.429,25.000,15.143,17.000,10.429,8.429,26.429,95.857,23.000,3.461,8.106,5.363,1.630,-4.140,-11.611,-16.127,-14.339,-12.030,-2.734,8.200,1.869
1961,Ruby,-2.971,-0.571,-0.357,3.214,8.300,15.557,18.771,18.257,9.457,5.829,-1.614,-3.714,4.714,65.429,56.571,20.714,41.714,15.571,16.286,39.714,19.714,36.857,40.286,45.571,-0.083,5.490,4.516,-1.243,-3.027,-12.753,-15.206,-10.616,-6.574,-0.729,3.244,4.316
1962,Ruby,-6.157,-2.671,-2.386,6.071,6.800,12.357,16.186,16.386,12.629,8.200,1.743,-1.629,43.429,121.000,37.429,40.429,124.286,47.000,21.571,6.857,7.857,23.286,26.143,5.000,4.336,11.649,3.160,-1.461,7.609,-5.946,-12.467,-14.471,-12.216,-5.314,0.283,-0.530
1963,Ruby,-5.400,2.314,-0.971,0.614,9.471,9.871,16.729,17.129,14.229,9.300,0.429,-3.600,59.429,60.429,55.714,129.000,64.429,123.000,1.000,11.143,39.143,61.286,74.000,27.429,5.944,3.726,4.450,11.403,-1.320,5.036,-15.621,-14.549,-8.266,-1.620,6.009,2.456
1964,Ruby,-7.000,-6.429,-4.043,2.357,7.129,10.600,18.114,16.000,10.843,8.271,-2.100,-2.014,61.714,15.714,53.429,57.143,82.143,88.714,3.143,3.000,5.714,29.571,56.714,175.857,6.161,1.569,5.129,3.314,2.543,0.586,-16.340,-14.636,-10.741,-5.340,4.987,17.019
1965,Ruby,-1.757,-1.971,-1.814,3.686,5.614,11.029,16.657,15.600,8.529,8.514,2.257,-5.443,44.714,33.714,23.429,82.857,38.429,48.429,21.571,72.000,20.286,16.143,103.286,76.429,3.819,2.596,1.449,5.417,-0.684,-4.109,-11.557,-4.730,-5.449,-6.953,8.277,7.653
1966,Ruby,-5.971,-5.743,0.129,3.329,10.500,12.614,18.143,17.371,13.486,6.186,1.543,-6.129,23.429,31.143,20.857,29.571,24.000,16.429,27.857,8.857,13.143,7.143,43.571,123.000,2.353,3.113,0.446,-0.687,-7.966,-9.891,-14.144,-15.003,-10.337,-5.084,2.509,12.321
1967,Ruby,-3.229,-2.086,0.371,0.286,7.729,10.871,18.357,18.714,13.800,7.443,2.457,-5.757,57.286,13.857,98.143,88.143,58.429,90.286,28.714,8.286,21.857,20.143,18.714,28.286,5.393,0.691,8.396,7.486,-0.197,0.983,-12.729,-16.120,-9.406,-4.893,-0.646,2.820
1968,Ruby,-4.000,1.071,1.414,1.657,7.657,13.014,18.571,14.071,11.129,6.671,0.329,-4.514,41.429,87.429,56.571,41.429,65.000,81.857,10.857,57.857,15.571,31.286,67.429,92.429,3.926,7.166,3.539,1.906,0.183,-2.606,-15.656,-5.089,-9.119,-2.534,5.587,9.167
1969,Ruby,-1.486,-4.971,-3.957,4.257,10.829,11.600,17.614,18.957,13.586,3.400,0.343,-2.686,70.857,113.286,26.286,40.286,16.571,98.714,20.714,5.714,14.714,58.286,34.143,111.000,6.386,11.314,2.400,0.377,-8.179,1.797,-13.119,-17.181,-10.863,3.186,1.819,10.633
1970,Ruby,-2.571,0.643,-1.071,0.000,7.943,12.771,17.843,18.743,9.514,3.700,1.686,-5.229,103.714,21.286,23.000,39.429,37.286,71.571,30.571,35.143,32.714,42.714,118.286,60.143,9.913,0.530,1.234,2.557,-2.996,-3.054,-11.799,-12.656,-5.704,0.886,10.249,6.016
1971,Ruby,-1.671,-1.686,-1.014,2.686,6.514,11.971,17.800,18.743,9.300,4.071,-1.157,-7.014,50.286,45.857,38.286,79.571,171.143,56.571,11.286,19.000,20.143,33.429,70.286,74.857,4.349,3.833,2.799,5.417,12.691,-4.117,-14.101,-14.020,-7.079,0.106,6.183,7.477
1972,Ruby,-4.471,-1.500,3.229,2.857,9.229,14.143,17.586,17.043,9.871,5.614,-1.657,-6.800,40.000,40.429,33.286,42.714,30.857,46.429,4.000,22.857,41.571,90.429,47.286,69.429,3.899,3.220,0.166,1.434,-5.387,-6.469,-14.970,-11.904,-3.996,5.271,4.117,6.939
1973,Ruby,-6.057,-2.986,-1.529,2.057,9.343,13.257,17.614,17.243,11.100,6.529,-0.086,-2.257,57.857,48.857,65.429,50.429,48.571,30.429,27.714,18.000,20.714,29.857,92.714,76.143,5.799,4.479,5.854,2.919,-3.223,-8.044,-11.869,-12.887,-8.096,-2.510,8.236,7.083
1974,Ruby,-4.157,-2.729,1.643,2.971,8.614,15.686,17.829,16.657,13.100,6.900,1.186,-4.129,44.000,40.286,45.000,48.714,9.857,2.143,9.714,6.429,3.286,63.286,26.143,47.714,4.250,3.520,2.566,2.027,-6.726,-14.066,-14.364,-14.796,-12.744,0.950,0.916,4.610
1975,Ruby,-5.357,-3.371,-1.571,-0.786,6.000,11.329,18.500,15.671,12.486,5.829,-1.086,-1.071,61.286,59.714,100.714,88.429,45.286,36.571,30.143,10.000,13.143,91.714,74.571,20.286,6.126,5.677,9.353,7.927,-0.136,-5.636,-11.886,-12.336,-10.643,5.006,6.549,1.084
1976,Ruby,-2.814,-1.529,-1.814,2.486,9.986,11.786,18.000,14.614,12.471,5.700,2.486,-2.100,22.571,59.714,29.143,61.429,26.429,22.571,24.143,36.571,73.714,32.286,11.857,3.857,1.777,5.163,2.053,3.516,-6.304,-8.474,-13.406,-8.396,-2.361,-1.697,-1.816,-0.491
1977,Ruby,-4.429,-0.943,-2.571,5.700,4.943,15.486,17.700,17.414,12.329,8.314,1.400,-0.086,21.857,29.143,40.143,22.286,104.571,29.000,17.143,62.857,20.714,4.286,56.000,68.143,2.066,1.644,3.446,-3.163,7.167,-9.859,-13.327,-7.251,-8.459,-7.039,3.604,5.650
1978,Ruby,-2.214,-1.714,2.957,3.471,6.557,12.400,17.629,16.443,10.529,8.486,-1.043,-6.043,50.286,80.857,108.714,92.571,20.429,4.571,15.143,3.000,91.429,7.714,58.571,44.000,4.484,7.411,8.399,6.470,-3.187,-10.659,-14.199,-14.591,0.366,-7.237,4.923,4.400
1979,Ruby,-7.257,-2.786,0.214,3.186,9.043,13.557,18.071,16.443,14.400,8.600,-2.214,-1.671,107.286,75.286,50.429,38.571,50.286,25.286,18.857,25.286,14.429,49.286,55.286,11.571,10.713,7.093,3.649,0.899,-2.593,-9.023,-13.497,-10.597,-12.114,-2.046,4.886,0.267
1980,Ruby,-2.629,0.157,-1.214,4.700,6.800,11.743,17.586,15.971,12.557,6.786,1.429,0.257,129.714,77.714,64.571,51.429,165.143,46.857,20.571,16.286,35.714,17.143,42.429,29.429,12.490,6.494,5.556,1.033,12.056,-5.189,-12.734,-12.559,-7.200,-4.199,2.191,1.424
1981,Ruby,-0.400,-1.071,0.614,5.357,7.643,14.571,18.200,18.986,13.743,5.000,2.843,-0.171,35.714,20.857,70.429,46.286,69.857,10.286,5.571,7.143,14.429,59.571,45.000,149.000,2.250,0.973,5.426,0.039,1.257,-11.480,-16.096,-16.609,-10.577,2.256,2.017,13.753
1982,Ruby,-5.443,-3.543,-0.600,1.557,7.357,12.014,16.543,17.900,11.000,4.557,-1.329,-3.771,67.714,51.286,133.000,49.571,58.429,35.714,26.429,24.429,121.571,54.714,79.571,53.286,6.774,4.816,12.286,2.750,-0.067,-6.363,-9.964,-12.363,4.501,2.314,7.161,5.106
1983,Ruby,-1.800,-2.471,0.886,1.000,6.886,11.986,16.629,17.100,12.886,7.614,0.114,-3.443,83.571,76.571,111.714,77.857,39.857,35.286,4.143,89.000,63.857,54.857,135.429,188.000,7.674,7.154,9.811,6.273,-1.227,-6.126,-13.917,-3.111,-4.001,-0.083,12.473,18.573
1984,Ruby,-6.943,-5.543,-1.257,1.457,9.471,11.500,18.014,17.629,12.057,3.429,-0.014,-6.371,32.286,72.143,65.571,86.429,25.000,74.286,27.000,35.857,20.714,77.571,82.571,33.000,3.243,7.207,5.730,6.851,-5.186,-1.676,-11.814,-9.731,-8.799,5.354,7.160,3.299
1985,Ruby,-6.129,-5.200,-1.986,5.929,9.271,14.557,18.986,16.771,9.557,5.814,-2.671,-4.557,21.143,44.000,75.571,23.429,34.857,17.286,16.571,2.714,44.286,26.429,96.714,60.429,2.117,4.386,6.820,-2.836,-4.543,-11.164,-14.576,-14.924,-3.746,-1.944,9.253,5.923
1986,Ruby,-0.229,0.429,3.943,3.686,8.186,15.529,16.300,18.929,8.686,6.243,0.600,-2.814,26.857,133.571,58.857,135.857,47.571,12.429,15.143,20.143,49.571,33.286,17.714,7.286,1.629,12.111,2.644,10.607,-2.233,-12.397,-11.727,-13.619,-1.851,-1.414,0.187,0.203
1987,Ruby,-5.486,-2.243,-0.286,7.014,9.486,14.443,16.114,17.157,13.457,9.014,0.529,-4.686,43.286,59.429,77.571,16.143,105.714,31.714,17.857,5.429,2.143,30.429,101.714,66.429,4.321,5.309,6.600,-4.727,3.574,-8.363,-10.949,-14.184,-12.066,-4.514,8.904,6.593
1988,Ruby,-5.714,-2.057,0.200,4.986,7.914,15.157,19.257,17.500,11.771,10.586,-0.571,-5.286,72.429,11.429,27.286,43.571,49.714,13.143,8.571,13.429,12.429,3.714,130.143,48.857,7.230,0.433,1.276,0.201,-1.446,-11.484,-15.734,-13.689,-9.110,-8.999,12.116,4.874
1989,Ruby,-8.300,-6.157,2.014,6.414,8.100,12.786,18.957,16.100,12.114,6.071,0.471,-2.114,44.286,57.571,122.286,29.143,26.143,18.571,7.429,25.857,18.286,37.286,46.571,13.429,4.421,5.750,10.236,-2.239,-3.779,-8.716,-15.763,-10.633,-8.806,-0.773,3.080,0.699
1990,Ruby,-2.986,-4.643,1.500,6.043,6.857,13.443,18.143,16.571,14.686,6.914,0.243,-9.000,69.571,44.429,54.000,85.143,71.857,27.000,9.143,28.143,14.429,15.571,50.857,45.286,6.559,4.366,3.564,4.011,1.926,-7.890,-13.819,-10.341,-10.686,-4.214,3.651,4.517
1991,Ruby,-5.114,1.400,-0.686,1.629,5.500,11.743,18.800,18.114,12.671,6.914,-0.343,-3.329,28.857,30.857,73.429,77.429,82.286,20.571,7.714,17.143,42.286,45.429,84.714,19.714,2.850,1.164,6.311,5.816,4.451,-7.720,-14.819,-12.890,-5.933,-0.830,7.524,1.614
1992,Ruby,-4.157,0.286,3.000,7.014,11.843,13.571,16.700,18.057,12.800,8.014,-2.543,-6.714,25.571,56.429,58.000,12.571,16.714,57.143,10.714,13.571,12.000,39.000,73.000,89.429,2.410,4.356,3.246,-4.499,-8.331,-4.746,-12.516,-13.491,-9.779,-2.203,6.830,8.964
1993,Ruby,-7.043,-6.357,1.043,2.871,10.343,10.657,13.914,15.729,12.300,6.171,-2.686,-3.686,104.714,74.714,55.857,40.857,58.857,71.429,20.143,12.857,16.143,56.714,19.714,28.571,10.469,7.467,4.014,1.587,-2.267,-1.140,-9.326,-11.657,-9.299,1.396,1.423,2.606
1994,Ruby,-1.843,-4.071,2.614,4.457,9.486,14.643,19.000,19.114,13.629,5.343,-4.600,-2.643,36.286,84.571,36.571,96.143,76.143,4.429,3.429,9.000,19.857,47.143,103.143,37.571,2.909,8.267,0.864,6.226,0.096,-12.379,-16.077,-15.757,-9.736,0.936,10.220,3.299
1995,Ruby,-2.129,2.043,0.171,2.557,6.400,10.271,16.343,17.643,12.786,6.343,3.557,-1.671,84.000,27.429,103.571,77.714,160.429,97.286,15.857,14.571,29.571,5.000,36.857,115.143,7.919,0.486,9.036,5.363,11.931,2.089,-12.053,-14.086,-7.974,-4.934,0.681,10.816
1996,Ruby,-2.129,-2.300,1.000,3.914,7.971,14.514,19.071,17.886,11.200,5.914,0.886,-2.514,151.143,79.857,64.000,50.571,92.286,5.571,13.143,3.857,13.857,56.286,72.286,184.000,14.570,7.407,4.639,1.736,3.510,-11.807,-14.807,-15.360,-8.456,1.077,5.671,17.980
1997,Ruby,-3.429,-3.286,1.986,2.086,10.271,12.843,16.043,17.986,13.029,5.900,1.043,-4.614,106.714,31.429,25.429,79.429,29.286,94.714,34.143,16.571,51.000,39.571,62.286,20.714,10.407,2.799,0.226,5.807,-5.931,0.184,-9.301,-13.256,-4.771,-0.589,4.621,2.004
1998,Ruby,-1.129,-3.043,0.443,2.557,6.214,10.286,18.800,18.671,13.100,4.714,0.786,-4.000,104.714,92.571,77.429,54.857,112.000,63.143,18.429,4.714,66.571,61.429,46.714,26.714,9.691,8.900,6.233,3.019,6.831,-1.513,-13.464,-15.527,-2.626,2.766,3.266,2.497
1999,Ruby,-1.686,-2.114,0.743,1.286,6.714,12.629,17.729,17.057,12.171,7.943,3.614,-3.071,84.571,54.571,29.429,121.000,49.000,44.571,2.714,21.857,5.429,12.143,18.857,27.000,7.729,4.839,1.196,10.399,-0.234,-5.844,-15.033,-11.993,-10.300,-6.481,-1.336,2.264
2000,Ruby,-1.371,-0.014,0.043,6.329,9.514,14.743,18.557,18.786,12.443,6.029,-3.500,-2.114,85.571,129.571,53.714,52.429,63.143,11.571,2.000,15.857,12.571,77.714,29.143,37.857,7.849,11.846,3.963,-0.007,-1.346,-11.426,-16.533,-14.413,-9.674,3.376,2.609,3.140
2001,Ruby,-5.114,-3.914,1.929,3.186,11.300,14.471,18.100,19.586,14.529,8.329,1.329,-5.057,48.571,46.143,63.000,63.571,11.000,15.143,24.714,9.143,14.000,18.429,91.000,78.429,4.851,4.406,4.237,3.576,-9.010,-10.986,-12.243,-16.150,-10.921,-4.949,7.304,7.844
2002,Ruby,-4.843,-4.186,-1.200,4.686,8.343,14.600,20.057,16.600,12.400,4.671,0.286,-2.414,50.714,37.714,38.429,105.429,47.429,12.571,7.429,3.857,47.286,13.429,73.000,48.571,5.034,3.607,2.896,6.704,-2.139,-10.700,-16.389,-14.214,-5.374,-2.560,5.849,4.341
2003,Ruby,2.000,-3.129,1.514,2.643,9.000,14.300,20.414,18.557,13.057,9.700,-1.757,-2.300,40.000,40.571,43.571,120.571,54.286,9.857,13.286,53.429,16.857,11.000,45.000,108.857,2.014,3.649,2.367,9.730,-1.921,-11.023,-16.367,-9.614,-9.434,-7.196,3.859,10.367
2004,Ruby,-6.043,-4.843,4.029,4.943,8.371,14.000,18.300,16.371,11.871,5.871,-0.214,-1.800,34.000,70.714,17.143,105.429,48.286,17.571,26.286,40.286,35.000,105.143,58.429,55.429,3.404,7.027,-1.771,6.904,-1.847,-9.701,-12.133,-8.309,-6.207,6.854,4.717,4.893
2005,Ruby,-3.514,-2.886,0.300,3.443,8.486,10.957,19.314,17.443,11.143,6.900,1.600,-2.043,117.143,49.429,74.571,127.429,106.429,44.714,8.571,12.857,18.714,60.143,64.000,103.714,11.453,4.523,6.091,9.933,4.620,-4.156,-15.436,-13.247,-7.994,0.784,4.479,9.830
2006,Ruby,-2.314,-2.729,-1.886,4.729,10.014,15.243,20.186,17.057,11.543,6.000,0.757,-3.186,91.286,61.429,109.286,89.143,23.857,27.000,19.571,2.143,13.000,62.143,63.429,50.143,8.589,5.604,10.249,5.267,-6.077,-9.796,-14.409,-14.523,-8.679,1.970,4.810,4.659
2007,Ruby,-6.300,-1.043,3.114,4.757,10.086,14.800,20.500,18.657,11.857,5.871,1.700,-4.843,21.429,74.429,56.429,55.571,23.286,31.571,12.000,12.714,23.000,46.857,18.857,81.714,2.153,6.566,2.717,1.849,-6.459,-9.134,-15.617,-14.069,-7.823,0.433,-0.324,8.141
2008,Ruby,-7.014,-3.157,-0.729,1.814,7.443,13.229,18.771,18.086,12.943,7.043,3.714,-3.843,83.000,66.571,41.143,33.143,40.714,37.286,14.714,7.429,3.286,35.571,78.857,63.143,8.293,6.299,3.060,1.097,-1.413,-6.866,-14.553,-14.470,-11.051,-2.071,5.284,6.077
2009,Ruby,-1.771,-2.057,0.000,3.257,10.229,11.771,17.729,16.529,14.800,4.300,1.200,-6.871,60.571,53.429,50.000,101.000,36.571,116.000,13.714,30.429,24.143,57.857,10.571,70.714,5.346,4.691,3.729,7.411,-4.669,3.610,-12.963,-10.401,-10.046,2.751,-0.804,7.063
2010,Ruby,-2.714,-2.414,0.000,2.300,4.343,12.843,18.000,16.486,13.143,7.986,-1.171,-1.671,54.429,32.000,80.286,102.571,75.429,10.714,16.286,6.714,40.143,95.286,110.571,149.429,5.003,2.669,6.746,7.984,4.451,-8.391,-13.197,-13.241,-8.181,3.831,10.237,14.341
1910,Santa Rosa,-7.460,-5.620,3.780,6.200,9.100,12.500,18.140,16.420,12.060,6.840,2.260,-0.740,59.400,134.600,35.400,55.400,14.400,5.400,10.400,2.600,26.400,21.000,72.600,161.400,5.940,13.440,0.924,0.470,-6.222,-9.802,-14.014,-13.906,-6.744,-3.332,5.388,15.364
1911,Santa Rosa,-3.920,-5.420,1.120,1.440,4.520,11.980,16.400,15.360,10.000,4.740,-1.100,-4.760,199.400,19.400,45.200,75.600,15.800,39.400,5.000,5.000,2.400,20.000,67.800,69.800,19.748,1.886,2.862,5.718,-1.608,-5.016,-12.762,-11.780,-7.858,-1.968,5.960,6.912
1912,Santa Rosa,-2.560,-1.120,-1.300,1.340,5.960,12.060,15.440,15.540,9.160,2.980,1.340,-3.640,25.200,68.000,64.600,66.600,28.800,28.800,10.000,10.800,24.800,66.800,85.000,31.800,2.064,6.050,5.702,4.976,-1.564,-7.320,-9.890,-9.750,-4.882,4.440,6.958,2.924
1913,Santa Rosa,-6.660,-4.480,-2.440,2.460,8.140,11.280,15.360,17.700,12.780,5.620,1.360,-4.960,60.200,14.600,38.600,77.600,39.000,108.200,48.600,9.000,23.400,27.200,221.200,152.800,5.994,1.342,3.292,5.340,-2.486,3.382,-5.064,-10.832,-6.882,-1.088,20.872,15.218
1914,Santa Rosa,-1.680,-1.940,1.460,3.320,9.120,10.960,17.120,17.820,11.520,7.060,1.280,-8.260,138.000,45.600,18.000,79.200,39.400,69.000,10.800,3.400,26.800,55.800,5.800,65.200,13.330,4.076,-0.100,5.454,-2.918,-0.836,-11.602,-13.286,-6.230,1.262,-1.462,6.520
1915,Santa Rosa,-4.220,-0.900,1.460,4.900,5.680,10.620,15.740,18.720,10.680,7.580,-0.040,-2.220,45.000,145.600,34.200,135.200,78.200,11.400,12.400,1.200,23.000,3.400,59.600,58.000,4.348,13.852,1.480,10.024,4.538,-7.276,-9.720,-14.798,-5.242,-5.560,4.930,5.338
1916,Santa Rosa,-8.080,-1.200,2.220,3.840,4.420,10.240,15.320,15.500,11.780,3.900,-2.300,-5.720,183.000,103.800,55.000,21.200,42.400,4.000,11.400,8.600,4.000,77.000,37.800,68.600,18.302,9.642,3.306,-1.138,0.992,-8.002,-10.876,-10.558,-9.372,5.000,3.222,6.854
1917,Santa Rosa,-11.680,-6.460,-5.360,0.580,4.160,10.720,18.800,17.400,12.940,8.020,3.120,1.420,71.800,75.000,55.400,46.800,119.000,12.000,3.600,12.600,11.200,3.000,31.000,22.400,7.170,7.500,5.480,3.356,9.350,-7.664,-14.314,-10.904,-8.454,-6.300,0.638,0.530
1918,Santa Rosa,-2.380,-3.880,0.560,2.060,5.500,16.040,16.220,14.500,13.120,7.620,-1.520,-5.860,55.600,78.200,101.200,35.400,99.200,38.000,9.400,14.000,63.600,64.200,58.200,46.000,5.088,7.598,8.686,0.956,5.576,-8.884,-11.784,-9.446,-2.094,2.136,5.214,4.570
1919,Santa Rosa,-4.060,-3.440,-1.100,4.260,9.160,12.380,19.120,18.320,12.460,1.840,-1.040,-4.900,16.600,207.600,40.000,32.400,37.600,3.000,3.800,4.200,18.800,62.200,56.200,170.200,1.480,20.576,3.276,-0.030,-3.910,-10.288,-15.186,-13.186,-6.604,4.488,4.902,16.978
1920,Santa Rosa,-2.280,-3.140,-1.240,0.600,6.320,10.940,17.780,16.760,12.180,3.980,-0.540,-2.500,114.600,155.800,145.000,115.400,130.400,71.200,11.200,128.600,30.200,108.400,126.200,157.800,10.870,15.174,13.756,10.058,7.980,-2.052,-12.748,0.220,-5.768,8.256,11.980,15.428
1921,Santa Rosa,-3.060,-1.880,1.800,1.340,6.700,13.060,17.640,17.720,10.300,8.000,2.320,-2.200,103.800,71.000,120.200,43.400,59.000,35.400,2.000,1.400,11.000,17.400,115.600,107.200,10.058,6.510,10.164,2.600,1.414,-5.902,-13.942,-13.054,-7.478,-4.970,9.206,10.184
1922,Santa Rosa,-11.000,-6.700,-3.600,-0.840,6.360,14.180,17.300,17.300,13.520,6.500,-2.440,-3.460,93.600,149.200,87.600,62.800,29.800,10.800,9.400,30.000,1.600,32.000,69.600,146.000,9.334,14.946,8.540,5.280,-1.964,-10.784,-13.062,-8.678,-10.840,-1.484,6.458,14.398
1923,Santa Rosa,-3.320,-6.320,-1.400,1.600,6.880,9.160,18.000,16.340,13.060,4.560,1.460,-5.180,84.000,16.000,13.800,118.000,63.600,101.200,10.600,14.000,54.400,67.000,36.200,76.200,8.170,1.604,0.544,9.948,1.412,3.666,-12.970,-10.240,-3.416,3.910,1.782,7.588
1924,Santa Rosa,-8.480,0.880,-3.400,2.800,10.020,12.640,17.340,16.240,11.560,5.640,0.000,-9.740,24.000,72.600,44.600,22.600,4.200,10.800,4.000,2.400,11.200,114.600,52.400,154.000,2.410,5.888,4.144,-0.500,-8.936,-9.964,-13.540,-12.852,-8.722,7.916,4.002,15.384
1925,Santa Rosa,-3.660,-0.120,0.600,3.440,9.200,12.120,18.680,15.580,10.600,4.840,0.140,-1.760,71.800,86.800,102.400,89.400,44.800,93.800,36.000,28.400,25.200,137.600,121.400,164.400,6.994,7.746,8.758,6.164,-2.534,0.310,-10.430,-7.358,-4.862,10.244,11.078,15.830
1926,Santa Rosa,-4.980,-0.460,1.100,5.140,7.840,14.940,17.780,17.540,9.480,6.620,2.980,-4.340,48.600,91.400,17.200,100.200,43.600,11.600,22.200,5.000,4.200,12.800,177.600,48.800,4.808,8.304,-0.190,6.238,-1.888,-11.088,-12.030,-12.086,-6.890,-3.710,15.792,4.798
1927,Santa Rosa,-2.520,-2.260,-0.980,1.540,5.340,12.320,17.340,15.520,10.160,6.600,2.940,-5.860,46.000,168.200,79.600,51.000,58.000,43.200,5.800,8.000,14.200,69.600,153.000,53.600,4.196,16.440,7.124,3.250,2.100,-5.098,-13.672,-10.228,-4.942,2.188,13.778,5.356
1928,Santa Rosa,-3.500,-2.660,1.360,1.380,9.860,11.060,17.340,15.980,12.560,5.800,0.040,-5.120,44.000,39.200,123.400,49.400,11.600,8.800,5.800,3.200,4.000,29.200,91.600,44.600,4.156,3.490,10.756,3.154,-6.976,-7.578,-13.666,-11.922,-10.218,-1.138,8.196,4.412
1929,Santa Rosa,-6.480,-6.160,-1.000,0.180,6.880,11.000,17.840,19.180,9.980,6.160,-1.080,0.960,87.200,50.200,70.000,70.000,6.200,33.400,4.200,8.800,6.600,11.400,17.600,69.200,8.698,5.006,6.090,5.680,-4.748,-5.464,-14.402,-13.598,-7.914,-4.214,0.610,5.342
1930,Santa Rosa,-10.760,-0.720,-0.180,4.940,5.220,12.120,18.400,17.820,11.140,5.100,-1.140,-5.780,137.000,77.600,52.400,65.400,122.600,16.000,2.600,16.400,24.600,26.200,143.200,23.400,13.694,6.934,4.152,2.828,8.774,-8.542,-14.224,-10.030,-5.580,-1.062,13.358,2.318
1931,Santa Rosa,-3.840,-1.260,0.160,3.640,8.760,13.480,19.760,18.680,11.480,7.020,-3.180,-5.380,29.400,43.800,48.600,12.600,17.200,41.400,4.600,4.400,9.200,18.600,61.200,132.800,2.720,3.610,3.520,-2.046,-5.626,-5.996,-15.276,-13.376,-7.088,-3.172,5.790,13.248
1932,Santa Rosa,-7.940,-7.900,-0.720,2.640,7.000,12.220,16.240,16.200,13.300,5.240,2.340,-8.640,117.200,77.400,97.000,68.600,110.400,51.600,14.200,9.000,4.200,15.400,28.000,76.400,11.710,7.744,8.992,4.708,6.616,-3.688,-11.512,-10.988,-10.850,-2.222,0.600,7.650
1933,Santa Rosa,-7.280,-10.560,-0.940,0.960,3.760,13.420,18.860,16.980,11.940,8.660,0.800,0.260,101.600,44.200,38.400,32.400,38.800,2.200,5.000,3.800,12.600,66.200,16.000,55.800,10.134,4.410,2.984,1.546,1.324,-10.762,-15.074,-12.350,-8.448,-0.748,-0.192,4.312
1934,Santa Rosa,-0.620,0.820,4.160,6.640,10.420,11.480,18.320,18.780,11.520,7.740,2.380,-2.760,54.400,156.000,50.400,57.400,23.600,40.200,2.800,3.400,4.200,44.600,142.800,98.200,4.484,14.244,1.584,0.328,-6.164,-5.028,-15.114,-14.194,-8.894,-0.744,12.618,9.476
1935,Santa Rosa,-3.720,-2.640,-3.000,1.680,5.660,12.380,16.560,17.380,13.780,4.960,-2.660,-3.220,94.200,60.000,73.800,182.600,100.000,3.000,3.800,3.200,2.000,36.600,60.400,96.200,9.240,5.590,7.022,16.622,5.930,-9.534,-12.486,-13.282,-10.906,0.000,5.656,9.302
1936,Santa Rosa,-2.920,-3.180,-0.400,4.600,8.600,13.340,19.100,17.940,11.140,6.800,-1.920,-3.200,138.200,111.800,51.200,37.200,30.800,46.000,19.400,11.800,21.600,23.000,12.000,100.200,13.556,10.938,3.928,0.264,-3.760,-5.074,-12.514,-11.404,-6.744,-3.112,0.388,9.714
1937,Santa Rosa,-14.600,-6.680,-0.340,1.260,8.480,11.380,18.320,17.280,13.180,7.120,1.880,-1.160,90.600,171.800,62.800,47.000,25.800,25.800,12.000,3.600,10.600,31.400,115.800,107.200,9.046,17.176,5.300,3.128,-4.344,-6.012,-12.834,-13.620,-9.374,-2.176,10.090,10.064
1938,Santa Rosa,-2.600,-2.780,-2.200,2.660,6.140,11.820,16.740,16.680,14.380,6.040,-2.960,-1.700,85.800,187.000,120.400,117.800,75.200,68.000,28.800,6.600,10.600,104.800,74.000,24.800,8.212,18.398,11.590,9.634,3.486,-1.782,-9.416,-11.228,-10.016,7.122,7.048,1.780
1939,Santa Rosa,-3.280,-7.060,0.400,4.940,8.620,10.740,17.980,18.800,12.780,6.440,1.860,1.220,60.000,73.800,48.600,22.200,40.600,14.400,6.800,4.800,23.400,92.400,38.800,79.200,5.706,7.380,3.490,-1.914,-2.592,-7.546,-13.634,-14.252,-7.418,5.218,1.570,6.386
1940,Santa Rosa,-2.100,-0.960,1.240,3.440,9.500,14.700,17.420,18.720,12.060,7.540,-1.380,-1.000,138.600,71.400,89.000,66.000,8.000,19.000,4.800,4.800,73.400,95.800,62.200,79.200,13.398,6.496,7.184,3.940,-7.428,-10.278,-14.222,-14.878,-0.514,4.608,5.604,7.136
1941,Santa Rosa,-2.680,-0.560,0.700,2.140,7.800,10.640,17.640,16.280,9.120,5.320,1.720,-0.960,101.600,112.000,30.600,100.400,98.600,65.000,21.400,32.000,12.800,60.200,84.000,81.200,9.798,10.388,1.442,7.936,4.488,-1.270,-11.246,-7.004,-5.644,2.606,6.738,7.410
1942,Santa Rosa,-6.200,-4.760,-1.900,3.340,4.860,10.140,18.140,17.600,12.280,7.040,0.820,-1.000,98.800,74.000,28.800,73.400,86.600,27.800,2.600,5.200,3.000,17.600,197.400,177.400,9.864,7.340,2.190,4.664,5.380,-4.984,-15.280,-13.484,-10.254,-3.610,18.466,17.130
1943,Santa Rosa,-3.060,-0.480,0.220,5.640,6.140,9.120,16.880,16.600,14.340,6.880,0.840,-2.760,160.000,60.400,65.000,54.000,36.000,56.600,4.600,2.000,1.000,37.600,25.600,26.400,15.654,5.080,5.310,1.178,-1.078,-1.068,-13.036,-12.286,-12.570,-0.794,1.058,2.188
1944,Santa Rosa,-7.260,-3.980,-2.600,1.300,7.160,9.020,16.360,15.900,12.620,8.560,-2.180,-3.180,96.200,160.800,53.800,86.200,34.600,85.600,9.000,3.400,15.000,12.600,186.200,59.400,9.598,15.928,4.844,6.980,-2.284,2.420,-12.142,-13.026,-9.138,-5.558,18.196,5.624
1945,Santa Rosa,-4.320,-1.560,-2.080,1.420,6.960,9.740,17.840,17.540,11.280,8.000,0.160,-3.020,111.600,141.400,127.000,55.000,88.400,77.400,14.000,5.400,16.200,69.000,117.000,148.800,11.046,13.586,12.132,3.376,4.244,0.382,-13.562,-12.500,-7.382,1.206,10.918,14.586
1946,Santa Rosa,-4.080,-2.880,0.220,4.700,6.240,11.560,17.520,17.640,11.380,2.980,-0.880,-0.480,49.000,35.400,136.200,30.400,53.000,9.400,18.800,7.800,15.800,123.600,168.200,87.200,4.752,3.098,12.372,-0.796,0.546,-9.022,-12.552,-13.130,-7.702,10.518,16.092,7.806
1947,Santa Rosa,-6.460,0.320,0.660,3.200,9.560,10.540,16.940,16.440,13.000,7.560,-2.060,-3.480,47.000,42.600,34.200,80.000,66.800,29.200,2.000,4.200,4.600,56.800,165.400,37.800,4.700,2.912,1.918,5.254,-1.508,-5.062,-14.284,-12.698,-10.166,0.668,16.114,3.542
1948,Santa Rosa,-1.180,-4.100,-3.080,1.280,7.020,11.780,16.320,16.340,12.200,6.460,-1.600,-5.840,55.000,53.400,104.800,61.800,52.200,76.200,2.000,3.400,19.600,22.400,61.200,114.200,4.548,5.150,10.102,4.458,-0.186,-0.952,-12.792,-12.446,-7.896,-2.776,5.460,11.406
1949,Santa Rosa,-15.080,-6.040,-0.380,5.340,8.020,12.140,17.060,17.140,13.320,3.580,4.100,-3.980,69.800,69.800,45.400,12.000,74.800,26.400,2.000,4.200,8.400,39.800,30.400,47.200,6.980,6.948,3.514,-3.536,1.848,-6.642,-13.788,-12.548,-9.990,1.274,-0.346,4.536
1950,Santa Rosa,-5.940,-1.360,-1.320,2.660,5.720,10.900,17.560,17.520,12.080,8.700,2.900,1.360,78.400,45.800,86.400,24.200,33.000,20.000,5.200,5.000,28.600,24.200,104.000,120.400,7.834,3.722,7.860,-0.164,-1.252,-6.994,-13.480,-12.980,-5.452,-3.990,8.386,10.744
1951,Santa Rosa,-4.040,-1.780,-2.300,4.480,7.260,11.300,17.780,16.660,13.280,3.940,-0.340,-5.540,92.000,118.800,59.800,58.800,44.000,4.600,3.800,8.200,2.000,70.200,48.400,137.000,9.034,11.318,5.372,2.080,-0.880,-9.406,-14.820,-11.702,-11.404,4.364,3.836,13.694
1952,Santa Rosa,-6.180,-3.660,-4.220,4.000,7.520,10.360,16.580,16.980,13.180,9.500,-3.440,-1.860,136.600,84.600,133.800,19.400,54.200,99.800,18.800,5.000,36.200,2.200,67.400,90.600,13.658,8.240,13.236,-1.422,-0.386,1.940,-10.950,-12.802,-7.286,-9.430,6.382,8.542
1953,Santa Rosa,1.300,-1.960,-0.340,1.400,3.400,9.400,17.900,16.220,14.440,6.740,2.440,-2.800,65.400,49.400,15.400,42.000,108.800,42.600,2.000,7.600,4.000,24.200,73.400,83.400,5.212,4.292,0.210,2.136,8.150,-3.114,-15.560,-11.500,-11.484,-2.554,5.452,7.952
1954,Santa Rosa,-2.200,0.740,-2.140,4.260,9.400,11.200,18.020,15.180,11.460,6.020,2.620,-4.260,47.000,44.200,107.400,34.200,6.600,19.800,2.800,3.400,3.200,13.800,52.800,70.600,4.166,2.744,10.100,-0.258,-8.046,-7.126,-14.372,-10.890,-9.828,-3.738,2.854,6.922
1955,Santa Rosa,-8.560,-6.460,-1.960,0.440,5.880,12.220,15.920,18.520,11.800,7.240,-1.200,-1.180,64.200,49.200,39.400,41.400,55.400,20.400,13.200,2.400,4.000,11.600,61.800,205.400,6.436,4.926,3.276,2.726,1.114,-7.820,-11.304,-15.488,-9.510,-4.582,5.406,19.956
1956,Santa Rosa,-1.380,-6.260,-0.240,3.100,7.920,11.820,17.500,15.680,12.980,5.200,-0.960,-3.120,177.600,32.600,23.000,80.600,93.200,7.800,21.800,2.000,10.200,83.400,12.200,69.400,17.208,3.240,1.026,5.276,3.970,-9.090,-11.728,-11.874,-10.290,5.014,0.184,6.516
1957,Santa Rosa,-8.640,-0.660,0.060,1.760,6.220,12.640,16.220,15.940,12.920,4.500,-2.500,-0.860,58.800,57.200,121.000,67.200,156.200,21.200,1.000,2.400,16.000,80.800,118.400,69.600,5.888,4.812,10.984,4.800,11.890,-7.778,-13.748,-12.596,-9.216,5.558,11.424,6.116
1958,Santa Rosa,-3.020,0.620,-3.320,1.000,10.500,11.820,16.340,19.340,12.400,7.520,0.840,1.080,68.800,161.600,92.600,85.600,13.000,96.800,4.600,20.600,3.600,12.800,66.200,41.200,6.536,15.070,8.984,7.068,-7.818,1.246,-12.182,-11.748,-8.956,-5.434,5.122,2.490
1959,Santa Rosa,-1.440,-3.640,-0.440,4.300,4.840,13.840,18.820,16.500,10.560,6.940,0.900,-4.380,66.800,86.600,26.600,14.000,55.600,26.800,3.200,10.600,55.800,14.400,6.600,49.200,6.032,8.448,1.382,-2.460,1.948,-8.590,-15.628,-11.456,-1.148,-3.308,-1.360,4.760
1960,Santa Rosa,-6.420,-4.340,1.320,3.080,6.360,14.140,19.080,15.920,13.520,6.240,0.500,-2.360,82.800,142.800,87.600,30.600,39.200,2.400,27.400,10.800,16.800,29.200,191.400,58.200,8.286,14.170,7.084,0.236,-0.982,-11.864,-13.418,-11.672,-9.336,-1.572,18.122,5.268
1961,Santa Rosa,-2.120,-0.540,-0.240,2.200,6.980,15.520,18.500,19.120,9.640,5.840,-1.200,-4.020,19.600,75.200,118.400,12.200,30.200,34.000,12.000,29.800,42.000,36.000,49.000,114.200,1.244,6.676,10.736,-1.252,-2.480,-8.728,-14.214,-10.128,-2.604,-0.312,4.096,11.274
1962,Santa Rosa,-7.640,-4.120,-2.540,5.140,6.040,12.080,15.980,15.980,13.280,7.320,1.780,-1.060,46.200,209.800,75.400,30.400,58.800,16.200,4.200,8.000,6.800,44.800,106.600,24.200,4.618,20.876,7.098,-1.202,2.040,-8.270,-12.710,-11.342,-10.088,-0.992,8.874,1.568
1963,Santa Rosa,-6.220,2.220,-1.140,-0.080,8.380,9.440,15.620,16.920,14.560,8.580,0.760,-2.380,87.600,89.200,47.400,65.400,94.800,106.000,2.000,3.400,26.200,42.200,117.200,33.400,8.776,7.066,3.848,5.364,3.724,4.224,-13.002,-12.262,-7.516,-1.230,10.608,2.850
1964,Santa Rosa,-4.920,-4.620,-2.640,1.080,6.000,10.100,17.540,16.040,10.980,8.640,-1.100,-1.340,86.800,15.400,51.200,86.400,49.600,76.600,8.600,11.000,16.600,30.000,109.400,228.000,8.624,1.430,4.612,6.922,0.514,0.846,-13.372,-11.090,-7.098,-4.124,10.228,22.240
1965,Santa Rosa,-2.500,-1.620,-1.480,3.220,4.760,10.340,16.380,15.280,8.920,8.600,1.580,-3.920,92.600,28.400,37.200,47.200,60.000,56.200,10.000,33.600,10.600,13.400,109.200,39.200,8.912,2.140,2.734,2.300,2.406,-2.188,-11.386,-6.902,-5.848,-6.128,9.374,3.714
1966,Santa Rosa,-3.800,-4.580,0.100,3.120,9.880,11.740,16.880,17.840,13.400,6.020,1.860,-2.580,32.600,59.800,37.400,16.200,21.400,12.800,0.000,2.800,13.800,4.000,134.000,124.000,3.048,5.890,2.306,-1.610,-6.698,-8.390,-14.032,-13.158,-8.768,-4.546,11.978,12.034
1967,Santa Rosa,-2.120,-0.800,-0.700,-1.260,7.080,10.620,18.040,19.500,14.460,6.700,1.580,-5.100,140.400,21.600,80.600,94.200,47.400,70.600,13.200,3.400,13.600,18.600,88.600,19.800,13.602,1.252,7.062,8.714,-0.994,-0.272,-13.466,-15.062,-9.148,-3.570,7.238,1.940
1968,Santa Rosa,-3.780,1.320,1.000,0.980,6.680,12.620,18.540,13.880,11.800,6.260,0.320,-3.820,36.400,100.400,18.400,26.400,44.000,33.600,3.000,56.400,3.000,27.400,197.000,118.000,3.382,8.608,0.086,0.780,-0.866,-6.508,-14.834,-2.528,-8.768,-1.930,18.924,11.610
1969,Santa Rosa,-2.580,-4.460,-1.880,3.460,9.480,11.220,17.140,17.940,13.420,2.840,0.380,-1.860,188.200,112.000,29.600,63.000,10.800,70.800,10.400,1.400,4.000,70.200,17.600,149.000,18.462,11.118,2.284,3.256,-6.946,-0.284,-12.536,-14.538,-10.086,4.956,0.314,14.350
1970,Santa Rosa,-2.200,0.480,-1.400,-1.240,7.040,12.320,17.460,18.060,9.520,3.880,1.320,-3.960,171.600,27.600,47.800,68.800,52.200,122.200,14.600,9.200,17.600,32.400,172.000,120.800,16.770,1.408,3.928,5.986,-0.070,3.482,-11.944,-13.630,-6.330,0.120,16.010,11.958
1971,Santa Rosa,-1.740,-1.580,-1.680,1.680,5.900,10.640,17.480,18.980,9.320,3.940,-0.500,-6.360,56.200,31.200,95.600,46.000,81.400,72.600,6.800,2.600,46.800,40.000,113.600,102.200,5.068,2.390,8.830,2.650,4.198,-0.760,-12.452,-13.684,-2.628,1.400,10.532,10.212
1972,Santa Rosa,-5.520,-1.620,2.800,1.580,8.500,13.240,16.900,17.660,9.940,5.360,-0.780,-6.880,60.200,61.600,52.000,26.600,16.800,46.000,1.200,1.400,22.800,71.200,149.400,102.600,5.994,5.502,2.718,0.732,-5.470,-4.900,-13.150,-12.448,-4.730,4.056,14.330,10.258
1973,Santa Rosa,-5.880,-1.840,-1.800,1.600,9.040,12.700,17.840,17.280,11.520,6.000,0.460,-0.640,124.200,32.800,62.200,101.800,51.600,11.000,9.600,17.200,27.200,27.000,138.600,104.200,12.428,2.702,5.576,8.292,-1.878,-8.976,-13.428,-10.726,-6.194,-1.642,13.086,9.690
1974,Santa Rosa,-4.640,-2.460,0.440,1.840,6.780,14.500,16.640,16.520,13.160,6.820,1.060,-3.220,52.600,40.400,106.000,66.800,6.200,1.000,24.200,15.000,3.600,81.200,34.400,106.200,5.170,3.524,9.316,4.646,-4.836,-12.486,-10.548,-11.380,-11.284,3.552,2.010,10.336
1975,Santa Rosa,-4.740,-3.160,-1.500,-1.340,5.620,11.020,18.420,15.260,13.260,5.800,-0.780,-0.540,73.000,98.600,130.200,41.000,18.000,37.000,13.600,37.000,10.800,108.400,52.000,25.800,7.242,9.600,12.374,3.390,-2.512,-4.960,-12.504,-6.756,-9.210,7.496,4.380,1.666
1976,Santa Rosa,-2.960,-0.820,-2.100,2.060,9.140,11.020,17.660,14.180,12.900,6.140,2.480,-3.000,40.200,88.600,42.200,46.600,22.000,40.800,26.000,72.000,73.200,15.400,18.600,9.800,3.632,7.986,3.518,2.464,-5.186,-4.792,-10.664,-1.670,-1.024,-3.030,-0.686,0.450
1977,Santa Rosa,-6.340,-1.160,-2.420,4.740,4.100,14.880,17.160,17.800,12.080,7.660,0.920,0.220,41.200,35.600,35.000,15.400,77.600,95.200,19.600,25.400,12.000,8.400,140.000,128.000,4.104,2.582,2.948,-2.774,5.134,-0.922,-10.940,-8.788,-7.602,-4.892,12.686,11.876
1978,Santa Rosa,-1.620,-1.160,2.860,1.960,5.460,11.220,16.660,16.280,10.460,8.100,-1.360,-6.100,109.000,85.600,122.000,138.200,23.600,16.200,8.400,6.000,62.200,1.400,70.600,35.800,10.424,7.924,9.954,12.154,-1.528,-7.550,-12.242,-11.150,-0.860,-6.776,6.346,3.560
1979,Santa Rosa,-7.660,-2.540,0.600,2.480,8.200,12.760,17.420,16.220,14.480,8.300,-2.000,-1.380,93.000,105.600,116.200,50.400,25.600,17.800,18.400,50.800,5.600,73.200,88.800,53.000,9.270,10.200,10.226,2.800,-3.682,-8.838,-11.502,-5.330,-10.790,2.094,8.316,4.514
1980,Santa Rosa,-3.620,0.300,-1.960,3.840,6.660,10.060,17.320,15.800,12.560,6.940,1.220,-0.560,138.400,95.800,60.800,28.800,104.400,22.600,7.000,6.000,45.000,26.000,66.200,41.400,13.662,8.544,5.470,-0.324,6.356,-5.802,-12.900,-11.266,-4.320,-2.504,5.114,3.040
1981,Santa Rosa,-1.120,-1.480,-0.220,4.340,6.440,13.080,16.960,18.840,13.800,4.280,2.040,0.040,58.800,52.000,111.000,26.600,96.000,12.800,10.200,2.400,17.400,83.600,191.200,187.600,5.068,4.436,9.886,-0.794,5.364,-8.928,-13.284,-14.690,-8.476,5.612,17.560,17.842
1982,Santa Rosa,-5.440,-3.760,-1.260,0.600,6.020,11.020,15.940,17.680,10.960,4.700,-2.380,-3.280,88.800,56.400,104.800,57.600,30.000,56.800,39.800,5.800,73.600,65.400,129.800,95.400,8.872,5.404,9.770,4.208,-1.646,-2.424,-7.018,-12.156,0.876,3.744,12.578,9.306
1983,Santa Rosa,-1.640,-0.940,0.100,0.120,6.160,10.500,14.820,17.240,12.220,7.220,0.520,-3.320,101.800,146.000,197.600,119.000,69.200,55.400,14.800,54.600,36.600,35.200,190.600,286.800,9.608,13.910,18.860,10.758,2.666,-2.064,-9.664,-4.790,-4.762,-1.144,18.206,28.496
1984,Santa Rosa,-6.900,-3.740,-0.100,0.840,7.440,9.920,17.720,17.880,11.480,3.280,-0.340,-5.660,30.800,91.800,125.000,96.800,72.600,66.000,19.600,16.400,14.600,95.400,176.200,42.600,3.076,8.968,11.456,8.322,2.108,-0.714,-11.134,-10.410,-7.744,7.536,16.864,4.248
1985,Santa Rosa,-7.140,-5.620,-2.300,4.580,7.620,13.660,19.200,15.760,8.820,4.940,-4.100,-4.700,25.600,64.400,70.400,37.200,27.000,3.600,18.000,5.800,50.800,26.600,175.200,74.600,2.552,6.408,6.480,-0.030,-3.264,-10.482,-12.496,-11.282,-0.554,-0.860,17.390,7.372
1986,Santa Rosa,0.240,0.440,3.040,2.440,7.120,14.620,15.780,18.980,8.600,6.420,0.620,-3.380,33.200,226.400,95.400,99.000,53.000,5.800,5.600,5.000,40.400,16.400,38.400,20.200,2.346,21.578,7.152,7.724,-0.132,-11.022,-11.300,-13.078,-1.398,-2.838,2.430,1.676
1987,Santa Rosa,-5.860,-2.280,-0.440,6.480,8.700,13.580,15.180,17.260,14.180,9.460,0.360,-4.040,67.800,92.200,83.400,35.000,130.600,28.600,7.800,6.800,2.000,35.200,77.000,89.600,6.756,8.714,7.360,-1.758,7.462,-7.072,-10.468,-12.052,-11.216,-3.766,6.702,8.804
1988,Santa Rosa,-5.820,-1.320,-0.400,4.200,6.800,14.040,19.060,17.880,11.660,9.980,-0.280,-3.520,91.800,19.200,32.800,80.600,37.000,23.600,7.800,9.200,11.000,5.000,213.200,73.600,9.170,1.038,2.024,4.816,-1.406,-8.124,-14.202,-12.490,-8.346,-8.142,20.694,7.158
1989,Santa Rosa,-5.560,-4.680,0.400,4.640,6.720,12.440,18.280,15.320,12.080,5.580,0.580,-1.860,66.200,68.400,157.000,35.400,38.800,11.800,2.000,10.200,45.800,45.400,85.200,20.600,6.588,6.796,14.768,0.114,-0.848,-9.160,-14.490,-9.960,-4.266,0.934,7.112,1.388
1990,Santa Rosa,-3.120,-5.140,0.900,5.900,5.780,12.620,17.940,17.020,15.160,6.240,-0.320,-9.120,67.800,74.800,46.400,101.800,77.000,15.000,9.600,24.400,10.600,13.000,35.000,59.800,6.430,7.422,2.994,5.990,3.840,-7.860,-12.428,-9.002,-9.858,-3.288,2.462,5.982
1991,Santa Rosa,-4.700,1.360,-1.400,1.020,4.280,10.040,18.140,17.940,13.900,7.400,0.320,-2.840,39.800,40.800,126.800,91.600,116.600,41.200,4.000,9.000,28.400,68.200,101.200,53.000,3.894,2.366,11.968,7.596,8.902,-3.706,-13.548,-11.718,-6.908,1.632,9.138,4.862
1992,Santa Rosa,-2.400,0.400,2.360,5.940,11.680,13.340,15.900,18.300,12.660,7.700,-2.140,-5.780,17.200,70.600,45.800,29.000,4.600,38.000,10.400,9.800,6.600,49.200,92.600,142.400,1.276,5.902,2.286,-1.792,-8.896,-5.850,-10.832,-12.102,-8.588,-0.128,8.790,14.216
1993,Santa Rosa,-7.860,-5.960,1.980,2.360,9.220,9.600,12.700,14.640,12.660,6.940,-2.680,-2.960,144.200,72.400,123.600,70.600,47.200,42.000,22.200,15.600,14.400,44.200,28.600,44.400,14.410,7.216,10.760,5.112,-1.856,-2.382,-7.032,-8.914,-7.926,0.356,2.382,4.090
1994,Santa Rosa,-1.760,-3.920,2.160,3.840,8.820,13.140,19.520,18.920,13.980,5.340,-4.660,-4.020,27.800,110.800,37.800,95.600,69.800,3.200,5.000,3.400,26.800,29.000,165.200,110.400,2.136,10.888,1.580,6.812,1.124,-10.044,-14.456,-13.796,-7.478,-0.578,16.442,10.894
1995,Santa Rosa,-1.520,2.280,-0.500,1.340,5.740,9.920,15.840,16.780,13.580,6.260,3.780,-1.140,143.000,34.000,168.600,107.200,120.000,61.200,16.400,2.600,9.800,9.000,45.600,192.200,13.796,1.438,15.944,9.130,8.690,-0.758,-10.146,-12.534,-8.930,-3.664,1.950,18.556
1996,Santa Rosa,-2.420,-1.960,0.660,3.240,6.460,12.780,18.940,17.920,11.440,5.840,1.220,-1.740,175.200,103.200,98.400,64.600,67.600,31.000,6.800,5.400,20.600,44.600,73.400,249.400,17.144,9.732,8.326,3.860,2.532,-6.816,-13.618,-12.920,-6.718,0.654,5.928,24.432
1997,Santa Rosa,-3.360,-2.980,1.560,1.440,9.960,11.520,16.020,17.780,13.340,5.740,1.600,-3.920,171.600,29.600,49.000,112.400,29.200,74.600,17.600,4.400,9.800,29.600,70.400,52.200,16.922,2.570,3.018,9.566,-4.870,-0.138,-9.950,-12.780,-8.466,-0.800,5.548,5.042
1998,Santa Rosa,-1.080,-2.720,-0.240,1.800,4.760,9.720,19.160,19.120,13.880,4.820,0.260,-4.860,154.000,163.000,138.200,109.200,158.400,64.600,15.400,2.400,79.800,50.600,112.400,52.000,14.748,15.946,12.736,9.172,13.028,-0.274,-12.712,-13.936,-0.188,1.994,10.362,5.144
1999,Santa Rosa,-2.360,-2.180,-0.480,0.880,6.080,11.680,16.940,16.940,13.040,7.980,3.540,-2.500,117.200,109.800,36.800,51.200,61.400,43.200,1.400,6.400,5.200,17.200,40.000,26.000,11.262,10.494,2.582,3.578,1.654,-4.514,-13.688,-11.262,-9.664,-4.824,1.488,2.066
2000,Santa Rosa,-2.540,-0.320,-0.080,5.380,8.140,13.960,17.620,18.540,11.860,5.540,-2.740,-1.780,142.600,179.000,86.600,62.600,49.800,5.000,2.000,13.000,23.600,102.000,29.200,75.200,13.834,17.090,7.424,2.278,-0.864,-10.606,-13.828,-12.186,-6.250,6.814,2.552,6.870
2001,Santa Rosa,-4.300,-3.780,1.900,1.840,10.580,12.580,17.080,19.340,14.320,8.000,1.260,-3.100,70.600,61.600,74.000,73.800,14.000,12.400,21.200,3.400,12.400,12.800,135.600,128.000,6.934,5.978,5.484,5.464,-7.246,-9.050,-10.508,-14.358,-9.590,-4.508,12.084,12.562
2002,Santa Rosa,-3.820,-1.780,-1.560,3.800,7.220,13.780,19.680,16.280,12.920,5.200,1.160,-1.100,98.600,69.800,72.200,49.200,34.400,32.200,4.200,3.600,21.200,12.000,81.800,89.600,9.654,6.322,6.446,1.960,-2.144,-6.992,-14.704,-11.514,-7.176,-2.686,6.658,8.280
2003,Santa Rosa,1.760,-3.120,1.160,1.200,8.200,14.320,20.340,18.440,13.660,9.200,-1.940,-1.500,62.800,33.200,79.200,99.800,84.800,4.800,17.400,20.600,13.400,10.800,111.400,166.800,4.728,2.992,6.314,8.478,2.716,-10.332,-14.162,-10.248,-8.512,-5.476,10.634,16.168
2004,Santa Rosa,-4.440,-3.480,3.960,4.600,7.360,13.320,18.780,17.180,12.060,5.800,-0.180,-1.400,114.400,107.200,29.800,39.800,50.200,21.000,11.600,29.200,16.400,96.400,81.200,72.800,11.352,10.456,-0.124,0.624,-0.236,-7.966,-12.334,-7.964,-6.648,6.442,7.262,6.672
2005,Santa Rosa,-4.060,-2.520,1.260,2.500,7.620,10.280,19.040,18.080,11.300,6.800,1.440,-1.620,104.200,48.200,103.800,99.600,101.800,22.600,5.600,3.600,17.400,47.800,149.000,222.400,10.274,4.416,8.780,7.870,5.474,-5.230,-13.732,-12.510,-7.074,0.532,13.416,21.720
2006,Santa Rosa,-1.460,-2.380,-2.100,3.100,8.900,14.360,20.060,16.840,12.680,5.740,0.300,-3.260,128.200,83.600,91.200,185.200,53.000,16.600,4.200,2.000,7.600,20.400,102.200,69.400,12.234,7.846,8.594,16.368,-1.296,-9.080,-14.416,-11.916,-8.338,-1.930,9.098,6.636
2007,Santa Rosa,-5.500,-1.080,3.240,3.780,9.260,13.840,20.680,18.440,11.880,5.440,1.700,-4.760,22.000,103.800,28.400,60.400,15.200,20.800,2.600,3.000,30.600,74.000,51.800,122.400,2.166,9.632,0.108,3.140,-5.788,-8.494,-15.330,-12.550,-5.474,4.158,3.490,12.178
2008,Santa Rosa,-5.820,-2.120,-0.860,1.180,7.240,12.420,18.420,18.220,13.660,6.840,3.300,-4.040,86.200,82.600,55.000,38.000,58.600,17.600,5.000,3.600,9.000,25.400,81.600,121.000,8.594,7.778,4.554,2.008,1.042,-7.656,-13.308,-12.082,-9.062,-2.052,6.046,11.920
2009,Santa Rosa,-1.420,-1.560,-0.440,2.460,9.800,11.540,18.400,17.020,15.600,4.280,0.920,-5.780,79.000,53.600,64.400,56.200,49.600,101.800,4.200,19.200,7.200,61.800,36.200,89.600,7.214,4.750,5.414,3.424,-2.202,2.938,-12.608,-9.212,-10.134,3.418,2.158,8.954
2010,Santa Rosa,-1.120,-1.060,0.060,1.820,3.500,11.840,17.640,16.480,13.240,8.000,-0.660,-0.800,112.400,50.800,85.000,104.600,89.200,30.000,8.200,13.800,28.200,125.000,107.800,206.000,10.672,4.366,7.298,8.598,6.534,-4.978,-12.268,-10.092,-7.004,8.064,10.052,19.948
